0 verbose cli /Users/gabrielmoore/.volta/tools/image/node/24.13.1/bin/node /Users/gabrielmoore/.volta/tools/image/node/24.13.1/bin/npm
1 info using npm@11.8.0
2 info using node@v24.13.1
3 silly config load:file:/Users/gabrielmoore/.volta/tools/image/node/24.13.1/lib/node_modules/npm/npmrc
4 warn Unknown env config "devdir". This will stop working in the next major version of npm.
5 silly config load:file:/Users/gabrielmoore/NFT MarketPlace Internship/gabriel-moore-internship/.npmrc
6 silly config load:file:/Users/gabrielmoore/.npmrc
7 silly config load:file:/Users/gabrielmoore/.volta/tools/image/node/24.13.1/etc/npmrc
8 verbose title npm install
9 verbose argv "install" "--cache" "/Users/gabrielmoore/NFT MarketPlace Internship/gabriel-moore-internship/.npm-cache"
10 verbose logfile logs-max:10 dir:/Users/gabrielmoore/NFT MarketPlace Internship/gabriel-moore-internship/.npm-cache/_logs/2026-05-26T08_11_10_353Z-
11 verbose logfile /Users/gabrielmoore/NFT MarketPlace Internship/gabriel-moore-internship/.npm-cache/_logs/2026-05-26T08_11_10_353Z-debug-0.log
12 silly logfile done cleaning log files
13 silly packumentCache heap:4496293888 maxSize:1124073472 maxEntrySize:562036736
14 silly idealTree buildDeps
15 silly reify moves {}
16 silly audit bulk request {
16 silly audit   '@ampproject/remapping': [ '2.1.2' ],
16 silly audit   '@babel/code-frame': [ '7.16.7' ],
16 silly audit   '@babel/compat-data': [ '7.17.0' ],
16 silly audit   '@babel/core': [ '7.17.5' ],
16 silly audit   semver: [ '6.3.0', '7.0.0', '7.3.5' ],
16 silly audit   '@babel/eslint-parser': [ '7.17.0' ],
16 silly audit   'eslint-scope': [ '5.1.1', '7.1.1' ],
16 silly audit   'eslint-visitor-keys': [ '2.1.0', '3.3.0' ],
16 silly audit   estraverse: [ '4.3.0', '5.3.0' ],
16 silly audit   '@babel/generator': [ '7.17.3' ],
16 silly audit   '@babel/helper-annotate-as-pure': [ '7.16.7' ],
16 silly audit   '@babel/helper-builder-binary-assignment-operator-visitor': [ '7.16.7' ],
16 silly audit   '@babel/helper-compilation-targets': [ '7.16.7' ],
16 silly audit   '@babel/helper-create-class-features-plugin': [ '7.17.6' ],
16 silly audit   '@babel/helper-create-regexp-features-plugin': [ '7.17.0' ],
16 silly audit   '@babel/helper-define-polyfill-provider': [ '0.3.1' ],
16 silly audit   '@babel/helper-environment-visitor': [ '7.16.7' ],
16 silly audit   '@babel/helper-explode-assignable-expression': [ '7.16.7' ],
16 silly audit   '@babel/helper-function-name': [ '7.16.7' ],
16 silly audit   '@babel/helper-get-function-arity': [ '7.16.7' ],
16 silly audit   '@babel/helper-hoist-variables': [ '7.16.7' ],
16 silly audit   '@babel/helper-member-expression-to-functions': [ '7.16.7' ],
16 silly audit   '@babel/helper-module-imports': [ '7.16.7' ],
16 silly audit   '@babel/helper-module-transforms': [ '7.17.6' ],
16 silly audit   '@babel/helper-optimise-call-expression': [ '7.16.7' ],
16 silly audit   '@babel/helper-plugin-utils': [ '7.16.7' ],
16 silly audit   '@babel/helper-remap-async-to-generator': [ '7.16.8' ],
16 silly audit   '@babel/helper-replace-supers': [ '7.16.7' ],
16 silly audit   '@babel/helper-simple-access': [ '7.16.7' ],
16 silly audit   '@babel/helper-skip-transparent-expression-wrappers': [ '7.16.0' ],
16 silly audit   '@babel/helper-split-export-declaration': [ '7.16.7' ],
16 silly audit   '@babel/helper-validator-identifier': [ '7.16.7' ],
16 silly audit   '@babel/helper-validator-option': [ '7.16.7' ],
16 silly audit   '@babel/helper-wrap-function': [ '7.16.8' ],
16 silly audit   '@babel/helpers': [ '7.17.2' ],
16 silly audit   '@babel/highlight': [ '7.16.10' ],
16 silly audit   '@babel/parser': [ '7.17.3' ],
16 silly audit   '@babel/plugin-bugfix-safari-id-destructuring-collision-in-function-expression': [ '7.16.7' ],
16 silly audit   '@babel/plugin-bugfix-v8-spread-parameters-in-optional-chaining': [ '7.16.7' ],
16 silly audit   '@babel/plugin-proposal-async-generator-functions': [ '7.16.8' ],
16 silly audit   '@babel/plugin-proposal-class-properties': [ '7.16.7' ],
16 silly audit   '@babel/plugin-proposal-class-static-block': [ '7.17.6' ],
16 silly audit   '@babel/plugin-proposal-decorators': [ '7.17.2' ],
16 silly audit   '@babel/plugin-proposal-dynamic-import': [ '7.16.7' ],
16 silly audit   '@babel/plugin-proposal-export-namespace-from': [ '7.16.7' ],
16 silly audit   '@babel/plugin-proposal-json-strings': [ '7.16.7' ],
16 silly audit   '@babel/plugin-proposal-logical-assignment-operators': [ '7.16.7' ],
16 silly audit   '@babel/plugin-proposal-nullish-coalescing-operator': [ '7.16.7' ],
16 silly audit   '@babel/plugin-proposal-numeric-separator': [ '7.16.7' ],
16 silly audit   '@babel/plugin-proposal-object-rest-spread': [ '7.17.3' ],
16 silly audit   '@babel/plugin-proposal-optional-catch-binding': [ '7.16.7' ],
16 silly audit   '@babel/plugin-proposal-optional-chaining': [ '7.16.7' ],
16 silly audit   '@babel/plugin-proposal-private-methods': [ '7.16.11' ],
16 silly audit   '@babel/plugin-proposal-private-property-in-object': [ '7.16.7' ],
16 silly audit   '@babel/plugin-proposal-unicode-property-regex': [ '7.16.7' ],
16 silly audit   '@babel/plugin-syntax-async-generators': [ '7.8.4' ],
16 silly audit   '@babel/plugin-syntax-bigint': [ '7.8.3' ],
16 silly audit   '@babel/plugin-syntax-class-properties': [ '7.12.13' ],
16 silly audit   '@babel/plugin-syntax-class-static-block': [ '7.14.5' ],
16 silly audit   '@babel/plugin-syntax-decorators': [ '7.17.0' ],
16 silly audit   '@babel/plugin-syntax-dynamic-import': [ '7.8.3' ],
16 silly audit   '@babel/plugin-syntax-export-namespace-from': [ '7.8.3' ],
16 silly audit   '@babel/plugin-syntax-flow': [ '7.16.7' ],
16 silly audit   '@babel/plugin-syntax-import-meta': [ '7.10.4' ],
16 silly audit   '@babel/plugin-syntax-json-strings': [ '7.8.3' ],
16 silly audit   '@babel/plugin-syntax-jsx': [ '7.16.7' ],
16 silly audit   '@babel/plugin-syntax-logical-assignment-operators': [ '7.10.4' ],
16 silly audit   '@babel/plugin-syntax-nullish-coalescing-operator': [ '7.8.3' ],
16 silly audit   '@babel/plugin-syntax-numeric-separator': [ '7.10.4' ],
16 silly audit   '@babel/plugin-syntax-object-rest-spread': [ '7.8.3' ],
16 silly audit   '@babel/plugin-syntax-optional-catch-binding': [ '7.8.3' ],
16 silly audit   '@babel/plugin-syntax-optional-chaining': [ '7.8.3' ],
16 silly audit   '@babel/plugin-syntax-private-property-in-object': [ '7.14.5' ],
16 silly audit   '@babel/plugin-syntax-top-level-await': [ '7.14.5' ],
16 silly audit   '@babel/plugin-syntax-typescript': [ '7.16.7' ],
16 silly audit   '@babel/plugin-transform-arrow-functions': [ '7.16.7' ],
16 silly audit   '@babel/plugin-transform-async-to-generator': [ '7.16.8' ],
16 silly audit   '@babel/plugin-transform-block-scoped-functions': [ '7.16.7' ],
16 silly audit   '@babel/plugin-transform-block-scoping': [ '7.16.7' ],
16 silly audit   '@babel/plugin-transform-classes': [ '7.16.7' ],
16 silly audit   '@babel/plugin-transform-computed-properties': [ '7.16.7' ],
16 silly audit   '@babel/plugin-transform-destructuring': [ '7.17.3' ],
16 silly audit   '@babel/plugin-transform-dotall-regex': [ '7.16.7' ],
16 silly audit   '@babel/plugin-transform-duplicate-keys': [ '7.16.7' ],
16 silly audit   '@babel/plugin-transform-exponentiation-operator': [ '7.16.7' ],
16 silly audit   '@babel/plugin-transform-flow-strip-types': [ '7.16.7' ],
16 silly audit   '@babel/plugin-transform-for-of': [ '7.16.7' ],
16 silly audit   '@babel/plugin-transform-function-name': [ '7.16.7' ],
16 silly audit   '@babel/plugin-transform-literals': [ '7.16.7' ],
16 silly audit   '@babel/plugin-transform-member-expression-literals': [ '7.16.7' ],
16 silly audit   '@babel/plugin-transform-modules-amd': [ '7.16.7' ],
16 silly audit   '@babel/plugin-transform-modules-commonjs': [ '7.16.8' ],
16 silly audit   '@babel/plugin-transform-modules-systemjs': [ '7.16.7' ],
16 silly audit   '@babel/plugin-transform-modules-umd': [ '7.16.7' ],
16 silly audit   '@babel/plugin-transform-named-capturing-groups-regex': [ '7.16.8' ],
16 silly audit   '@babel/plugin-transform-new-target': [ '7.16.7' ],
16 silly audit   '@babel/plugin-transform-object-super': [ '7.16.7' ],
16 silly audit   '@babel/plugin-transform-parameters': [ '7.16.7' ],
16 silly audit   '@babel/plugin-transform-property-literals': [ '7.16.7' ],
16 silly audit   '@babel/plugin-transform-react-constant-elements': [ '7.17.6' ],
16 silly audit   '@babel/plugin-transform-react-display-name': [ '7.16.7' ],
16 silly audit   '@babel/plugin-transform-react-jsx': [ '7.17.3' ],
16 silly audit   '@babel/plugin-transform-react-jsx-development': [ '7.16.7' ],
16 silly audit   '@babel/plugin-transform-react-pure-annotations': [ '7.16.7' ],
16 silly audit   '@babel/plugin-transform-regenerator': [ '7.16.7' ],
16 silly audit   '@babel/plugin-transform-reserved-words': [ '7.16.7' ],
16 silly audit   '@babel/plugin-transform-runtime': [ '7.17.0' ],
16 silly audit   '@babel/plugin-transform-shorthand-properties': [ '7.16.7' ],
16 silly audit   '@babel/plugin-transform-spread': [ '7.16.7' ],
16 silly audit   '@babel/plugin-transform-sticky-regex': [ '7.16.7' ],
16 silly audit   '@babel/plugin-transform-template-literals': [ '7.16.7' ],
16 silly audit   '@babel/plugin-transform-typeof-symbol': [ '7.16.7' ],
16 silly audit   '@babel/plugin-transform-typescript': [ '7.16.8' ],
16 silly audit   '@babel/plugin-transform-unicode-escapes': [ '7.16.7' ],
16 silly audit   '@babel/plugin-transform-unicode-regex': [ '7.16.7' ],
16 silly audit   '@babel/preset-env': [ '7.16.11' ],
16 silly audit   '@babel/preset-modules': [ '0.1.5' ],
16 silly audit   '@babel/preset-react': [ '7.16.7' ],
16 silly audit   '@babel/preset-typescript': [ '7.16.7' ],
16 silly audit   '@babel/runtime': [ '7.17.2' ],
16 silly audit   '@babel/runtime-corejs3': [ '7.17.2' ],
16 silly audit   '@babel/template': [ '7.16.7' ],
16 silly audit   '@babel/traverse': [ '7.17.3' ],
16 silly audit   '@babel/types': [ '7.17.0' ],
16 silly audit   '@bcoe/v8-coverage': [ '0.2.3' ],
16 silly audit   '@csstools/normalize.css': [ '12.0.0' ],
16 silly audit   '@csstools/postcss-color-function': [ '1.0.3' ],
16 silly audit   '@csstools/postcss-font-format-keywords': [ '1.0.0' ],
16 silly audit   '@csstools/postcss-hwb-function': [ '1.0.0' ],
16 silly audit   '@csstools/postcss-ic-unit': [ '1.0.0' ],
16 silly audit   '@csstools/postcss-is-pseudo-class': [ '2.0.1' ],
16 silly audit   '@csstools/postcss-normalize-display-values': [ '1.0.0' ],
16 silly audit   '@csstools/postcss-oklab-function': [ '1.0.2' ],
16 silly audit   '@csstools/postcss-progressive-custom-properties': [ '1.3.0' ],
16 silly audit   '@eslint/eslintrc': [ '1.2.0' ],
16 silly audit   argparse: [ '2.0.1', '1.0.10' ],
16 silly audit   globals: [ '13.12.1', '11.12.0' ],
16 silly audit   ignore: [ '4.0.6', '5.2.0' ],
16 silly audit   'js-yaml': [ '4.1.0', '3.14.1' ],
16 silly audit   'type-fest': [ '0.20.2', '0.16.0', '0.21.3' ],
16 silly audit   '@firebase/analytics': [ '0.7.11' ],
16 silly audit   '@firebase/analytics-compat': [ '0.1.12' ],
16 silly audit   '@firebase/analytics-types': [ '0.7.0' ],
16 silly audit   '@firebase/app': [ '0.7.27' ],
16 silly audit   '@firebase/app-check': [ '0.5.10' ],
16 silly audit   '@firebase/app-check-compat': [ '0.2.10' ],
16 silly audit   '@firebase/app-check-interop-types': [ '0.1.0' ],
16 silly audit   '@firebase/app-check-types': [ '0.4.0' ],
16 silly audit   '@firebase/app-compat': [ '0.1.28' ],
16 silly audit   '@firebase/app-types': [ '0.7.0' ],
16 silly audit   idb: [ '7.0.1', '6.1.5' ],
16 silly audit   '@firebase/auth': [ '0.20.4' ],
16 silly audit   '@firebase/auth-compat': [ '0.2.17' ],
16 silly audit   '@firebase/auth-interop-types': [ '0.1.6' ],
16 silly audit   '@firebase/auth-types': [ '0.11.0' ],
16 silly audit   '@firebase/component': [ '0.5.16' ],
16 silly audit   '@firebase/database': [ '0.13.2' ],
16 silly audit   '@firebase/database-compat': [ '0.2.2' ],
16 silly audit   '@firebase/database-types': [ '0.9.10' ],
16 silly audit   '@firebase/firestore': [ '3.4.11' ],
16 silly audit   '@firebase/firestore-compat': [ '0.1.20' ],
16 silly audit   '@firebase/firestore-types': [ '2.5.0' ],
16 silly audit   '@firebase/functions': [ '0.8.3' ],
16 silly audit   '@firebase/functions-compat': [ '0.2.3' ],
16 silly audit   '@firebase/functions-types': [ '0.5.0' ],
16 silly audit   '@firebase/installations': [ '0.5.11' ],
16 silly audit   '@firebase/logger': [ '0.3.3' ],
16 silly audit   '@firebase/messaging': [ '0.9.15' ],
16 silly audit   '@firebase/messaging-compat': [ '0.1.15' ],
16 silly audit   '@firebase/messaging-interop-types': [ '0.1.0' ],
16 silly audit   '@firebase/performance': [ '0.5.11' ],
16 silly audit   '@firebase/performance-compat': [ '0.1.11' ],
16 silly audit   '@firebase/performance-types': [ '0.1.0' ],
16 silly audit   '@firebase/polyfill': [ '0.3.36' ],
16 silly audit   'core-js': [ '3.6.5', '3.21.1' ],
16 silly audit   'whatwg-fetch': [ '2.0.4', '3.6.2' ],
16 silly audit   '@firebase/remote-config': [ '0.3.10' ],
16 silly audit   '@firebase/remote-config-compat': [ '0.1.11' ],
16 silly audit   '@firebase/remote-config-types': [ '0.2.0' ],
16 silly audit   '@firebase/storage': [ '0.9.8' ],
16 silly audit   '@firebase/storage-compat': [ '0.1.16' ],
16 silly audit   '@firebase/storage-types': [ '0.6.0' ],
16 silly audit   '@firebase/util': [ '1.6.2' ],
16 silly audit   '@firebase/webchannel-wrapper': [ '0.6.2' ],
16 silly audit   '@grpc/grpc-js': [ '1.6.7' ],
16 silly audit   '@grpc/proto-loader': [ '0.6.13' ],
16 silly audit   '@humanwhocodes/config-array': [ '0.9.5' ],
16 silly audit   '@humanwhocodes/object-schema': [ '1.2.1' ],
16 silly audit   '@istanbuljs/load-nyc-config': [ '1.1.0' ],
16 silly audit   camelcase: [ '5.3.1', '6.3.0' ],
16 silly audit   'find-up': [ '4.1.0', '2.1.0', '5.0.0', '3.0.0' ],
16 silly audit   'locate-path': [ '5.0.0', '2.0.0', '6.0.0', '3.0.0' ],
16 silly audit   'p-limit': [ '2.3.0', '1.3.0', '3.1.0' ],
16 silly audit   'p-locate': [ '4.1.0', '2.0.0', '5.0.0', '3.0.0' ],
16 silly audit   '@istanbuljs/schema': [ '0.1.3' ],
16 silly audit   '@jest/console': [ '27.5.1' ],
16 silly audit   'ansi-styles': [ '4.3.0', '3.2.1', '5.2.0' ],
16 silly audit   chalk: [ '4.1.2', '3.0.0', '2.4.2' ],
16 silly audit   'color-convert': [ '2.0.1', '1.9.3' ],
16 silly audit   'color-name': [ '1.1.4', '1.1.3' ],
16 silly audit   'has-flag': [ '4.0.0', '3.0.0' ],
16 silly audit   'supports-color': [ '7.2.0', '8.1.1', '5.5.0' ],
16 silly audit   '@jest/core': [ '27.5.1' ],
16 silly audit   '@jest/environment': [ '27.5.1' ],
16 silly audit   '@jest/fake-timers': [ '27.5.1' ],
16 silly audit   '@jest/globals': [ '27.5.1' ],
16 silly audit   '@jest/reporters': [ '27.5.1' ],
16 silly audit   'source-map': [ '0.6.1', '0.7.3', '0.5.7', '0.8.0-beta.0' ],
16 silly audit   '@jest/source-map': [ '27.5.1' ],
16 silly audit   '@jest/test-result': [ '27.5.1' ],
16 silly audit   '@jest/test-sequencer': [ '27.5.1' ],
16 silly audit   '@jest/transform': [ '27.5.1' ],
16 silly audit   '@jest/types': [ '27.5.1' ],
16 silly audit   '@jridgewell/resolve-uri': [ '3.0.5' ],
16 silly audit   '@jridgewell/sourcemap-codec': [ '1.4.11' ],
16 silly audit   '@jridgewell/trace-mapping': [ '0.3.4' ],
16 silly audit   '@nodelib/fs.scandir': [ '2.1.5' ],
16 silly audit   '@nodelib/fs.stat': [ '2.0.5' ],
16 silly audit   '@nodelib/fs.walk': [ '1.2.8' ],
16 silly audit   '@pmmmwh/react-refresh-webpack-plugin': [ '0.5.4' ],
16 silly audit   '@protobufjs/aspromise': [ '1.1.2' ],
16 silly audit   '@protobufjs/base64': [ '1.1.2' ],
16 silly audit   '@protobufjs/codegen': [ '2.0.4' ],
16 silly audit   '@protobufjs/eventemitter': [ '1.1.0' ],
16 silly audit   '@protobufjs/fetch': [ '1.1.0' ],
16 silly audit   '@protobufjs/float': [ '1.0.2' ],
16 silly audit   '@protobufjs/inquire': [ '1.1.0' ],
16 silly audit   '@protobufjs/path': [ '1.1.2' ],
16 silly audit   '@protobufjs/pool': [ '1.1.0' ],
16 silly audit   '@protobufjs/utf8': [ '1.1.0' ],
16 silly audit   '@rollup/plugin-babel': [ '5.3.1' ],
16 silly audit   '@rollup/plugin-node-resolve': [ '11.2.1' ],
16 silly audit   '@rollup/plugin-replace': [ '2.4.2' ],
16 silly audit   '@rollup/pluginutils': [ '3.1.0' ],
16 silly audit   '@types/estree': [ '0.0.39', '0.0.51' ],
16 silly audit   '@rushstack/eslint-patch': [ '1.1.0' ],
16 silly audit   '@sinonjs/commons': [ '1.8.3' ],
16 silly audit   '@sinonjs/fake-timers': [ '8.1.0' ],
16 silly audit   '@surma/rollup-plugin-off-main-thread': [ '2.2.3' ],
16 silly audit   '@svgr/babel-plugin-add-jsx-attribute': [ '5.4.0' ],
16 silly audit   '@svgr/babel-plugin-remove-jsx-attribute': [ '5.4.0' ],
16 silly audit   '@svgr/babel-plugin-remove-jsx-empty-expression': [ '5.0.1' ],
16 silly audit   '@svgr/babel-plugin-replace-jsx-attribute-value': [ '5.0.1' ],
16 silly audit   '@svgr/babel-plugin-svg-dynamic-title': [ '5.4.0' ],
16 silly audit   '@svgr/babel-plugin-svg-em-dimensions': [ '5.4.0' ],
16 silly audit   '@svgr/babel-plugin-transform-react-native-svg': [ '5.4.0' ],
16 silly audit   '@svgr/babel-plugin-transform-svg-component': [ '5.5.0' ],
16 silly audit   '@svgr/babel-preset': [ '5.5.0' ],
16 silly audit   '@svgr/core': [ '5.5.0' ],
16 silly audit   '@svgr/hast-util-to-babel-ast': [ '5.5.0' ],
16 silly audit   '@svgr/plugin-jsx': [ '5.5.0' ],
16 silly audit   '@svgr/plugin-svgo': [ '5.5.0' ],
16 silly audit   '@svgr/webpack': [ '5.5.0' ],
16 silly audit   '@testing-library/dom': [ '8.11.3' ],
16 silly audit   'aria-query': [ '5.0.0', '4.2.2' ],
16 silly audit   '@testing-library/jest-dom': [ '5.16.2' ],
16 silly audit   '@testing-library/react': [ '12.1.4' ],
16 silly audit   '@testing-library/user-event': [ '13.5.0' ],
16 silly audit   '@tootallnate/once': [ '1.1.2' ],
16 silly audit   '@trysound/sax': [ '0.2.0' ],
16 silly audit   '@types/aria-query': [ '4.2.2' ],
16 silly audit   '@types/babel__core': [ '7.1.18' ],
16 silly audit   '@types/babel__generator': [ '7.6.4' ],
16 silly audit   '@types/babel__template': [ '7.4.1' ],
16 silly audit   '@types/babel__traverse': [ '7.14.2' ],
16 silly audit   '@types/body-parser': [ '1.19.2' ],
16 silly audit   '@types/bonjour': [ '3.5.10' ],
16 silly audit   '@types/connect': [ '3.4.35' ],
16 silly audit   '@types/connect-history-api-fallback': [ '1.3.5' ],
16 silly audit   '@types/eslint': [ '7.29.0' ],
16 silly audit   '@types/eslint-scope': [ '3.7.3' ],
16 silly audit   '@types/express': [ '4.17.13' ],
16 silly audit   '@types/express-serve-static-core': [ '4.17.28' ],
16 silly audit   '@types/graceful-fs': [ '4.1.5' ],
16 silly audit   '@types/html-minifier-terser': [ '6.1.0' ],
16 silly audit   '@types/http-proxy': [ '1.17.8' ],
16 silly audit   '@types/istanbul-lib-coverage': [ '2.0.4' ],
16 silly audit   '@types/istanbul-lib-report': [ '3.0.0' ],
16 silly audit   '@types/istanbul-reports': [ '3.0.1' ],
16 silly audit   '@types/jest': [ '27.4.1' ],
16 silly audit   '@types/json-schema': [ '7.0.9' ],
16 silly audit   '@types/json5': [ '0.0.29' ],
16 silly audit   '@types/long': [ '4.0.2' ],
16 silly audit   '@types/mime': [ '1.3.2' ],
16 silly audit   '@types/node': [ '17.0.21' ],
16 silly audit   '@types/parse-json': [ '4.0.0' ],
16 silly audit   '@types/prettier': [ '2.4.4' ],
16 silly audit   '@types/prop-types': [ '15.7.4' ],
16 silly audit   '@types/q': [ '1.5.5' ],
16 silly audit   '@types/qs': [ '6.9.7' ],
16 silly audit   '@types/range-parser': [ '1.2.4' ],
16 silly audit   '@types/react': [ '17.0.40' ],
16 silly audit   '@types/react-dom': [ '17.0.13' ],
16 silly audit   '@types/resolve': [ '1.17.1' ],
16 silly audit   '@types/retry': [ '0.12.1' ],
16 silly audit   '@types/scheduler': [ '0.16.2' ],
16 silly audit   '@types/serve-index': [ '1.9.1' ],
16 silly audit   '@types/serve-static': [ '1.13.10' ],
16 silly audit   '@types/sockjs': [ '0.3.33' ],
16 silly audit   '@types/stack-utils': [ '2.0.1' ],
16 silly audit   '@types/testing-library__jest-dom': [ '5.14.3' ],
16 silly audit   '@types/trusted-types': [ '2.0.2' ],
16 silly audit   '@types/ws': [ '8.5.2' ],
16 silly audit   '@types/yargs': [ '16.0.4' ],
16 silly audit   '@types/yargs-parser': [ '21.0.0' ],
16 silly audit   '@typescript-eslint/eslint-plugin': [ '5.14.0' ],
16 silly audit   '@typescript-eslint/experimental-utils': [ '5.14.0' ],
16 silly audit   '@typescript-eslint/parser': [ '5.14.0' ],
16 silly audit   '@typescript-eslint/scope-manager': [ '5.14.0' ],
16 silly audit   '@typescript-eslint/type-utils': [ '5.14.0' ],
16 silly audit   '@typescript-eslint/types': [ '5.14.0' ],
16 silly audit   '@typescript-eslint/typescript-estree': [ '5.14.0' ],
16 silly audit   '@typescript-eslint/utils': [ '5.14.0' ],
16 silly audit   '@typescript-eslint/visitor-keys': [ '5.14.0' ],
16 silly audit   '@webassemblyjs/ast': [ '1.11.1' ],
16 silly audit   '@webassemblyjs/floating-point-hex-parser': [ '1.11.1' ],
16 silly audit   '@webassemblyjs/helper-api-error': [ '1.11.1' ],
16 silly audit   '@webassemblyjs/helper-buffer': [ '1.11.1' ],
16 silly audit   '@webassemblyjs/helper-numbers': [ '1.11.1' ],
16 silly audit   '@webassemblyjs/helper-wasm-bytecode': [ '1.11.1' ],
16 silly audit   '@webassemblyjs/helper-wasm-section': [ '1.11.1' ],
16 silly audit   '@webassemblyjs/ieee754': [ '1.11.1' ],
16 silly audit   '@webassemblyjs/leb128': [ '1.11.1' ],
16 silly audit   '@webassemblyjs/utf8': [ '1.11.1' ],
16 silly audit   '@webassemblyjs/wasm-edit': [ '1.11.1' ],
16 silly audit   '@webassemblyjs/wasm-gen': [ '1.11.1' ],
16 silly audit   '@webassemblyjs/wasm-opt': [ '1.11.1' ],
16 silly audit   '@webassemblyjs/wasm-parser': [ '1.11.1' ],
16 silly audit   '@webassemblyjs/wast-printer': [ '1.11.1' ],
16 silly audit   '@xtuc/ieee754': [ '1.2.0' ],
16 silly audit   '@xtuc/long': [ '4.2.2' ],
16 silly audit   abab: [ '2.0.5' ],
16 silly audit   accepts: [ '1.3.8' ],
16 silly audit   acorn: [ '8.7.0', '7.4.1' ],
16 silly audit   'acorn-globals': [ '6.0.0' ],
16 silly audit   'acorn-import-assertions': [ '1.8.0' ],
16 silly audit   'acorn-jsx': [ '5.3.2' ],
16 silly audit   'acorn-node': [ '1.8.2' ],
16 silly audit   'acorn-walk': [ '7.2.0' ],
16 silly audit   address: [ '1.1.2' ],
16 silly audit   'adjust-sourcemap-loader': [ '4.0.0' ],
16 silly audit   'agent-base': [ '6.0.2' ],
16 silly audit   'aggregate-error': [ '3.1.0' ],
16 silly audit   ajv: [ '6.12.6', '8.10.0' ],
16 silly audit   'ajv-formats': [ '2.1.1' ],
16 silly audit   'json-schema-traverse': [ '1.0.0', '0.4.1' ],
16 silly audit   'ajv-keywords': [ '3.5.2', '5.1.0' ],
16 silly audit   'ansi-escapes': [ '4.3.2' ],
16 silly audit   'ansi-html-community': [ '0.0.8' ],
16 silly audit   'ansi-regex': [ '5.0.1', '6.0.1' ],
16 silly audit   anymatch: [ '3.1.2' ],
16 silly audit   arg: [ '5.0.1' ],
16 silly audit   'array-flatten': [ '2.1.2', '1.1.1' ],
16 silly audit   'array-includes': [ '3.1.4' ],
16 silly audit   'array-union': [ '2.1.0' ],
16 silly audit   'array.prototype.flat': [ '1.2.5' ],
16 silly audit   'array.prototype.flatmap': [ '1.2.5' ],
16 silly audit   asap: [ '2.0.6' ],
16 silly audit   'ast-types-flow': [ '0.0.7' ],
16 silly audit   async: [ '2.6.3', '0.9.2' ],
16 silly audit   asynckit: [ '0.4.0' ],
16 silly audit   'at-least-node': [ '1.0.0' ],
16 silly audit   atob: [ '2.1.2' ],
16 silly audit   autoprefixer: [ '10.4.2' ],
16 silly audit   'axe-core': [ '4.4.1' ],
16 silly audit   'form-data': [ '3.0.1' ],
16 silly audit   'axobject-query': [ '2.2.0' ],
16 silly audit   'babel-jest': [ '27.5.1' ],
16 silly audit   'babel-loader': [ '8.2.3' ],
16 silly audit   json5: [ '1.0.1', '2.2.0' ],
16 silly audit   'loader-utils': [ '1.4.0', '2.0.2', '3.2.0' ],
16 silly audit   'schema-utils': [ '2.7.1', '4.0.0', '2.7.0', '3.1.1' ],
16 silly audit   'babel-plugin-dynamic-import-node': [ '2.3.3' ],
16 silly audit   'babel-plugin-istanbul': [ '6.1.1' ],
16 silly audit   'babel-plugin-jest-hoist': [ '27.5.1' ],
16 silly audit   'babel-plugin-macros': [ '3.1.0' ],
16 silly audit   'babel-plugin-named-asset-import': [ '0.3.8' ],
16 silly audit   'babel-plugin-polyfill-corejs2': [ '0.3.1' ],
16 silly audit   'babel-plugin-polyfill-corejs3': [ '0.5.2' ],
16 silly audit   'babel-plugin-polyfill-regenerator': [ '0.3.1' ],
16 silly audit   'babel-plugin-transform-react-remove-prop-types': [ '0.4.24' ],
16 silly audit   'babel-preset-current-node-syntax': [ '1.0.1' ],
16 silly audit   'babel-preset-jest': [ '27.5.1' ],
16 silly audit   'babel-preset-react-app': [ '10.0.1' ],
16 silly audit   'balanced-match': [ '1.0.2' ],
16 silly audit   batch: [ '0.6.1' ],
16 silly audit   bfj: [ '7.0.2' ],
16 silly audit   'big.js': [ '5.2.2' ],
16 silly audit   'binary-extensions': [ '2.2.0' ],
16 silly audit   bluebird: [ '3.7.2' ],
16 silly audit   'body-parser': [ '1.19.2' ],
16 silly audit   bytes: [ '3.1.2', '3.0.0' ],
16 silly audit   debug: [ '2.6.9', '4.3.3', '3.2.7' ],
16 silly audit   'iconv-lite': [ '0.4.24', '0.6.3' ],
16 silly audit   ms: [ '2.0.0', '2.1.2', '2.1.3' ],
16 silly audit   bonjour: [ '3.5.0' ],
16 silly audit   boolbase: [ '1.0.0' ],
16 silly audit   'brace-expansion': [ '1.1.11' ],
16 silly audit   braces: [ '3.0.2' ],
16 silly audit   'browser-process-hrtime': [ '1.0.0' ],
16 silly audit   browserslist: [ '4.20.0' ],
16 silly audit   bser: [ '2.1.1' ],
16 silly audit   'buffer-from': [ '1.1.2' ],
16 silly audit   'buffer-indexof': [ '1.1.1' ],
16 silly audit   'builtin-modules': [ '3.2.0' ],
16 silly audit   'call-bind': [ '1.0.2' ],
16 silly audit   callsites: [ '3.1.0' ],
16 silly audit   'camel-case': [ '4.1.2' ],
16 silly audit   'camelcase-css': [ '2.0.1' ],
16 silly audit   'caniuse-api': [ '3.0.0' ],
16 silly audit   'caniuse-lite': [ '1.0.30001314' ],
16 silly audit   'case-sensitive-paths-webpack-plugin': [ '2.4.0' ],
16 silly audit   'char-regex': [ '1.0.2', '2.0.1' ],
16 silly audit   charcodes: [ '0.2.0' ],
16 silly audit   'check-types': [ '11.1.2' ],
16 silly audit   chokidar: [ '3.5.3' ],
16 silly audit   'glob-parent': [ '5.1.2', '6.0.2' ],
16 silly audit   'chrome-trace-event': [ '1.0.3' ],
16 silly audit   'ci-info': [ '3.3.0' ],
16 silly audit   'cjs-module-lexer': [ '1.2.2' ],
16 silly audit   'clean-css': [ '5.2.4' ],
16 silly audit   'clean-stack': [ '2.2.0' ],
16 silly audit   cliui: [ '7.0.4' ],
16 silly audit   co: [ '4.6.0' ],
16 silly audit   coa: [ '2.0.2' ],
16 silly audit   'collect-v8-coverage': [ '1.0.1' ],
16 silly audit   colord: [ '2.9.2' ],
16 silly audit   colorette: [ '2.0.16' ],
16 silly audit   'combined-stream': [ '1.0.8' ],
16 silly audit   commander: [ '8.3.0', '7.2.0', '2.20.3' ],
16 silly audit   'common-path-prefix': [ '3.0.0' ],
16 silly audit   'common-tags': [ '1.8.2' ],
16 silly audit   commondir: [ '1.0.1' ],
16 silly audit   compressible: [ '2.0.18' ],
16 silly audit   compression: [ '1.7.4' ],
16 silly audit   'concat-map': [ '0.0.1' ],
16 silly audit   'confusing-browser-globals': [ '1.0.11' ],
16 silly audit   'connect-history-api-fallback': [ '1.6.0' ],
16 silly audit   'content-disposition': [ '0.5.4' ],
16 silly audit   'safe-buffer': [ '5.2.1', '5.1.2' ],
16 silly audit   'content-type': [ '1.0.4' ],
16 silly audit   'convert-source-map': [ '1.8.0' ],
16 silly audit   cookie: [ '0.4.2' ],
16 silly audit   'cookie-signature': [ '1.0.6' ],
16 silly audit   'core-js-compat': [ '3.21.1' ],
16 silly audit   'core-js-pure': [ '3.21.1' ],
16 silly audit   'core-util-is': [ '1.0.3' ],
16 silly audit   cosmiconfig: [ '7.0.1', '6.0.0' ],
16 silly audit   'cross-spawn': [ '7.0.3' ],
16 silly audit   'crypto-random-string': [ '2.0.0' ],
16 silly audit   css: [ '3.0.0' ],
16 silly audit   'css-blank-pseudo': [ '3.0.3' ],
16 silly audit   'css-declaration-sorter': [ '6.1.4' ],
16 silly audit   'css-has-pseudo': [ '3.0.4' ],
16 silly audit   'css-loader': [ '6.7.1' ],
16 silly audit   'css-minimizer-webpack-plugin': [ '3.4.1' ],
16 silly audit   'css-prefers-color-scheme': [ '6.0.3' ],
16 silly audit   'css-select': [ '4.2.1', '2.1.0' ],
16 silly audit   'css-select-base-adapter': [ '0.1.1' ],
16 silly audit   'css-tree': [ '1.0.0-alpha.37', '1.1.3' ],
16 silly audit   'css-what': [ '5.1.0', '3.4.2' ],
16 silly audit   'css.escape': [ '1.5.1' ],
16 silly audit   cssdb: [ '6.4.1' ],
16 silly audit   cssesc: [ '3.0.0' ],
16 silly audit   cssnano: [ '5.1.2' ],
16 silly audit   'cssnano-preset-default': [ '5.2.2' ],
16 silly audit   'cssnano-utils': [ '3.1.0' ],
16 silly audit   csso: [ '4.2.0' ],
16 silly audit   'mdn-data': [ '2.0.14', '2.0.4' ],
16 silly audit   cssom: [ '0.4.4', '0.3.8' ],
16 silly audit   cssstyle: [ '2.3.0' ],
16 silly audit   csstype: [ '3.0.11' ],
16 silly audit   'damerau-levenshtein': [ '1.0.8' ],
16 silly audit   'data-urls': [ '2.0.0' ],
16 silly audit   'decimal.js': [ '10.3.1' ],
16 silly audit   'decode-uri-component': [ '0.2.0' ],
16 silly audit   dedent: [ '0.7.0' ],
16 silly audit   'deep-equal': [ '1.1.1' ],
16 silly audit   'deep-is': [ '0.1.4' ],
16 silly audit   deepmerge: [ '4.2.2' ],
16 silly audit   'default-gateway': [ '6.0.3' ],
16 silly audit   'define-lazy-prop': [ '2.0.0' ],
16 silly audit   'define-properties': [ '1.1.3' ],
16 silly audit   defined: [ '1.0.0' ],
16 silly audit   del: [ '6.0.0' ],
16 silly audit   'delayed-stream': [ '1.0.0' ],
16 silly audit   depd: [ '1.1.2' ],
16 silly audit   destroy: [ '1.0.4' ],
16 silly audit   'detect-newline': [ '3.1.0' ],
16 silly audit   'detect-node': [ '2.1.0' ],
16 silly audit   'detect-port-alt': [ '1.1.6' ],
16 silly audit   detective: [ '5.2.0' ],
16 silly audit   didyoumean: [ '1.2.2' ],
16 silly audit   'diff-sequences': [ '27.5.1' ],
16 silly audit   'dir-glob': [ '3.0.1' ],
16 silly audit   dlv: [ '1.1.3' ],
16 silly audit   'dns-equal': [ '1.0.0' ],
16 silly audit   'dns-packet': [ '1.3.4' ],
16 silly audit   'dns-txt': [ '2.0.2' ],
16 silly audit   doctrine: [ '3.0.0', '2.1.0' ],
16 silly audit   'dom-accessibility-api': [ '0.5.13' ],
16 silly audit   'dom-converter': [ '0.2.0' ],
16 silly audit   'dom-serializer': [ '1.3.2', '0.2.2' ],
16 silly audit   domelementtype: [ '2.2.0', '1.3.1' ],
16 silly audit   domexception: [ '2.0.1' ],
16 silly audit   'webidl-conversions': [ '5.0.0', '3.0.1', '6.1.0', '4.0.2' ],
16 silly audit   domhandler: [ '4.3.0' ],
16 silly audit   domutils: [ '2.8.0', '1.7.0' ],
16 silly audit   'dot-case': [ '3.0.4' ],
16 silly audit   dotenv: [ '10.0.0' ],
16 silly audit   'dotenv-expand': [ '5.1.0' ],
16 silly audit   duplexer: [ '0.1.2' ],
16 silly audit   'ee-first': [ '1.1.1' ],
16 silly audit   ejs: [ '3.1.6' ],
16 silly audit   'electron-to-chromium': [ '1.4.81' ],
16 silly audit   emittery: [ '0.8.1' ],
16 silly audit   'emoji-regex': [ '9.2.2', '8.0.0' ],
16 silly audit   'emojis-list': [ '3.0.0' ],
16 silly audit   encodeurl: [ '1.0.2' ],
16 silly audit   'enhanced-resolve': [ '5.9.2' ],
16 silly audit   entities: [ '2.2.0' ],
16 silly audit   'error-ex': [ '1.3.2' ],
16 silly audit   'error-stack-parser': [ '2.0.7' ],
16 silly audit   'es-abstract': [ '1.19.1' ],
16 silly audit   'es-module-lexer': [ '0.9.3' ],
16 silly audit   'es-to-primitive': [ '1.2.1' ],
16 silly audit   escalade: [ '3.1.1' ],
16 silly audit   'escape-html': [ '1.0.3' ],
16 silly audit   'escape-string-regexp': [ '1.0.5', '4.0.0', '2.0.0' ],
16 silly audit   escodegen: [ '2.0.0' ],
16 silly audit   levn: [ '0.3.0', '0.4.1' ],
16 silly audit   optionator: [ '0.8.3', '0.9.1' ],
16 silly audit   'prelude-ls': [ '1.1.2', '1.2.1' ],
16 silly audit   'type-check': [ '0.3.2', '0.4.0' ],
16 silly audit   eslint: [ '8.10.0' ],
16 silly audit   'eslint-config-react-app': [ '7.0.0' ],
16 silly audit   'eslint-import-resolver-node': [ '0.3.6' ],
16 silly audit   'eslint-module-utils': [ '2.7.3' ],
16 silly audit   'p-try': [ '1.0.0', '2.2.0' ],
16 silly audit   'path-exists': [ '3.0.0', '4.0.0' ],
16 silly audit   'eslint-plugin-flowtype': [ '8.0.3' ],
16 silly audit   'eslint-plugin-import': [ '2.25.4' ],
16 silly audit   'eslint-plugin-jest': [ '25.7.0' ],
16 silly audit   'eslint-plugin-jsx-a11y': [ '6.5.1' ],
16 silly audit   'eslint-plugin-react': [ '7.29.3' ],
16 silly audit   'eslint-plugin-react-hooks': [ '4.3.0' ],
16 silly audit   resolve: [ '2.0.0-next.3', '1.22.0' ],
16 silly audit   'eslint-plugin-testing-library': [ '5.0.6' ],
16 silly audit   'eslint-utils': [ '3.0.0' ],
16 silly audit   'eslint-webpack-plugin': [ '3.1.1' ],
16 silly audit   espree: [ '9.3.1' ],
16 silly audit   esprima: [ '4.0.1' ],
16 silly audit   esquery: [ '1.4.0' ],
16 silly audit   esrecurse: [ '4.3.0' ],
16 silly audit   'estree-walker': [ '1.0.1' ],
16 silly audit   esutils: [ '2.0.3' ],
16 silly audit   etag: [ '1.8.1' ],
16 silly audit   eventemitter3: [ '4.0.7' ],
16 silly audit   events: [ '3.3.0' ],
16 silly audit   execa: [ '5.1.1' ],
16 silly audit   exit: [ '0.1.2' ],
16 silly audit   expect: [ '27.5.1' ],
16 silly audit   express: [ '4.17.3' ],
16 silly audit   'fast-deep-equal': [ '3.1.3' ],
16 silly audit   'fast-glob': [ '3.2.11' ],
16 silly audit   'fast-json-stable-stringify': [ '2.1.0' ],
16 silly audit   'fast-levenshtein': [ '2.0.6' ],
16 silly audit   fastq: [ '1.13.0' ],
16 silly audit   'faye-websocket': [ '0.11.4' ],
16 silly audit   'fb-watchman': [ '2.0.1' ],
16 silly audit   'file-entry-cache': [ '6.0.1' ],
16 silly audit   'file-loader': [ '6.2.0' ],
16 silly audit   filelist: [ '1.0.2' ],
16 silly audit   filesize: [ '8.0.7' ],
16 silly audit   'fill-range': [ '7.0.1' ],
16 silly audit   finalhandler: [ '1.1.2' ],
16 silly audit   'find-cache-dir': [ '3.3.2' ],
16 silly audit   firebase: [ '9.8.4' ],
16 silly audit   'flat-cache': [ '3.0.4' ],
16 silly audit   flatted: [ '3.2.5' ],
16 silly audit   'follow-redirects': [ '1.14.9' ],
16 silly audit   'fork-ts-checker-webpack-plugin': [ '6.5.0' ],
16 silly audit   'fs-extra': [ '9.1.0', '10.0.1' ],
16 silly audit   tapable: [ '1.1.3', '2.2.1' ],
16 silly audit   forwarded: [ '0.2.0' ],
16 silly audit   'fraction.js': [ '4.2.0' ],
16 silly audit   fresh: [ '0.5.2' ],
16 silly audit   'fs-monkey': [ '1.0.3' ],
16 silly audit   'fs.realpath': [ '1.0.0' ],
16 silly audit   fsevents: [ '2.3.2' ],
16 silly audit   'function-bind': [ '1.1.1' ],
16 silly audit   'functional-red-black-tree': [ '1.0.1' ],
16 silly audit   gensync: [ '1.0.0-beta.2' ],
16 silly audit   'get-caller-file': [ '2.0.5' ],
16 silly audit   'get-intrinsic': [ '1.1.1' ],
16 silly audit   'get-own-enumerable-property-symbols': [ '3.0.2' ],
16 silly audit   'get-package-type': [ '0.1.0' ],
16 silly audit   'get-stream': [ '6.0.1' ],
16 silly audit   'get-symbol-description': [ '1.0.0' ],
16 silly audit   glob: [ '7.2.0' ],
16 silly audit   'glob-to-regexp': [ '0.4.1' ],
16 silly audit   'global-modules': [ '2.0.0' ],
16 silly audit   'global-prefix': [ '3.0.0' ],
16 silly audit   which: [ '1.3.1', '2.0.2' ],
16 silly audit   globby: [ '11.1.0' ],
16 silly audit   'graceful-fs': [ '4.2.9' ],
16 silly audit   'gzip-size': [ '6.0.0' ],
16 silly audit   'handle-thing': [ '2.0.1' ],
16 silly audit   'harmony-reflect': [ '1.6.2' ],
16 silly audit   has: [ '1.0.3' ],
16 silly audit   'has-bigints': [ '1.0.1' ],
16 silly audit   'has-symbols': [ '1.0.3' ],
16 silly audit   'has-tostringtag': [ '1.0.0' ],
16 silly audit   he: [ '1.2.0' ],
16 silly audit   hoopy: [ '0.1.4' ],
16 silly audit   'hpack.js': [ '2.1.6' ],
16 silly audit   'readable-stream': [ '2.3.7', '3.6.0' ],
16 silly audit   string_decoder: [ '1.1.1', '1.3.0' ],
16 silly audit   'html-encoding-sniffer': [ '2.0.1' ],
16 silly audit   'html-entities': [ '2.3.2' ],
16 silly audit   'html-escaper': [ '2.0.2' ],
16 silly audit   'html-minifier-terser': [ '6.1.0' ],
16 silly audit   'html-webpack-plugin': [ '5.5.0' ],
16 silly audit   htmlparser2: [ '6.1.0' ],
16 silly audit   'http-deceiver': [ '1.2.7' ],
16 silly audit   'http-errors': [ '1.8.1', '1.6.3' ],
16 silly audit   'http-parser-js': [ '0.5.6' ],
16 silly audit   'http-proxy': [ '1.18.1' ],
16 silly audit   'http-proxy-agent': [ '4.0.1' ],
16 silly audit   'http-proxy-middleware': [ '2.0.3' ],
16 silly audit   'https-proxy-agent': [ '5.0.0' ],
16 silly audit   'human-signals': [ '2.1.0' ],
16 silly audit   'icss-utils': [ '5.1.0' ],
16 silly audit   'identity-obj-proxy': [ '3.0.0' ],
16 silly audit   immediate: [ '3.0.6' ],
16 silly audit   immer: [ '9.0.12' ],
16 silly audit   'import-fresh': [ '3.3.0' ],
16 silly audit   'resolve-from': [ '4.0.0', '5.0.0' ],
16 silly audit   'import-local': [ '3.1.0' ],
16 silly audit   imurmurhash: [ '0.1.4' ],
16 silly audit   'indent-string': [ '4.0.0' ],
16 silly audit   inflight: [ '1.0.6' ],
16 silly audit   inherits: [ '2.0.4', '2.0.3' ],
16 silly audit   ini: [ '1.3.8' ],
16 silly audit   'internal-slot': [ '1.0.3' ],
16 silly audit   ip: [ '1.1.5' ],
16 silly audit   'ipaddr.js': [ '2.0.1', '1.9.1' ],
16 silly audit   'is-arguments': [ '1.1.1' ],
16 silly audit   'is-arrayish': [ '0.2.1' ],
16 silly audit   'is-bigint': [ '1.0.4' ],
16 silly audit   'is-binary-path': [ '2.1.0' ],
16 silly audit   'is-boolean-object': [ '1.1.2' ],
16 silly audit   'is-callable': [ '1.2.4' ],
16 silly audit   'is-core-module': [ '2.8.1' ],
16 silly audit   'is-date-object': [ '1.0.5' ],
16 silly audit   'is-docker': [ '2.2.1' ],
16 silly audit   'is-extglob': [ '2.1.1' ],
16 silly audit   'is-fullwidth-code-point': [ '3.0.0' ],
16 silly audit   'is-generator-fn': [ '2.1.0' ],
16 silly audit   'is-glob': [ '4.0.3' ],
16 silly audit   'is-module': [ '1.0.0' ],
16 silly audit   'is-negative-zero': [ '2.0.2' ],
16 silly audit   'is-number': [ '7.0.0' ],
16 silly audit   'is-number-object': [ '1.0.6' ],
16 silly audit   'is-obj': [ '1.0.1' ],
16 silly audit   'is-path-cwd': [ '2.2.0' ],
16 silly audit   'is-path-inside': [ '3.0.3' ],
16 silly audit   'is-plain-obj': [ '3.0.0' ],
16 silly audit   'is-potential-custom-element-name': [ '1.0.1' ],
16 silly audit   'is-regex': [ '1.1.4' ],
16 silly audit   'is-regexp': [ '1.0.0' ],
16 silly audit   'is-root': [ '2.1.0' ],
16 silly audit   'is-shared-array-buffer': [ '1.0.1' ],
16 silly audit   'is-stream': [ '2.0.1' ],
16 silly audit   'is-string': [ '1.0.7' ],
16 silly audit   'is-symbol': [ '1.0.4' ],
16 silly audit   'is-typedarray': [ '1.0.0' ],
16 silly audit   'is-weakref': [ '1.0.2' ],
16 silly audit   'is-wsl': [ '2.2.0' ],
16 silly audit   isarray: [ '1.0.0' ],
16 silly audit   isexe: [ '2.0.0' ],
16 silly audit   'istanbul-lib-coverage': [ '3.2.0' ],
16 silly audit   'istanbul-lib-instrument': [ '5.1.0' ],
16 silly audit   'istanbul-lib-report': [ '3.0.0' ],
16 silly audit   'istanbul-lib-source-maps': [ '4.0.1' ],
16 silly audit   'istanbul-reports': [ '3.1.4' ],
16 silly audit   jake: [ '10.8.2' ],
16 silly audit   jest: [ '27.5.1' ],
16 silly audit   'jest-changed-files': [ '27.5.1' ],
16 silly audit   'jest-circus': [ '27.5.1' ],
16 silly audit   'jest-cli': [ '27.5.1' ],
16 silly audit   'jest-config': [ '27.5.1' ],
16 silly audit   'jest-diff': [ '27.5.1' ],
16 silly audit   'jest-docblock': [ '27.5.1' ],
16 silly audit   'jest-each': [ '27.5.1' ],
16 silly audit   'jest-environment-jsdom': [ '27.5.1' ],
16 silly audit   'jest-environment-node': [ '27.5.1' ],
16 silly audit   'jest-get-type': [ '27.5.1' ],
16 silly audit   'jest-haste-map': [ '27.5.1' ],
16 silly audit   'jest-jasmine2': [ '27.5.1' ],
16 silly audit   'jest-leak-detector': [ '27.5.1' ],
16 silly audit   'jest-matcher-utils': [ '27.5.1' ],
16 silly audit   'jest-message-util': [ '27.5.1' ],
16 silly audit   'jest-mock': [ '27.5.1' ],
16 silly audit   'jest-pnp-resolver': [ '1.2.2' ],
16 silly audit   'jest-regex-util': [ '27.5.1' ],
16 silly audit   'jest-resolve': [ '27.5.1' ],
16 silly audit   'jest-resolve-dependencies': [ '27.5.1' ],
16 silly audit   'jest-runner': [ '27.5.1' ],
16 silly audit   'jest-runtime': [ '27.5.1' ],
16 silly audit   'jest-serializer': [ '27.5.1' ],
16 silly audit   'jest-snapshot': [ '27.5.1' ],
16 silly audit   'jest-util': [ '27.5.1' ],
16 silly audit   'jest-validate': [ '27.5.1' ],
16 silly audit   'jest-watch-typeahead': [ '1.0.0' ],
16 silly audit   slash: [ '4.0.0', '3.0.0' ],
16 silly audit   'string-length': [ '5.0.1', '4.0.2' ],
16 silly audit   'strip-ansi': [ '7.0.1', '6.0.1' ],
16 silly audit   'jest-watcher': [ '27.5.1' ],
16 silly audit   'jest-worker': [ '27.5.1', '26.6.2' ],
16 silly audit   'js-tokens': [ '4.0.0' ],
16 silly audit   jsdom: [ '16.7.0' ],
16 silly audit   jsesc: [ '2.5.2', '0.5.0' ],
16 silly audit   'json-parse-better-errors': [ '1.0.2' ],
16 silly audit   'json-parse-even-better-errors': [ '2.3.1' ],
16 silly audit   'json-schema': [ '0.4.0' ],
16 silly audit   'json-stable-stringify-without-jsonify': [ '1.0.1' ],
16 silly audit   jsonfile: [ '6.1.0' ],
16 silly audit   jsonpointer: [ '5.0.0' ],
16 silly audit   'jsx-ast-utils': [ '3.2.1' ],
16 silly audit   jszip: [ '3.10.0' ],
16 silly audit   'kind-of': [ '6.0.3' ],
16 silly audit   kleur: [ '3.0.3' ],
16 silly audit   klona: [ '2.0.5' ],
16 silly audit   'language-subtag-registry': [ '0.3.21' ],
16 silly audit   'language-tags': [ '1.0.5' ],
16 silly audit   leven: [ '3.1.0' ],
16 silly audit   lie: [ '3.3.0' ],
16 silly audit   lilconfig: [ '2.0.4' ],
16 silly audit   'lines-and-columns': [ '1.2.4' ],
16 silly audit   'loader-runner': [ '4.2.0' ],
16 silly audit   lodash: [ '4.17.21' ],
16 silly audit   'lodash.camelcase': [ '4.3.0' ],
16 silly audit   'lodash.debounce': [ '4.0.8' ],
16 silly audit   'lodash.memoize': [ '4.1.2' ],
16 silly audit   'lodash.merge': [ '4.6.2' ],
16 silly audit   'lodash.sortby': [ '4.7.0' ],
16 silly audit   'lodash.uniq': [ '4.5.0' ],
16 silly audit   long: [ '4.0.0' ],
16 silly audit   'loose-envify': [ '1.4.0' ],
16 silly audit   'lower-case': [ '2.0.2' ],
16 silly audit   'lru-cache': [ '6.0.0' ],
16 silly audit   'lz-string': [ '1.4.4' ],
16 silly audit   'magic-string': [ '0.25.9' ],
16 silly audit   'make-dir': [ '3.1.0' ],
16 silly audit   makeerror: [ '1.0.12' ],
16 silly audit   'media-typer': [ '0.3.0' ],
16 silly audit   memfs: [ '3.4.1' ],
16 silly audit   'merge-descriptors': [ '1.0.1' ],
16 silly audit   'merge-stream': [ '2.0.0' ],
16 silly audit   merge2: [ '1.4.1' ],
16 silly audit   methods: [ '1.1.2' ],
16 silly audit   micromatch: [ '4.0.4' ],
16 silly audit   mime: [ '1.6.0' ],
16 silly audit   'mime-db': [ '1.51.0' ],
16 silly audit   'mime-types': [ '2.1.34' ],
16 silly audit   'mimic-fn': [ '2.1.0' ],
16 silly audit   'min-indent': [ '1.0.1' ],
16 silly audit   'mini-css-extract-plugin': [ '2.6.0' ],
16 silly audit   'minimalistic-assert': [ '1.0.1' ],
16 silly audit   minimatch: [ '3.1.2', '3.0.4' ],
16 silly audit   minimist: [ '1.2.5' ],
16 silly audit   mkdirp: [ '0.5.5' ],
16 silly audit   'multicast-dns': [ '6.2.3' ],
16 silly audit   'multicast-dns-service-types': [ '1.1.0' ],
16 silly audit   nanoid: [ '3.3.1' ],
16 silly audit   'natural-compare': [ '1.4.0' ],
16 silly audit   negotiator: [ '0.6.3' ],
16 silly audit   'neo-async': [ '2.6.2' ],
16 silly audit   'no-case': [ '3.0.4' ],
16 silly audit   'node-fetch': [ '2.6.7' ],
16 silly audit   tr46: [ '0.0.3', '2.1.0', '1.0.1' ],
16 silly audit   'whatwg-url': [ '5.0.0', '8.7.0', '7.1.0' ],
16 silly audit   'node-forge': [ '1.2.1' ],
16 silly audit   'node-int64': [ '0.4.0' ],
16 silly audit   'node-releases': [ '2.0.2' ],
16 silly audit   'normalize-path': [ '3.0.0' ],
16 silly audit   'normalize-range': [ '0.1.2' ],
16 silly audit   'normalize-url': [ '6.1.0' ],
16 silly audit   'npm-run-path': [ '4.0.1' ],
16 silly audit   'nth-check': [ '2.0.1', '1.0.2' ],
16 silly audit   nwsapi: [ '2.2.0' ],
16 silly audit   'object-assign': [ '4.1.1' ],
16 silly audit   'object-hash': [ '2.2.0' ],
16 silly audit   'object-inspect': [ '1.12.0' ],
16 silly audit   'object-is': [ '1.1.5' ],
16 silly audit   'object-keys': [ '1.1.1' ],
16 silly audit   'object.assign': [ '4.1.2' ],
16 silly audit   'object.entries': [ '1.1.5' ],
16 silly audit   'object.fromentries': [ '2.0.5' ],
16 silly audit   'object.getownpropertydescriptors': [ '2.1.3' ],
16 silly audit   'object.hasown': [ '1.1.0' ],
16 silly audit   'object.values': [ '1.1.5' ],
16 silly audit   obuf: [ '1.1.2' ],
16 silly audit   'on-finished': [ '2.3.0' ],
16 silly audit   'on-headers': [ '1.0.2' ],
16 silly audit   once: [ '1.4.0' ],
16 silly audit   onetime: [ '5.1.2' ],
16 silly audit   open: [ '8.4.0' ],
16 silly audit   'p-map': [ '4.0.0' ],
16 silly audit   'p-retry': [ '4.6.1' ],
16 silly audit   pako: [ '1.0.11' ],
16 silly audit   'param-case': [ '3.0.4' ],
16 silly audit   'parent-module': [ '1.0.1' ],
16 silly audit   'parse-json': [ '5.2.0' ],
16 silly audit   parse5: [ '6.0.1' ],
16 silly audit   parseurl: [ '1.3.3' ],
16 silly audit   'pascal-case': [ '3.1.2' ],
16 silly audit   'path-is-absolute': [ '1.0.1' ],
16 silly audit   'path-key': [ '3.1.1' ],
16 silly audit   'path-parse': [ '1.0.7' ],
16 silly audit   'path-to-regexp': [ '0.1.7' ],
16 silly audit   'path-type': [ '4.0.0' ],
16 silly audit   'performance-now': [ '2.1.0' ],
16 silly audit   picocolors: [ '1.0.0', '0.2.1' ],
16 silly audit   picomatch: [ '2.3.1' ],
16 silly audit   pirates: [ '4.0.5' ],
16 silly audit   'pkg-dir': [ '4.2.0' ],
16 silly audit   'pkg-up': [ '3.1.0' ],
16 silly audit   portfinder: [ '1.0.28' ],
16 silly audit   postcss: [ '8.4.8', '7.0.39' ],
16 silly audit   'postcss-attribute-case-insensitive': [ '5.0.0' ],
16 silly audit   'postcss-browser-comments': [ '4.0.0' ],
16 silly audit   'postcss-calc': [ '8.2.4' ],
16 silly audit   'postcss-color-functional-notation': [ '4.2.2' ],
16 silly audit   'postcss-color-hex-alpha': [ '8.0.3' ],
16 silly audit   'postcss-color-rebeccapurple': [ '7.0.2' ],
16 silly audit   'postcss-colormin': [ '5.3.0' ],
16 silly audit   'postcss-convert-values': [ '5.1.0' ],
16 silly audit   'postcss-custom-media': [ '8.0.0' ],
16 silly audit   'postcss-custom-properties': [ '12.1.4' ],
16 silly audit   'postcss-custom-selectors': [ '6.0.0' ],
16 silly audit   'postcss-dir-pseudo-class': [ '6.0.4' ],
16 silly audit   'postcss-discard-comments': [ '5.1.1' ],
16 silly audit   'postcss-discard-duplicates': [ '5.1.0' ],
16 silly audit   'postcss-discard-empty': [ '5.1.1' ],
16 silly audit   'postcss-discard-overridden': [ '5.1.0' ],
16 silly audit   'postcss-double-position-gradients': [ '3.1.1' ],
16 silly audit   'postcss-env-function': [ '4.0.5' ],
16 silly audit   'postcss-flexbugs-fixes': [ '5.0.2' ],
16 silly audit   'postcss-focus-visible': [ '6.0.4' ],
16 silly audit   'postcss-focus-within': [ '5.0.4' ],
16 silly audit   'postcss-font-variant': [ '5.0.0' ],
16 silly audit   'postcss-gap-properties': [ '3.0.3' ],
16 silly audit   'postcss-image-set-function': [ '4.0.6' ],
16 silly audit   'postcss-initial': [ '4.0.1' ],
16 silly audit   'postcss-js': [ '4.0.0' ],
16 silly audit   'postcss-lab-function': [ '4.1.2' ],
16 silly audit   'postcss-load-config': [ '3.1.3' ],
16 silly audit   'postcss-loader': [ '6.2.1' ],
16 silly audit   'postcss-logical': [ '5.0.4' ],
16 silly audit   'postcss-media-minmax': [ '5.0.0' ],
16 silly audit   'postcss-merge-longhand': [ '5.1.0' ],
16 silly audit   'postcss-merge-rules': [ '5.1.0' ],
16 silly audit   'postcss-minify-font-values': [ '5.1.0' ],
16 silly audit   'postcss-minify-gradients': [ '5.1.0' ],
16 silly audit   'postcss-minify-params': [ '5.1.1' ],
16 silly audit   'postcss-minify-selectors': [ '5.2.0' ],
16 silly audit   'postcss-modules-extract-imports': [ '3.0.0' ],
16 silly audit   'postcss-modules-local-by-default': [ '4.0.0' ],
16 silly audit   'postcss-modules-scope': [ '3.0.0' ],
16 silly audit   'postcss-modules-values': [ '4.0.0' ],
16 silly audit   'postcss-nested': [ '5.0.6' ],
16 silly audit   'postcss-nesting': [ '10.1.3' ],
16 silly audit   'postcss-normalize': [ '10.0.1' ],
16 silly audit   'postcss-normalize-charset': [ '5.1.0' ],
16 silly audit   'postcss-normalize-display-values': [ '5.1.0' ],
16 silly audit   'postcss-normalize-positions': [ '5.1.0' ],
16 silly audit   'postcss-normalize-repeat-style': [ '5.1.0' ],
16 silly audit   'postcss-normalize-string': [ '5.1.0' ],
16 silly audit   'postcss-normalize-timing-functions': [ '5.1.0' ],
16 silly audit   'postcss-normalize-unicode': [ '5.1.0' ],
16 silly audit   'postcss-normalize-url': [ '5.1.0' ],
16 silly audit   'postcss-normalize-whitespace': [ '5.1.1' ],
16 silly audit   'postcss-opacity-percentage': [ '1.1.2' ],
16 silly audit   'postcss-ordered-values': [ '5.1.0' ],
16 silly audit   'postcss-overflow-shorthand': [ '3.0.3' ],
16 silly audit   'postcss-page-break': [ '3.0.4' ],
16 silly audit   'postcss-place': [ '7.0.4' ],
16 silly audit   'postcss-preset-env': [ '7.4.2' ],
16 silly audit   'postcss-pseudo-class-any-link': [ '7.1.1' ],
16 silly audit   'postcss-reduce-initial': [ '5.1.0' ],
16 silly audit   'postcss-reduce-transforms': [ '5.1.0' ],
16 silly audit   'postcss-replace-overflow-wrap': [ '4.0.0' ],
16 silly audit   'postcss-selector-not': [ '5.0.0' ],
16 silly audit   'postcss-selector-parser': [ '6.0.9' ],
16 silly audit   'postcss-svgo': [ '5.1.0' ],
16 silly audit   svgo: [ '2.8.0', '1.3.2' ],
16 silly audit   'postcss-unique-selectors': [ '5.1.1' ],
16 silly audit   'postcss-value-parser': [ '4.2.0' ],
16 silly audit   'pretty-bytes': [ '5.6.0' ],
16 silly audit   'pretty-error': [ '4.0.0' ],
16 silly audit   'pretty-format': [ '27.5.1' ],
16 silly audit   'process-nextick-args': [ '2.0.1' ],
16 silly audit   promise: [ '8.1.0' ],
16 silly audit   'promise-polyfill': [ '8.1.3' ],
16 silly audit   prompts: [ '2.4.2' ],
16 silly audit   'prop-types': [ '15.8.1' ],
16 silly audit   'react-is': [ '16.13.1', '17.0.2' ],
16 silly audit   protobufjs: [ '6.11.3' ],
16 silly audit   'proxy-addr': [ '2.0.7' ],
16 silly audit   psl: [ '1.8.0' ],
16 silly audit   punycode: [ '2.1.1' ],
16 silly audit   q: [ '1.5.1' ],
16 silly audit   qs: [ '6.9.7' ],
16 silly audit   'queue-microtask': [ '1.2.3' ],
16 silly audit   'quick-lru': [ '5.1.1' ],
16 silly audit   raf: [ '3.4.1' ],
16 silly audit   randombytes: [ '2.1.0' ],
16 silly audit   'range-parser': [ '1.2.1' ],
16 silly audit   'raw-body': [ '2.4.3' ],
16 silly audit   react: [ '17.0.2' ],
16 silly audit   'react-app-polyfill': [ '3.0.0' ],
16 silly audit   'react-dev-utils': [ '12.0.0' ],
16 silly audit   'react-dom': [ '17.0.2' ],
16 silly audit   'react-error-overlay': [ '6.0.10' ],
16 silly audit   'react-icons': [ '4.3.1' ],
16 silly audit   scheduler: [ '0.20.2' ],
16 silly audit   'react-refresh': [ '0.11.0' ],
16 silly audit   'react-router': [ '6.2.2' ],
16 silly audit   'react-router-dom': [ '6.2.2' ],
16 silly audit   history: [ '5.3.0' ],
16 silly audit   'react-scripts': [ '5.0.0' ],
16 silly audit   readdirp: [ '3.6.0' ],
16 silly audit   'recursive-readdir': [ '2.2.2' ],
16 silly audit   redent: [ '3.0.0' ],
16 silly audit   regenerate: [ '1.4.2' ],
16 silly audit   'regenerate-unicode-properties': [ '10.0.1' ],
16 silly audit   'regenerator-runtime': [ '0.13.9' ],
16 silly audit   'regenerator-transform': [ '0.14.5' ],
16 silly audit   'regex-parser': [ '2.2.11' ],
16 silly audit   'regexp.prototype.flags': [ '1.4.1' ],
16 silly audit   regexpp: [ '3.2.0' ],
16 silly audit   'regexpu-core': [ '5.0.1' ],
16 silly audit   regjsgen: [ '0.6.0' ],
16 silly audit   regjsparser: [ '0.8.4' ],
16 silly audit   relateurl: [ '0.2.7' ],
16 silly audit   renderkid: [ '3.0.0' ],
16 silly audit   'require-directory': [ '2.1.1' ],
16 silly audit   'require-from-string': [ '2.0.2' ],
16 silly audit   'requires-port': [ '1.0.0' ],
16 silly audit   'resolve-cwd': [ '3.0.0' ],
16 silly audit   'resolve-url-loader': [ '4.0.0' ],
16 silly audit   'resolve.exports': [ '1.1.0' ],
16 silly audit   retry: [ '0.13.1' ],
16 silly audit   reusify: [ '1.0.4' ],
16 silly audit   rimraf: [ '3.0.2' ],
16 silly audit   rollup: [ '2.70.0' ],
16 silly audit   'rollup-plugin-terser': [ '7.0.2' ],
16 silly audit   'serialize-javascript': [ '4.0.0', '6.0.0' ],
16 silly audit   'run-parallel': [ '1.2.0' ],
16 silly audit   'safer-buffer': [ '2.1.2' ],
16 silly audit   'sanitize.css': [ '13.0.0' ],
16 silly audit   'sass-loader': [ '12.6.0' ],
16 silly audit   sax: [ '1.2.4' ],
16 silly audit   saxes: [ '5.0.1' ],
16 silly audit   'select-hose': [ '2.0.0' ],
16 silly audit   'selenium-webdriver': [ '4.1.2' ],
16 silly audit   selfsigned: [ '2.0.0' ],
16 silly audit   send: [ '0.17.2' ],
16 silly audit   'serve-index': [ '1.9.1' ],
16 silly audit   setprototypeof: [ '1.1.0', '1.2.0' ],
16 silly audit   'serve-static': [ '1.14.2' ],
16 silly audit   setimmediate: [ '1.0.5' ],
16 silly audit   'shebang-command': [ '2.0.0' ],
16 silly audit   'shebang-regex': [ '3.0.0' ],
16 silly audit   'shell-quote': [ '1.7.3' ],
16 silly audit   'side-channel': [ '1.0.4' ],
16 silly audit   'signal-exit': [ '3.0.7' ],
16 silly audit   sisteransi: [ '1.0.5' ],
16 silly audit   sockjs: [ '0.3.24' ],
16 silly audit   'source-list-map': [ '2.0.1' ],
16 silly audit   'source-map-js': [ '1.0.2' ],
16 silly audit   'source-map-loader': [ '3.0.1' ],
16 silly audit   'source-map-resolve': [ '0.6.0' ],
16 silly audit   'source-map-support': [ '0.5.21' ],
16 silly audit   'sourcemap-codec': [ '1.4.8' ],
16 silly audit   spdy: [ '4.0.2' ],
16 silly audit   'spdy-transport': [ '3.0.0' ],
16 silly audit   'sprintf-js': [ '1.0.3' ],
16 silly audit   stable: [ '0.1.8' ],
16 silly audit   'stack-utils': [ '2.0.5' ],
16 silly audit   stackframe: [ '1.2.1' ],
16 silly audit   statuses: [ '1.5.0' ],
16 silly audit   'string-natural-compare': [ '3.0.1' ],
16 silly audit   'string-width': [ '4.2.3' ],
16 silly audit   'string.prototype.matchall': [ '4.0.6' ],
16 silly audit   'string.prototype.trimend': [ '1.0.4' ],
16 silly audit   'string.prototype.trimstart': [ '1.0.4' ],
16 silly audit   'stringify-object': [ '3.3.0' ],
16 silly audit   'strip-bom': [ '4.0.0', '3.0.0' ],
16 silly audit   'strip-comments': [ '2.0.1' ],
16 silly audit   'strip-final-newline': [ '2.0.0' ],
16 silly audit   'strip-indent': [ '3.0.0' ],
16 silly audit   'strip-json-comments': [ '3.1.1' ],
16 silly audit   'style-loader': [ '3.3.1' ],
16 silly audit   stylehacks: [ '5.1.0' ],
16 silly audit   'supports-hyperlinks': [ '2.2.0' ],
16 silly audit   'supports-preserve-symlinks-flag': [ '1.0.0' ],
16 silly audit   'svg-parser': [ '2.0.4' ],
16 silly audit   'symbol-tree': [ '3.2.4' ],
16 silly audit   tailwindcss: [ '3.0.23' ],
16 silly audit   'temp-dir': [ '2.0.0' ],
16 silly audit   tempy: [ '0.6.0' ],
16 silly audit   'terminal-link': [ '2.1.1' ],
16 silly audit   terser: [ '5.12.0' ],
16 silly audit   'terser-webpack-plugin': [ '5.3.1' ],
16 silly audit   'test-exclude': [ '6.0.0' ],
16 silly audit   'text-table': [ '0.2.0' ],
16 silly audit   throat: [ '6.0.1' ],
16 silly audit   thunky: [ '1.1.0' ],
16 silly audit   timsort: [ '0.3.0' ],
16 silly audit   tmp: [ '0.2.1' ],
16 silly audit   tmpl: [ '1.0.5' ],
16 silly audit   'to-fast-properties': [ '2.0.0' ],
16 silly audit   'to-regex-range': [ '5.0.1' ],
16 silly audit   toidentifier: [ '1.0.1' ],
16 silly audit   'tough-cookie': [ '4.0.0' ],
16 silly audit   universalify: [ '0.1.2', '2.0.0' ],
16 silly audit   tryer: [ '1.0.1' ],
16 silly audit   'tsconfig-paths': [ '3.13.0' ],
16 silly audit   tslib: [ '2.3.1', '1.14.1' ],
16 silly audit   tsutils: [ '3.21.0' ],
16 silly audit   'type-detect': [ '4.0.8' ],
16 silly audit   'type-is': [ '1.6.18' ],
16 silly audit   'typedarray-to-buffer': [ '3.1.5' ],
16 silly audit   typescript: [ '4.6.2' ],
16 silly audit   'unbox-primitive': [ '1.0.1' ],
16 silly audit   'unicode-canonical-property-names-ecmascript': [ '2.0.0' ],
16 silly audit   'unicode-match-property-ecmascript': [ '2.0.0' ],
16 silly audit   'unicode-match-property-value-ecmascript': [ '2.0.0' ],
16 silly audit   'unicode-property-aliases-ecmascript': [ '2.0.0' ],
16 silly audit   'unique-string': [ '2.0.0' ],
16 silly audit   unpipe: [ '1.0.0' ],
16 silly audit   unquote: [ '1.1.1' ],
16 silly audit   upath: [ '1.2.0' ],
16 silly audit   'uri-js': [ '4.4.1' ],
16 silly audit   'util-deprecate': [ '1.0.2' ],
16 silly audit   'util.promisify': [ '1.0.1' ],
16 silly audit   utila: [ '0.4.0' ],
16 silly audit   'utils-merge': [ '1.0.1' ],
16 silly audit   uuid: [ '8.3.2' ],
16 silly audit   'v8-compile-cache': [ '2.3.0' ],
16 silly audit   'v8-to-istanbul': [ '8.1.1' ],
16 silly audit   vary: [ '1.1.2' ],
16 silly audit   'w3c-hr-time': [ '1.0.2' ],
16 silly audit   'w3c-xmlserializer': [ '2.0.0' ],
16 silly audit   walker: [ '1.0.8' ],
16 silly audit   watchpack: [ '2.3.1' ],
16 silly audit   wbuf: [ '1.7.3' ],
16 silly audit   'web-vitals': [ '2.1.4' ],
16 silly audit   webpack: [ '5.70.0' ],
16 silly audit   'webpack-dev-middleware': [ '5.3.1' ],
16 silly audit   'webpack-dev-server': [ '4.7.4' ],
16 silly audit   ws: [ '8.5.0', '7.5.7' ],
16 silly audit   'webpack-manifest-plugin': [ '4.1.1' ],
16 silly audit   'webpack-sources': [ '2.3.1', '3.2.3', '1.4.3' ],
16 silly audit   'websocket-driver': [ '0.7.4' ],
16 silly audit   'websocket-extensions': [ '0.1.4' ],
16 silly audit   'whatwg-encoding': [ '1.0.5' ],
16 silly audit   'whatwg-mimetype': [ '2.3.0' ],
16 silly audit   'which-boxed-primitive': [ '1.0.2' ],
16 silly audit   'word-wrap': [ '1.2.3' ],
16 silly audit   'workbox-background-sync': [ '6.5.1' ],
16 silly audit   'workbox-broadcast-update': [ '6.5.1' ],
16 silly audit   'workbox-build': [ '6.5.1' ],
16 silly audit   '@apideck/better-ajv-errors': [ '0.3.3' ],
16 silly audit   'workbox-cacheable-response': [ '6.5.1' ],
16 silly audit   'workbox-core': [ '6.5.1' ],
16 silly audit   'workbox-expiration': [ '6.5.1' ],
16 silly audit   'workbox-google-analytics': [ '6.5.1' ],
16 silly audit   'workbox-navigation-preload': [ '6.5.1' ],
16 silly audit   'workbox-precaching': [ '6.5.1' ],
16 silly audit   'workbox-range-requests': [ '6.5.1' ],
16 silly audit   'workbox-recipes': [ '6.5.1' ],
16 silly audit   'workbox-routing': [ '6.5.1' ],
16 silly audit   'workbox-strategies': [ '6.5.1' ],
16 silly audit   'workbox-streams': [ '6.5.1' ],
16 silly audit   'workbox-sw': [ '6.5.1' ],
16 silly audit   'workbox-webpack-plugin': [ '6.5.1' ],
16 silly audit   'workbox-window': [ '6.5.1' ],
16 silly audit   'wrap-ansi': [ '7.0.0' ],
16 silly audit   wrappy: [ '1.0.2' ],
16 silly audit   'write-file-atomic': [ '3.0.3' ],
16 silly audit   'xml-name-validator': [ '3.0.0' ],
16 silly audit   xmlchars: [ '2.2.0' ],
16 silly audit   xtend: [ '4.0.2' ],
16 silly audit   y18n: [ '5.0.8' ],
16 silly audit   yallist: [ '4.0.0' ],
16 silly audit   yaml: [ '1.10.2' ],
16 silly audit   yargs: [ '16.2.0' ],
16 silly audit   'yargs-parser': [ '20.2.9' ],
16 silly audit   'yocto-queue': [ '0.1.0' ]
16 silly audit }
17 http cache yargs@https://registry.npmjs.org/yargs/-/yargs-16.2.0.tgz 1ms (cache hit)
18 http cache yargs-parser@https://registry.npmjs.org/yargs-parser/-/yargs-parser-20.2.9.tgz 0ms (cache hit)
19 http cache yocto-queue@https://registry.npmjs.org/yocto-queue/-/yocto-queue-0.1.0.tgz 0ms (cache hit)
20 http cache yallist@https://registry.npmjs.org/yallist/-/yallist-4.0.0.tgz 0ms (cache hit)
21 http cache xtend@https://registry.npmjs.org/xtend/-/xtend-4.0.2.tgz 0ms (cache hit)
22 http cache xmlchars@https://registry.npmjs.org/xmlchars/-/xmlchars-2.2.0.tgz 0ms (cache hit)
23 http cache yaml@https://registry.npmjs.org/yaml/-/yaml-1.10.2.tgz 0ms (cache hit)
24 http cache xml-name-validator@https://registry.npmjs.org/xml-name-validator/-/xml-name-validator-3.0.0.tgz 0ms (cache hit)
25 http cache ws@https://registry.npmjs.org/ws/-/ws-7.5.7.tgz 0ms (cache hit)
26 http cache write-file-atomic@https://registry.npmjs.org/write-file-atomic/-/write-file-atomic-3.0.3.tgz 0ms (cache hit)
27 http cache wrappy@https://registry.npmjs.org/wrappy/-/wrappy-1.0.2.tgz 0ms (cache hit)
28 http cache wrap-ansi@https://registry.npmjs.org/wrap-ansi/-/wrap-ansi-7.0.0.tgz 0ms (cache hit)
29 http cache workbox-window@https://registry.npmjs.org/workbox-window/-/workbox-window-6.5.1.tgz 0ms (cache hit)
30 http cache workbox-sw@https://registry.npmjs.org/workbox-sw/-/workbox-sw-6.5.1.tgz 0ms (cache hit)
31 http cache workbox-webpack-plugin@https://registry.npmjs.org/workbox-webpack-plugin/-/workbox-webpack-plugin-6.5.1.tgz 0ms (cache hit)
32 http cache workbox-streams@https://registry.npmjs.org/workbox-streams/-/workbox-streams-6.5.1.tgz 0ms (cache hit)
33 http cache workbox-strategies@https://registry.npmjs.org/workbox-strategies/-/workbox-strategies-6.5.1.tgz 0ms (cache hit)
34 http cache workbox-routing@https://registry.npmjs.org/workbox-routing/-/workbox-routing-6.5.1.tgz 0ms (cache hit)
35 http cache workbox-recipes@https://registry.npmjs.org/workbox-recipes/-/workbox-recipes-6.5.1.tgz 0ms (cache hit)
36 http cache y18n@https://registry.npmjs.org/y18n/-/y18n-5.0.8.tgz 0ms (cache hit)
37 http cache workbox-range-requests@https://registry.npmjs.org/workbox-range-requests/-/workbox-range-requests-6.5.1.tgz 0ms (cache hit)
38 http cache workbox-navigation-preload@https://registry.npmjs.org/workbox-navigation-preload/-/workbox-navigation-preload-6.5.1.tgz 0ms (cache hit)
39 http cache workbox-expiration@https://registry.npmjs.org/workbox-expiration/-/workbox-expiration-6.5.1.tgz 0ms (cache hit)
40 http cache workbox-core@https://registry.npmjs.org/workbox-core/-/workbox-core-6.5.1.tgz 0ms (cache hit)
41 http cache workbox-build@https://registry.npmjs.org/workbox-build/-/workbox-build-6.5.1.tgz 0ms (cache hit)
42 http cache workbox-cacheable-response@https://registry.npmjs.org/workbox-cacheable-response/-/workbox-cacheable-response-6.5.1.tgz 0ms (cache hit)
43 http cache workbox-precaching@https://registry.npmjs.org/workbox-precaching/-/workbox-precaching-6.5.1.tgz 0ms (cache hit)
44 http cache workbox-background-sync@https://registry.npmjs.org/workbox-background-sync/-/workbox-background-sync-6.5.1.tgz 0ms (cache hit)
45 http cache word-wrap@https://registry.npmjs.org/word-wrap/-/word-wrap-1.2.3.tgz 0ms (cache hit)
46 http cache workbox-broadcast-update@https://registry.npmjs.org/workbox-broadcast-update/-/workbox-broadcast-update-6.5.1.tgz 0ms (cache hit)
47 http cache workbox-google-analytics@https://registry.npmjs.org/workbox-google-analytics/-/workbox-google-analytics-6.5.1.tgz 0ms (cache hit)
48 http cache which-boxed-primitive@https://registry.npmjs.org/which-boxed-primitive/-/which-boxed-primitive-1.0.2.tgz 0ms (cache hit)
49 http cache whatwg-url@https://registry.npmjs.org/whatwg-url/-/whatwg-url-8.7.0.tgz 0ms (cache hit)
50 http cache whatwg-mimetype@https://registry.npmjs.org/whatwg-mimetype/-/whatwg-mimetype-2.3.0.tgz 0ms (cache hit)
51 http cache which@https://registry.npmjs.org/which/-/which-2.0.2.tgz 0ms (cache hit)
52 http cache whatwg-fetch@https://registry.npmjs.org/whatwg-fetch/-/whatwg-fetch-3.6.2.tgz 0ms (cache hit)
53 http cache websocket-extensions@https://registry.npmjs.org/websocket-extensions/-/websocket-extensions-0.1.4.tgz 0ms (cache hit)
54 http cache webpack-sources@https://registry.npmjs.org/webpack-sources/-/webpack-sources-3.2.3.tgz 0ms (cache hit)
55 http cache websocket-driver@https://registry.npmjs.org/websocket-driver/-/websocket-driver-0.7.4.tgz 0ms (cache hit)
56 http cache whatwg-encoding@https://registry.npmjs.org/whatwg-encoding/-/whatwg-encoding-1.0.5.tgz 0ms (cache hit)
57 http cache webpack-dev-middleware@https://registry.npmjs.org/webpack-dev-middleware/-/webpack-dev-middleware-5.3.1.tgz 0ms (cache hit)
58 http cache webpack-manifest-plugin@https://registry.npmjs.org/webpack-manifest-plugin/-/webpack-manifest-plugin-4.1.1.tgz 0ms (cache hit)
59 http cache webpack-dev-server@https://registry.npmjs.org/webpack-dev-server/-/webpack-dev-server-4.7.4.tgz 0ms (cache hit)
60 http cache webpack@https://registry.npmjs.org/webpack/-/webpack-5.70.0.tgz 0ms (cache hit)
61 http cache wbuf@https://registry.npmjs.org/wbuf/-/wbuf-1.7.3.tgz 0ms (cache hit)
62 http cache watchpack@https://registry.npmjs.org/watchpack/-/watchpack-2.3.1.tgz 0ms (cache hit)
63 http cache webidl-conversions@https://registry.npmjs.org/webidl-conversions/-/webidl-conversions-6.1.0.tgz 0ms (cache hit)
64 http cache walker@https://registry.npmjs.org/walker/-/walker-1.0.8.tgz 0ms (cache hit)
65 http cache w3c-xmlserializer@https://registry.npmjs.org/w3c-xmlserializer/-/w3c-xmlserializer-2.0.0.tgz 0ms (cache hit)
66 http cache w3c-hr-time@https://registry.npmjs.org/w3c-hr-time/-/w3c-hr-time-1.0.2.tgz 0ms (cache hit)
67 http cache v8-to-istanbul@https://registry.npmjs.org/v8-to-istanbul/-/v8-to-istanbul-8.1.1.tgz 0ms (cache hit)
68 http cache vary@https://registry.npmjs.org/vary/-/vary-1.1.2.tgz 0ms (cache hit)
69 http cache v8-compile-cache@https://registry.npmjs.org/v8-compile-cache/-/v8-compile-cache-2.3.0.tgz 0ms (cache hit)
70 http cache uuid@https://registry.npmjs.org/uuid/-/uuid-8.3.2.tgz 0ms (cache hit)
71 http cache utils-merge@https://registry.npmjs.org/utils-merge/-/utils-merge-1.0.1.tgz 0ms (cache hit)
72 http cache utila@https://registry.npmjs.org/utila/-/utila-0.4.0.tgz 0ms (cache hit)
73 http cache util.promisify@https://registry.npmjs.org/util.promisify/-/util.promisify-1.0.1.tgz 0ms (cache hit)
74 http cache util-deprecate@https://registry.npmjs.org/util-deprecate/-/util-deprecate-1.0.2.tgz 0ms (cache hit)
75 http cache upath@https://registry.npmjs.org/upath/-/upath-1.2.0.tgz 0ms (cache hit)
76 http cache uri-js@https://registry.npmjs.org/uri-js/-/uri-js-4.4.1.tgz 0ms (cache hit)
77 http cache unpipe@https://registry.npmjs.org/unpipe/-/unpipe-1.0.0.tgz 0ms (cache hit)
78 http cache universalify@https://registry.npmjs.org/universalify/-/universalify-2.0.0.tgz 0ms (cache hit)
79 http cache unquote@https://registry.npmjs.org/unquote/-/unquote-1.1.1.tgz 0ms (cache hit)
80 http cache web-vitals@https://registry.npmjs.org/web-vitals/-/web-vitals-2.1.4.tgz 0ms (cache hit)
81 http cache unique-string@https://registry.npmjs.org/unique-string/-/unique-string-2.0.0.tgz 0ms (cache hit)
82 http cache unicode-match-property-value-ecmascript@https://registry.npmjs.org/unicode-match-property-value-ecmascript/-/unicode-match-property-value-ecmascript-2.0.0.tgz 0ms (cache hit)
83 http cache unicode-canonical-property-names-ecmascript@https://registry.npmjs.org/unicode-canonical-property-names-ecmascript/-/unicode-canonical-property-names-ecmascript-2.0.0.tgz 0ms (cache hit)
84 http cache unicode-property-aliases-ecmascript@https://registry.npmjs.org/unicode-property-aliases-ecmascript/-/unicode-property-aliases-ecmascript-2.0.0.tgz 0ms (cache hit)
85 http cache unbox-primitive@https://registry.npmjs.org/unbox-primitive/-/unbox-primitive-1.0.1.tgz 0ms (cache hit)
86 http cache unicode-match-property-ecmascript@https://registry.npmjs.org/unicode-match-property-ecmascript/-/unicode-match-property-ecmascript-2.0.0.tgz 0ms (cache hit)
87 http cache typescript@https://registry.npmjs.org/typescript/-/typescript-4.6.2.tgz 0ms (cache hit)
88 http cache typedarray-to-buffer@https://registry.npmjs.org/typedarray-to-buffer/-/typedarray-to-buffer-3.1.5.tgz 0ms (cache hit)
89 http cache type-is@https://registry.npmjs.org/type-is/-/type-is-1.6.18.tgz 0ms (cache hit)
90 http cache type-fest@https://registry.npmjs.org/type-fest/-/type-fest-0.21.3.tgz 0ms (cache hit)
91 http cache type-detect@https://registry.npmjs.org/type-detect/-/type-detect-4.0.8.tgz 0ms (cache hit)
92 http cache type-check@https://registry.npmjs.org/type-check/-/type-check-0.4.0.tgz 0ms (cache hit)
93 http cache tsutils@https://registry.npmjs.org/tsutils/-/tsutils-3.21.0.tgz 0ms (cache hit)
94 http cache tslib@https://registry.npmjs.org/tslib/-/tslib-2.3.1.tgz 0ms (cache hit)
95 http cache tsconfig-paths@https://registry.npmjs.org/tsconfig-paths/-/tsconfig-paths-3.13.0.tgz 0ms (cache hit)
96 http cache tryer@https://registry.npmjs.org/tryer/-/tryer-1.0.1.tgz 0ms (cache hit)
97 http cache tough-cookie@https://registry.npmjs.org/tough-cookie/-/tough-cookie-4.0.0.tgz 0ms (cache hit)
98 http cache tr46@https://registry.npmjs.org/tr46/-/tr46-2.1.0.tgz 0ms (cache hit)
99 http cache toidentifier@https://registry.npmjs.org/toidentifier/-/toidentifier-1.0.1.tgz 0ms (cache hit)
100 http cache to-regex-range@https://registry.npmjs.org/to-regex-range/-/to-regex-range-5.0.1.tgz 0ms (cache hit)
101 http cache to-fast-properties@https://registry.npmjs.org/to-fast-properties/-/to-fast-properties-2.0.0.tgz 0ms (cache hit)
102 http cache tmpl@https://registry.npmjs.org/tmpl/-/tmpl-1.0.5.tgz 0ms (cache hit)
103 http cache timsort@https://registry.npmjs.org/timsort/-/timsort-0.3.0.tgz 0ms (cache hit)
104 http cache tmp@https://registry.npmjs.org/tmp/-/tmp-0.2.1.tgz 0ms (cache hit)
105 http cache thunky@https://registry.npmjs.org/thunky/-/thunky-1.1.0.tgz 0ms (cache hit)
106 http cache text-table@https://registry.npmjs.org/text-table/-/text-table-0.2.0.tgz 0ms (cache hit)
107 http cache throat@https://registry.npmjs.org/throat/-/throat-6.0.1.tgz 0ms (cache hit)
108 http cache test-exclude@https://registry.npmjs.org/test-exclude/-/test-exclude-6.0.0.tgz 0ms (cache hit)
109 http cache terser@https://registry.npmjs.org/terser/-/terser-5.12.0.tgz 0ms (cache hit)
110 http cache terminal-link@https://registry.npmjs.org/terminal-link/-/terminal-link-2.1.1.tgz 0ms (cache hit)
111 http cache terser-webpack-plugin@https://registry.npmjs.org/terser-webpack-plugin/-/terser-webpack-plugin-5.3.1.tgz 0ms (cache hit)
112 http cache temp-dir@https://registry.npmjs.org/temp-dir/-/temp-dir-2.0.0.tgz 0ms (cache hit)
113 http cache tapable@https://registry.npmjs.org/tapable/-/tapable-2.2.1.tgz 0ms (cache hit)
114 http cache tailwindcss@https://registry.npmjs.org/tailwindcss/-/tailwindcss-3.0.23.tgz 0ms (cache hit)
115 http cache symbol-tree@https://registry.npmjs.org/symbol-tree/-/symbol-tree-3.2.4.tgz 0ms (cache hit)
116 http cache svgo@https://registry.npmjs.org/svgo/-/svgo-1.3.2.tgz 0ms (cache hit)
117 http cache svg-parser@https://registry.npmjs.org/svg-parser/-/svg-parser-2.0.4.tgz 0ms (cache hit)
118 http cache supports-preserve-symlinks-flag@https://registry.npmjs.org/supports-preserve-symlinks-flag/-/supports-preserve-symlinks-flag-1.0.0.tgz 0ms (cache hit)
119 http cache supports-hyperlinks@https://registry.npmjs.org/supports-hyperlinks/-/supports-hyperlinks-2.2.0.tgz 0ms (cache hit)
120 http cache supports-color@https://registry.npmjs.org/supports-color/-/supports-color-5.5.0.tgz 0ms (cache hit)
121 http cache stylehacks@https://registry.npmjs.org/stylehacks/-/stylehacks-5.1.0.tgz 0ms (cache hit)
122 http cache style-loader@https://registry.npmjs.org/style-loader/-/style-loader-3.3.1.tgz 0ms (cache hit)
123 http cache strip-json-comments@https://registry.npmjs.org/strip-json-comments/-/strip-json-comments-3.1.1.tgz 0ms (cache hit)
124 http cache tempy@https://registry.npmjs.org/tempy/-/tempy-0.6.0.tgz 0ms (cache hit)
125 http cache strip-indent@https://registry.npmjs.org/strip-indent/-/strip-indent-3.0.0.tgz 0ms (cache hit)
126 http cache strip-final-newline@https://registry.npmjs.org/strip-final-newline/-/strip-final-newline-2.0.0.tgz 0ms (cache hit)
127 http cache strip-comments@https://registry.npmjs.org/strip-comments/-/strip-comments-2.0.1.tgz 0ms (cache hit)
128 http cache strip-bom@https://registry.npmjs.org/strip-bom/-/strip-bom-4.0.0.tgz 0ms (cache hit)
129 http cache stringify-object@https://registry.npmjs.org/stringify-object/-/stringify-object-3.3.0.tgz 0ms (cache hit)
130 http cache string.prototype.trimstart@https://registry.npmjs.org/string.prototype.trimstart/-/string.prototype.trimstart-1.0.4.tgz 0ms (cache hit)
131 http cache string.prototype.trimend@https://registry.npmjs.org/string.prototype.trimend/-/string.prototype.trimend-1.0.4.tgz 0ms (cache hit)
132 http cache string.prototype.matchall@https://registry.npmjs.org/string.prototype.matchall/-/string.prototype.matchall-4.0.6.tgz 0ms (cache hit)
133 http cache strip-ansi@https://registry.npmjs.org/strip-ansi/-/strip-ansi-6.0.1.tgz 0ms (cache hit)
134 http cache string-width@https://registry.npmjs.org/string-width/-/string-width-4.2.3.tgz 0ms (cache hit)
135 http cache string-natural-compare@https://registry.npmjs.org/string-natural-compare/-/string-natural-compare-3.0.1.tgz 0ms (cache hit)
136 http cache string-length@https://registry.npmjs.org/string-length/-/string-length-4.0.2.tgz 0ms (cache hit)
137 http cache statuses@https://registry.npmjs.org/statuses/-/statuses-1.5.0.tgz 0ms (cache hit)
138 http cache stackframe@https://registry.npmjs.org/stackframe/-/stackframe-1.2.1.tgz 0ms (cache hit)
139 http cache string_decoder@https://registry.npmjs.org/string_decoder/-/string_decoder-1.3.0.tgz 0ms (cache hit)
140 http cache stack-utils@https://registry.npmjs.org/stack-utils/-/stack-utils-2.0.5.tgz 0ms (cache hit)
141 http cache stable@https://registry.npmjs.org/stable/-/stable-0.1.8.tgz 0ms (cache hit)
142 http cache sprintf-js@https://registry.npmjs.org/sprintf-js/-/sprintf-js-1.0.3.tgz 0ms (cache hit)
143 http cache spdy-transport@https://registry.npmjs.org/spdy-transport/-/spdy-transport-3.0.0.tgz 0ms (cache hit)
144 http cache sourcemap-codec@https://registry.npmjs.org/sourcemap-codec/-/sourcemap-codec-1.4.8.tgz 0ms (cache hit)
145 http cache source-map-support@https://registry.npmjs.org/source-map-support/-/source-map-support-0.5.21.tgz 0ms (cache hit)
146 http cache source-map-resolve@https://registry.npmjs.org/source-map-resolve/-/source-map-resolve-0.6.0.tgz 0ms (cache hit)
147 http cache spdy@https://registry.npmjs.org/spdy/-/spdy-4.0.2.tgz 0ms (cache hit)
148 http cache source-map-loader@https://registry.npmjs.org/source-map-loader/-/source-map-loader-3.0.1.tgz 0ms (cache hit)
149 http cache source-map-js@https://registry.npmjs.org/source-map-js/-/source-map-js-1.0.2.tgz 0ms (cache hit)
150 http cache source-map@https://registry.npmjs.org/source-map/-/source-map-0.5.7.tgz 0ms (cache hit)
151 http cache source-list-map@https://registry.npmjs.org/source-list-map/-/source-list-map-2.0.1.tgz 0ms (cache hit)
152 http cache sockjs@https://registry.npmjs.org/sockjs/-/sockjs-0.3.24.tgz 0ms (cache hit)
153 http cache slash@https://registry.npmjs.org/slash/-/slash-3.0.0.tgz 0ms (cache hit)
154 http cache sisteransi@https://registry.npmjs.org/sisteransi/-/sisteransi-1.0.5.tgz 0ms (cache hit)
155 http cache signal-exit@https://registry.npmjs.org/signal-exit/-/signal-exit-3.0.7.tgz 0ms (cache hit)
156 http cache shell-quote@https://registry.npmjs.org/shell-quote/-/shell-quote-1.7.3.tgz 0ms (cache hit)
157 http cache side-channel@https://registry.npmjs.org/side-channel/-/side-channel-1.0.4.tgz 0ms (cache hit)
158 http cache shebang-regex@https://registry.npmjs.org/shebang-regex/-/shebang-regex-3.0.0.tgz 0ms (cache hit)
159 http cache setprototypeof@https://registry.npmjs.org/setprototypeof/-/setprototypeof-1.2.0.tgz 0ms (cache hit)
160 http cache setimmediate@https://registry.npmjs.org/setimmediate/-/setimmediate-1.0.5.tgz 0ms (cache hit)
161 http cache shebang-command@https://registry.npmjs.org/shebang-command/-/shebang-command-2.0.0.tgz 0ms (cache hit)
162 http cache serve-static@https://registry.npmjs.org/serve-static/-/serve-static-1.14.2.tgz 0ms (cache hit)
163 http cache serve-index@https://registry.npmjs.org/serve-index/-/serve-index-1.9.1.tgz 0ms (cache hit)
164 http cache serialize-javascript@https://registry.npmjs.org/serialize-javascript/-/serialize-javascript-6.0.0.tgz 0ms (cache hit)
165 http cache semver@https://registry.npmjs.org/semver/-/semver-7.3.5.tgz 0ms (cache hit)
166 http cache selfsigned@https://registry.npmjs.org/selfsigned/-/selfsigned-2.0.0.tgz 0ms (cache hit)
167 http cache selenium-webdriver@https://registry.npmjs.org/selenium-webdriver/-/selenium-webdriver-4.1.2.tgz 0ms (cache hit)
168 http cache send@https://registry.npmjs.org/send/-/send-0.17.2.tgz 0ms (cache hit)
169 http cache select-hose@https://registry.npmjs.org/select-hose/-/select-hose-2.0.0.tgz 0ms (cache hit)
170 http cache scheduler@https://registry.npmjs.org/scheduler/-/scheduler-0.20.2.tgz 0ms (cache hit)
171 http cache saxes@https://registry.npmjs.org/saxes/-/saxes-5.0.1.tgz 0ms (cache hit)
172 http cache sax@https://registry.npmjs.org/sax/-/sax-1.2.4.tgz 0ms (cache hit)
173 http cache sass-loader@https://registry.npmjs.org/sass-loader/-/sass-loader-12.6.0.tgz 0ms (cache hit)
174 http cache schema-utils@https://registry.npmjs.org/schema-utils/-/schema-utils-3.1.1.tgz 0ms (cache hit)
175 http cache safer-buffer@https://registry.npmjs.org/safer-buffer/-/safer-buffer-2.1.2.tgz 0ms (cache hit)
176 http cache sanitize.css@https://registry.npmjs.org/sanitize.css/-/sanitize.css-13.0.0.tgz 0ms (cache hit)
177 http cache safe-buffer@https://registry.npmjs.org/safe-buffer/-/safe-buffer-5.1.2.tgz 0ms (cache hit)
178 http cache run-parallel@https://registry.npmjs.org/run-parallel/-/run-parallel-1.2.0.tgz 0ms (cache hit)
179 http cache rollup-plugin-terser@https://registry.npmjs.org/rollup-plugin-terser/-/rollup-plugin-terser-7.0.2.tgz 0ms (cache hit)
180 http cache rollup@https://registry.npmjs.org/rollup/-/rollup-2.70.0.tgz 0ms (cache hit)
181 http cache rimraf@https://registry.npmjs.org/rimraf/-/rimraf-3.0.2.tgz 0ms (cache hit)
182 http cache reusify@https://registry.npmjs.org/reusify/-/reusify-1.0.4.tgz 0ms (cache hit)
183 http cache retry@https://registry.npmjs.org/retry/-/retry-0.13.1.tgz 0ms (cache hit)
184 http cache resolve.exports@https://registry.npmjs.org/resolve.exports/-/resolve.exports-1.1.0.tgz 0ms (cache hit)
185 http cache resolve-url-loader@https://registry.npmjs.org/resolve-url-loader/-/resolve-url-loader-4.0.0.tgz 0ms (cache hit)
186 http cache resolve@https://registry.npmjs.org/resolve/-/resolve-1.22.0.tgz 0ms (cache hit)
187 http cache resolve-from@https://registry.npmjs.org/resolve-from/-/resolve-from-5.0.0.tgz 0ms (cache hit)
188 http cache resolve-cwd@https://registry.npmjs.org/resolve-cwd/-/resolve-cwd-3.0.0.tgz 0ms (cache hit)
189 http cache requires-port@https://registry.npmjs.org/requires-port/-/requires-port-1.0.0.tgz 0ms (cache hit)
190 http cache require-from-string@https://registry.npmjs.org/require-from-string/-/require-from-string-2.0.2.tgz 0ms (cache hit)
191 http cache require-directory@https://registry.npmjs.org/require-directory/-/require-directory-2.1.1.tgz 0ms (cache hit)
192 http cache renderkid@https://registry.npmjs.org/renderkid/-/renderkid-3.0.0.tgz 0ms (cache hit)
193 http cache relateurl@https://registry.npmjs.org/relateurl/-/relateurl-0.2.7.tgz 0ms (cache hit)
194 http cache regjsparser@https://registry.npmjs.org/regjsparser/-/regjsparser-0.8.4.tgz 0ms (cache hit)
195 http cache regjsgen@https://registry.npmjs.org/regjsgen/-/regjsgen-0.6.0.tgz 0ms (cache hit)
196 http cache regexpu-core@https://registry.npmjs.org/regexpu-core/-/regexpu-core-5.0.1.tgz 0ms (cache hit)
197 http cache regexpp@https://registry.npmjs.org/regexpp/-/regexpp-3.2.0.tgz 0ms (cache hit)
198 http cache regexp.prototype.flags@https://registry.npmjs.org/regexp.prototype.flags/-/regexp.prototype.flags-1.4.1.tgz 0ms (cache hit)
199 http cache regex-parser@https://registry.npmjs.org/regex-parser/-/regex-parser-2.2.11.tgz 0ms (cache hit)
200 http cache regenerator-transform@https://registry.npmjs.org/regenerator-transform/-/regenerator-transform-0.14.5.tgz 0ms (cache hit)
201 http cache regenerator-runtime@https://registry.npmjs.org/regenerator-runtime/-/regenerator-runtime-0.13.9.tgz 0ms (cache hit)
202 http cache regenerate-unicode-properties@https://registry.npmjs.org/regenerate-unicode-properties/-/regenerate-unicode-properties-10.0.1.tgz 0ms (cache hit)
203 http cache regenerate@https://registry.npmjs.org/regenerate/-/regenerate-1.4.2.tgz 0ms (cache hit)
204 http cache recursive-readdir@https://registry.npmjs.org/recursive-readdir/-/recursive-readdir-2.2.2.tgz 0ms (cache hit)
205 http cache readdirp@https://registry.npmjs.org/readdirp/-/readdirp-3.6.0.tgz 0ms (cache hit)
206 http cache readable-stream@https://registry.npmjs.org/readable-stream/-/readable-stream-3.6.0.tgz 0ms (cache hit)
207 http cache react-router-dom@https://registry.npmjs.org/react-router-dom/-/react-router-dom-6.2.2.tgz 0ms (cache hit)
208 http cache redent@https://registry.npmjs.org/redent/-/redent-3.0.0.tgz 0ms (cache hit)
209 http cache react-router@https://registry.npmjs.org/react-router/-/react-router-6.2.2.tgz 0ms (cache hit)
210 http cache react-is@https://registry.npmjs.org/react-is/-/react-is-17.0.2.tgz 0ms (cache hit)
211 http cache react-scripts@https://registry.npmjs.org/react-scripts/-/react-scripts-5.0.0.tgz 0ms (cache hit)
212 http cache react-refresh@https://registry.npmjs.org/react-refresh/-/react-refresh-0.11.0.tgz 0ms (cache hit)
213 http cache react-icons@https://registry.npmjs.org/react-icons/-/react-icons-4.3.1.tgz 0ms (cache hit)
214 http cache react-dom@https://registry.npmjs.org/react-dom/-/react-dom-17.0.2.tgz 0ms (cache hit)
215 http cache react-app-polyfill@https://registry.npmjs.org/react-app-polyfill/-/react-app-polyfill-3.0.0.tgz 0ms (cache hit)
216 http cache react@https://registry.npmjs.org/react/-/react-17.0.2.tgz 0ms (cache hit)
217 http cache react-dev-utils@https://registry.npmjs.org/react-dev-utils/-/react-dev-utils-12.0.0.tgz 0ms (cache hit)
218 http cache raw-body@https://registry.npmjs.org/raw-body/-/raw-body-2.4.3.tgz 0ms (cache hit)
219 http cache range-parser@https://registry.npmjs.org/range-parser/-/range-parser-1.2.1.tgz 0ms (cache hit)
220 http cache randombytes@https://registry.npmjs.org/randombytes/-/randombytes-2.1.0.tgz 0ms (cache hit)
221 http cache react-error-overlay@https://registry.npmjs.org/react-error-overlay/-/react-error-overlay-6.0.10.tgz 0ms (cache hit)
222 http cache raf@https://registry.npmjs.org/raf/-/raf-3.4.1.tgz 0ms (cache hit)
223 http cache quick-lru@https://registry.npmjs.org/quick-lru/-/quick-lru-5.1.1.tgz 0ms (cache hit)
224 http cache queue-microtask@https://registry.npmjs.org/queue-microtask/-/queue-microtask-1.2.3.tgz 0ms (cache hit)
225 http cache qs@https://registry.npmjs.org/qs/-/qs-6.9.7.tgz 0ms (cache hit)
226 http cache q@https://registry.npmjs.org/q/-/q-1.5.1.tgz 0ms (cache hit)
227 http cache punycode@https://registry.npmjs.org/punycode/-/punycode-2.1.1.tgz 0ms (cache hit)
228 http cache proxy-addr@https://registry.npmjs.org/proxy-addr/-/proxy-addr-2.0.7.tgz 0ms (cache hit)
229 http cache psl@https://registry.npmjs.org/psl/-/psl-1.8.0.tgz 0ms (cache hit)
230 http cache protobufjs@https://registry.npmjs.org/protobufjs/-/protobufjs-6.11.3.tgz 0ms (cache hit)
231 http cache prop-types@https://registry.npmjs.org/prop-types/-/prop-types-15.8.1.tgz 0ms (cache hit)
232 http cache prompts@https://registry.npmjs.org/prompts/-/prompts-2.4.2.tgz 0ms (cache hit)
233 http cache promise@https://registry.npmjs.org/promise/-/promise-8.1.0.tgz 0ms (cache hit)
234 http cache process-nextick-args@https://registry.npmjs.org/process-nextick-args/-/process-nextick-args-2.0.1.tgz 0ms (cache hit)
235 http cache pretty-format@https://registry.npmjs.org/pretty-format/-/pretty-format-27.5.1.tgz 0ms (cache hit)
236 http cache pretty-error@https://registry.npmjs.org/pretty-error/-/pretty-error-4.0.0.tgz 0ms (cache hit)
237 http cache pretty-bytes@https://registry.npmjs.org/pretty-bytes/-/pretty-bytes-5.6.0.tgz 0ms (cache hit)
238 http cache prelude-ls@https://registry.npmjs.org/prelude-ls/-/prelude-ls-1.2.1.tgz 0ms (cache hit)
239 http cache postcss-unique-selectors@https://registry.npmjs.org/postcss-unique-selectors/-/postcss-unique-selectors-5.1.1.tgz 0ms (cache hit)
240 http cache postcss-svgo@https://registry.npmjs.org/postcss-svgo/-/postcss-svgo-5.1.0.tgz 0ms (cache hit)
241 http cache postcss-selector-parser@https://registry.npmjs.org/postcss-selector-parser/-/postcss-selector-parser-6.0.9.tgz 0ms (cache hit)
242 http cache postcss-selector-not@https://registry.npmjs.org/postcss-selector-not/-/postcss-selector-not-5.0.0.tgz 0ms (cache hit)
243 http cache postcss-value-parser@https://registry.npmjs.org/postcss-value-parser/-/postcss-value-parser-4.2.0.tgz 0ms (cache hit)
244 http cache postcss-replace-overflow-wrap@https://registry.npmjs.org/postcss-replace-overflow-wrap/-/postcss-replace-overflow-wrap-4.0.0.tgz 0ms (cache hit)
245 http cache postcss-reduce-transforms@https://registry.npmjs.org/postcss-reduce-transforms/-/postcss-reduce-transforms-5.1.0.tgz 0ms (cache hit)
246 http cache postcss-reduce-initial@https://registry.npmjs.org/postcss-reduce-initial/-/postcss-reduce-initial-5.1.0.tgz 0ms (cache hit)
247 http cache promise-polyfill@https://registry.npmjs.org/promise-polyfill/-/promise-polyfill-8.1.3.tgz 0ms (cache hit)
248 http cache postcss-pseudo-class-any-link@https://registry.npmjs.org/postcss-pseudo-class-any-link/-/postcss-pseudo-class-any-link-7.1.1.tgz 0ms (cache hit)
249 http cache postcss-preset-env@https://registry.npmjs.org/postcss-preset-env/-/postcss-preset-env-7.4.2.tgz 0ms (cache hit)
250 http cache postcss-place@https://registry.npmjs.org/postcss-place/-/postcss-place-7.0.4.tgz 0ms (cache hit)
251 http cache postcss-page-break@https://registry.npmjs.org/postcss-page-break/-/postcss-page-break-3.0.4.tgz 0ms (cache hit)
252 http cache postcss-overflow-shorthand@https://registry.npmjs.org/postcss-overflow-shorthand/-/postcss-overflow-shorthand-3.0.3.tgz 0ms (cache hit)
253 http cache postcss-ordered-values@https://registry.npmjs.org/postcss-ordered-values/-/postcss-ordered-values-5.1.0.tgz 0ms (cache hit)
254 http cache postcss-opacity-percentage@https://registry.npmjs.org/postcss-opacity-percentage/-/postcss-opacity-percentage-1.1.2.tgz 0ms (cache hit)
255 http cache postcss-normalize-whitespace@https://registry.npmjs.org/postcss-normalize-whitespace/-/postcss-normalize-whitespace-5.1.1.tgz 0ms (cache hit)
256 http cache postcss-normalize-url@https://registry.npmjs.org/postcss-normalize-url/-/postcss-normalize-url-5.1.0.tgz 0ms (cache hit)
257 http cache postcss-normalize-unicode@https://registry.npmjs.org/postcss-normalize-unicode/-/postcss-normalize-unicode-5.1.0.tgz 0ms (cache hit)
258 http cache postcss-normalize-timing-functions@https://registry.npmjs.org/postcss-normalize-timing-functions/-/postcss-normalize-timing-functions-5.1.0.tgz 0ms (cache hit)
259 http cache postcss-normalize-repeat-style@https://registry.npmjs.org/postcss-normalize-repeat-style/-/postcss-normalize-repeat-style-5.1.0.tgz 0ms (cache hit)
260 http cache postcss-normalize-positions@https://registry.npmjs.org/postcss-normalize-positions/-/postcss-normalize-positions-5.1.0.tgz 0ms (cache hit)
261 http cache postcss-normalize-string@https://registry.npmjs.org/postcss-normalize-string/-/postcss-normalize-string-5.1.0.tgz 0ms (cache hit)
262 http cache postcss-normalize-display-values@https://registry.npmjs.org/postcss-normalize-display-values/-/postcss-normalize-display-values-5.1.0.tgz 0ms (cache hit)
263 http cache postcss-normalize-charset@https://registry.npmjs.org/postcss-normalize-charset/-/postcss-normalize-charset-5.1.0.tgz 0ms (cache hit)
264 http cache postcss-normalize@https://registry.npmjs.org/postcss-normalize/-/postcss-normalize-10.0.1.tgz 0ms (cache hit)
265 http cache postcss-nesting@https://registry.npmjs.org/postcss-nesting/-/postcss-nesting-10.1.3.tgz 0ms (cache hit)
266 http cache postcss-modules-values@https://registry.npmjs.org/postcss-modules-values/-/postcss-modules-values-4.0.0.tgz 0ms (cache hit)
267 http cache postcss-modules-scope@https://registry.npmjs.org/postcss-modules-scope/-/postcss-modules-scope-3.0.0.tgz 0ms (cache hit)
268 http cache postcss-modules-local-by-default@https://registry.npmjs.org/postcss-modules-local-by-default/-/postcss-modules-local-by-default-4.0.0.tgz 0ms (cache hit)
269 http cache postcss-modules-extract-imports@https://registry.npmjs.org/postcss-modules-extract-imports/-/postcss-modules-extract-imports-3.0.0.tgz 0ms (cache hit)
270 http cache postcss-minify-params@https://registry.npmjs.org/postcss-minify-params/-/postcss-minify-params-5.1.1.tgz 0ms (cache hit)
271 http cache postcss-nested@https://registry.npmjs.org/postcss-nested/-/postcss-nested-5.0.6.tgz 0ms (cache hit)
272 http cache postcss-minify-font-values@https://registry.npmjs.org/postcss-minify-font-values/-/postcss-minify-font-values-5.1.0.tgz 0ms (cache hit)
273 http cache postcss-merge-rules@https://registry.npmjs.org/postcss-merge-rules/-/postcss-merge-rules-5.1.0.tgz 0ms (cache hit)
274 http cache postcss-minify-selectors@https://registry.npmjs.org/postcss-minify-selectors/-/postcss-minify-selectors-5.2.0.tgz 0ms (cache hit)
275 http cache postcss-minify-gradients@https://registry.npmjs.org/postcss-minify-gradients/-/postcss-minify-gradients-5.1.0.tgz 0ms (cache hit)
276 http cache postcss-merge-longhand@https://registry.npmjs.org/postcss-merge-longhand/-/postcss-merge-longhand-5.1.0.tgz 0ms (cache hit)
277 http cache postcss-media-minmax@https://registry.npmjs.org/postcss-media-minmax/-/postcss-media-minmax-5.0.0.tgz 0ms (cache hit)
278 http cache postcss-logical@https://registry.npmjs.org/postcss-logical/-/postcss-logical-5.0.4.tgz 0ms (cache hit)
279 http cache postcss-loader@https://registry.npmjs.org/postcss-loader/-/postcss-loader-6.2.1.tgz 0ms (cache hit)
280 http cache postcss-load-config@https://registry.npmjs.org/postcss-load-config/-/postcss-load-config-3.1.3.tgz 0ms (cache hit)
281 http cache postcss-lab-function@https://registry.npmjs.org/postcss-lab-function/-/postcss-lab-function-4.1.2.tgz 0ms (cache hit)
282 http cache postcss-js@https://registry.npmjs.org/postcss-js/-/postcss-js-4.0.0.tgz 0ms (cache hit)
283 http cache postcss-initial@https://registry.npmjs.org/postcss-initial/-/postcss-initial-4.0.1.tgz 0ms (cache hit)
284 http cache postcss-image-set-function@https://registry.npmjs.org/postcss-image-set-function/-/postcss-image-set-function-4.0.6.tgz 0ms (cache hit)
285 http cache postcss-font-variant@https://registry.npmjs.org/postcss-font-variant/-/postcss-font-variant-5.0.0.tgz 0ms (cache hit)
286 http cache postcss-gap-properties@https://registry.npmjs.org/postcss-gap-properties/-/postcss-gap-properties-3.0.3.tgz 0ms (cache hit)
287 http cache postcss-focus-within@https://registry.npmjs.org/postcss-focus-within/-/postcss-focus-within-5.0.4.tgz 0ms (cache hit)
288 http cache postcss-focus-visible@https://registry.npmjs.org/postcss-focus-visible/-/postcss-focus-visible-6.0.4.tgz 0ms (cache hit)
289 http cache postcss-flexbugs-fixes@https://registry.npmjs.org/postcss-flexbugs-fixes/-/postcss-flexbugs-fixes-5.0.2.tgz 0ms (cache hit)
290 http cache postcss-env-function@https://registry.npmjs.org/postcss-env-function/-/postcss-env-function-4.0.5.tgz 0ms (cache hit)
291 http cache postcss-discard-overridden@https://registry.npmjs.org/postcss-discard-overridden/-/postcss-discard-overridden-5.1.0.tgz 0ms (cache hit)
292 http cache postcss-double-position-gradients@https://registry.npmjs.org/postcss-double-position-gradients/-/postcss-double-position-gradients-3.1.1.tgz 0ms (cache hit)
293 http cache postcss-discard-empty@https://registry.npmjs.org/postcss-discard-empty/-/postcss-discard-empty-5.1.1.tgz 0ms (cache hit)
294 http cache postcss-discard-duplicates@https://registry.npmjs.org/postcss-discard-duplicates/-/postcss-discard-duplicates-5.1.0.tgz 0ms (cache hit)
295 http cache postcss-discard-comments@https://registry.npmjs.org/postcss-discard-comments/-/postcss-discard-comments-5.1.1.tgz 0ms (cache hit)
296 http cache postcss-dir-pseudo-class@https://registry.npmjs.org/postcss-dir-pseudo-class/-/postcss-dir-pseudo-class-6.0.4.tgz 0ms (cache hit)
297 http cache postcss-custom-media@https://registry.npmjs.org/postcss-custom-media/-/postcss-custom-media-8.0.0.tgz 0ms (cache hit)
298 http cache postcss-convert-values@https://registry.npmjs.org/postcss-convert-values/-/postcss-convert-values-5.1.0.tgz 0ms (cache hit)
299 http cache postcss-colormin@https://registry.npmjs.org/postcss-colormin/-/postcss-colormin-5.3.0.tgz 0ms (cache hit)
300 http cache postcss-custom-properties@https://registry.npmjs.org/postcss-custom-properties/-/postcss-custom-properties-12.1.4.tgz 0ms (cache hit)
301 http cache postcss-custom-selectors@https://registry.npmjs.org/postcss-custom-selectors/-/postcss-custom-selectors-6.0.0.tgz 0ms (cache hit)
302 http cache postcss-color-rebeccapurple@https://registry.npmjs.org/postcss-color-rebeccapurple/-/postcss-color-rebeccapurple-7.0.2.tgz 0ms (cache hit)
303 http cache postcss-color-functional-notation@https://registry.npmjs.org/postcss-color-functional-notation/-/postcss-color-functional-notation-4.2.2.tgz 0ms (cache hit)
304 http cache postcss-calc@https://registry.npmjs.org/postcss-calc/-/postcss-calc-8.2.4.tgz 0ms (cache hit)
305 http cache postcss-color-hex-alpha@https://registry.npmjs.org/postcss-color-hex-alpha/-/postcss-color-hex-alpha-8.0.3.tgz 0ms (cache hit)
306 http cache postcss-attribute-case-insensitive@https://registry.npmjs.org/postcss-attribute-case-insensitive/-/postcss-attribute-case-insensitive-5.0.0.tgz 0ms (cache hit)
307 http cache postcss@https://registry.npmjs.org/postcss/-/postcss-8.4.8.tgz 0ms (cache hit)
308 http cache portfinder@https://registry.npmjs.org/portfinder/-/portfinder-1.0.28.tgz 0ms (cache hit)
309 http cache pkg-up@https://registry.npmjs.org/pkg-up/-/pkg-up-3.1.0.tgz 0ms (cache hit)
310 http cache pirates@https://registry.npmjs.org/pirates/-/pirates-4.0.5.tgz 0ms (cache hit)
311 http cache postcss-browser-comments@https://registry.npmjs.org/postcss-browser-comments/-/postcss-browser-comments-4.0.0.tgz 0ms (cache hit)
312 http cache picomatch@https://registry.npmjs.org/picomatch/-/picomatch-2.3.1.tgz 0ms (cache hit)
313 http cache picocolors@https://registry.npmjs.org/picocolors/-/picocolors-1.0.0.tgz 0ms (cache hit)
314 http cache performance-now@https://registry.npmjs.org/performance-now/-/performance-now-2.1.0.tgz 0ms (cache hit)
315 http cache path-type@https://registry.npmjs.org/path-type/-/path-type-4.0.0.tgz 0ms (cache hit)
316 http cache pkg-dir@https://registry.npmjs.org/pkg-dir/-/pkg-dir-4.2.0.tgz 0ms (cache hit)
317 http cache path-parse@https://registry.npmjs.org/path-parse/-/path-parse-1.0.7.tgz 0ms (cache hit)
318 http cache path-exists@https://registry.npmjs.org/path-exists/-/path-exists-4.0.0.tgz 0ms (cache hit)
319 http cache path-to-regexp@https://registry.npmjs.org/path-to-regexp/-/path-to-regexp-0.1.7.tgz 0ms (cache hit)
320 http cache path-is-absolute@https://registry.npmjs.org/path-is-absolute/-/path-is-absolute-1.0.1.tgz 0ms (cache hit)
321 http cache parse5@https://registry.npmjs.org/parse5/-/parse5-6.0.1.tgz 0ms (cache hit)
322 http cache pascal-case@https://registry.npmjs.org/pascal-case/-/pascal-case-3.1.2.tgz 0ms (cache hit)
323 http cache parseurl@https://registry.npmjs.org/parseurl/-/parseurl-1.3.3.tgz 0ms (cache hit)
324 http cache parse-json@https://registry.npmjs.org/parse-json/-/parse-json-5.2.0.tgz 0ms (cache hit)
325 http cache path-key@https://registry.npmjs.org/path-key/-/path-key-3.1.1.tgz 0ms (cache hit)
326 http cache parent-module@https://registry.npmjs.org/parent-module/-/parent-module-1.0.1.tgz 0ms (cache hit)
327 http cache param-case@https://registry.npmjs.org/param-case/-/param-case-3.0.4.tgz 0ms (cache hit)
328 http cache p-try@https://registry.npmjs.org/p-try/-/p-try-2.2.0.tgz 0ms (cache hit)
329 http cache p-retry@https://registry.npmjs.org/p-retry/-/p-retry-4.6.1.tgz 0ms (cache hit)
330 http cache p-map@https://registry.npmjs.org/p-map/-/p-map-4.0.0.tgz 0ms (cache hit)
331 http cache p-locate@https://registry.npmjs.org/p-locate/-/p-locate-5.0.0.tgz 0ms (cache hit)
332 http cache pako@https://registry.npmjs.org/pako/-/pako-1.0.11.tgz 0ms (cache hit)
333 http cache p-limit@https://registry.npmjs.org/p-limit/-/p-limit-3.1.0.tgz 0ms (cache hit)
334 http cache open@https://registry.npmjs.org/open/-/open-8.4.0.tgz 0ms (cache hit)
335 http cache onetime@https://registry.npmjs.org/onetime/-/onetime-5.1.2.tgz 0ms (cache hit)
336 http cache once@https://registry.npmjs.org/once/-/once-1.4.0.tgz 0ms (cache hit)
337 http cache on-finished@https://registry.npmjs.org/on-finished/-/on-finished-2.3.0.tgz 0ms (cache hit)
338 http cache optionator@https://registry.npmjs.org/optionator/-/optionator-0.9.1.tgz 0ms (cache hit)
339 http cache obuf@https://registry.npmjs.org/obuf/-/obuf-1.1.2.tgz 0ms (cache hit)
340 http cache on-headers@https://registry.npmjs.org/on-headers/-/on-headers-1.0.2.tgz 0ms (cache hit)
341 http cache object.hasown@https://registry.npmjs.org/object.hasown/-/object.hasown-1.1.0.tgz 0ms (cache hit)
342 http cache object.values@https://registry.npmjs.org/object.values/-/object.values-1.1.5.tgz 0ms (cache hit)
343 http cache object.fromentries@https://registry.npmjs.org/object.fromentries/-/object.fromentries-2.0.5.tgz 0ms (cache hit)
344 http cache object.getownpropertydescriptors@https://registry.npmjs.org/object.getownpropertydescriptors/-/object.getownpropertydescriptors-2.1.3.tgz 0ms (cache hit)
345 http cache object.entries@https://registry.npmjs.org/object.entries/-/object.entries-1.1.5.tgz 0ms (cache hit)
346 http cache object.assign@https://registry.npmjs.org/object.assign/-/object.assign-4.1.2.tgz 0ms (cache hit)
347 http cache object-keys@https://registry.npmjs.org/object-keys/-/object-keys-1.1.1.tgz 0ms (cache hit)
348 http cache object-is@https://registry.npmjs.org/object-is/-/object-is-1.1.5.tgz 0ms (cache hit)
349 http cache object-inspect@https://registry.npmjs.org/object-inspect/-/object-inspect-1.12.0.tgz 0ms (cache hit)
350 http cache object-hash@https://registry.npmjs.org/object-hash/-/object-hash-2.2.0.tgz 0ms (cache hit)
351 http cache object-assign@https://registry.npmjs.org/object-assign/-/object-assign-4.1.1.tgz 0ms (cache hit)
352 http cache nwsapi@https://registry.npmjs.org/nwsapi/-/nwsapi-2.2.0.tgz 0ms (cache hit)
353 http cache nth-check@https://registry.npmjs.org/nth-check/-/nth-check-2.0.1.tgz 0ms (cache hit)
354 http cache npm-run-path@https://registry.npmjs.org/npm-run-path/-/npm-run-path-4.0.1.tgz 0ms (cache hit)
355 http cache normalize-range@https://registry.npmjs.org/normalize-range/-/normalize-range-0.1.2.tgz 0ms (cache hit)
356 http cache normalize-path@https://registry.npmjs.org/normalize-path/-/normalize-path-3.0.0.tgz 0ms (cache hit)
357 http cache node-releases@https://registry.npmjs.org/node-releases/-/node-releases-2.0.2.tgz 0ms (cache hit)
358 http cache node-int64@https://registry.npmjs.org/node-int64/-/node-int64-0.4.0.tgz 0ms (cache hit)
359 http cache normalize-url@https://registry.npmjs.org/normalize-url/-/normalize-url-6.1.0.tgz 0ms (cache hit)
360 http cache node-fetch@https://registry.npmjs.org/node-fetch/-/node-fetch-2.6.7.tgz 0ms (cache hit)
361 http cache node-forge@https://registry.npmjs.org/node-forge/-/node-forge-1.2.1.tgz 0ms (cache hit)
362 http cache natural-compare@https://registry.npmjs.org/natural-compare/-/natural-compare-1.4.0.tgz 0ms (cache hit)
363 http cache neo-async@https://registry.npmjs.org/neo-async/-/neo-async-2.6.2.tgz 0ms (cache hit)
364 http cache negotiator@https://registry.npmjs.org/negotiator/-/negotiator-0.6.3.tgz 0ms (cache hit)
365 http cache nanoid@https://registry.npmjs.org/nanoid/-/nanoid-3.3.1.tgz 0ms (cache hit)
366 http cache multicast-dns-service-types@https://registry.npmjs.org/multicast-dns-service-types/-/multicast-dns-service-types-1.1.0.tgz 0ms (cache hit)
367 http cache multicast-dns@https://registry.npmjs.org/multicast-dns/-/multicast-dns-6.2.3.tgz 0ms (cache hit)
368 http cache ms@https://registry.npmjs.org/ms/-/ms-2.1.2.tgz 0ms (cache hit)
369 http cache no-case@https://registry.npmjs.org/no-case/-/no-case-3.0.4.tgz 0ms (cache hit)
370 http cache mkdirp@https://registry.npmjs.org/mkdirp/-/mkdirp-0.5.5.tgz 0ms (cache hit)
371 http cache minimist@https://registry.npmjs.org/minimist/-/minimist-1.2.5.tgz 0ms (cache hit)
372 http cache minimatch@https://registry.npmjs.org/minimatch/-/minimatch-3.1.2.tgz 0ms (cache hit)
373 http cache mini-css-extract-plugin@https://registry.npmjs.org/mini-css-extract-plugin/-/mini-css-extract-plugin-2.6.0.tgz 0ms (cache hit)
374 http cache minimalistic-assert@https://registry.npmjs.org/minimalistic-assert/-/minimalistic-assert-1.0.1.tgz 0ms (cache hit)
375 http cache min-indent@https://registry.npmjs.org/min-indent/-/min-indent-1.0.1.tgz 0ms (cache hit)
376 http cache mimic-fn@https://registry.npmjs.org/mimic-fn/-/mimic-fn-2.1.0.tgz 0ms (cache hit)
377 http cache mime-types@https://registry.npmjs.org/mime-types/-/mime-types-2.1.34.tgz 0ms (cache hit)
378 http cache mime@https://registry.npmjs.org/mime/-/mime-1.6.0.tgz 0ms (cache hit)
379 http cache mime-db@https://registry.npmjs.org/mime-db/-/mime-db-1.51.0.tgz 0ms (cache hit)
380 http cache micromatch@https://registry.npmjs.org/micromatch/-/micromatch-4.0.4.tgz 0ms (cache hit)
381 http cache methods@https://registry.npmjs.org/methods/-/methods-1.1.2.tgz 0ms (cache hit)
382 http cache merge2@https://registry.npmjs.org/merge2/-/merge2-1.4.1.tgz 0ms (cache hit)
383 http cache merge-stream@https://registry.npmjs.org/merge-stream/-/merge-stream-2.0.0.tgz 0ms (cache hit)
384 http cache merge-descriptors@https://registry.npmjs.org/merge-descriptors/-/merge-descriptors-1.0.1.tgz 0ms (cache hit)
385 http cache memfs@https://registry.npmjs.org/memfs/-/memfs-3.4.1.tgz 0ms (cache hit)
386 http cache media-typer@https://registry.npmjs.org/media-typer/-/media-typer-0.3.0.tgz 0ms (cache hit)
387 http cache mdn-data@https://registry.npmjs.org/mdn-data/-/mdn-data-2.0.4.tgz 0ms (cache hit)
388 http cache makeerror@https://registry.npmjs.org/makeerror/-/makeerror-1.0.12.tgz 0ms (cache hit)
389 http cache make-dir@https://registry.npmjs.org/make-dir/-/make-dir-3.1.0.tgz 0ms (cache hit)
390 http cache magic-string@https://registry.npmjs.org/magic-string/-/magic-string-0.25.9.tgz 0ms (cache hit)
391 http cache lz-string@https://registry.npmjs.org/lz-string/-/lz-string-1.4.4.tgz 0ms (cache hit)
392 http cache lru-cache@https://registry.npmjs.org/lru-cache/-/lru-cache-6.0.0.tgz 0ms (cache hit)
393 http cache lower-case@https://registry.npmjs.org/lower-case/-/lower-case-2.0.2.tgz 0ms (cache hit)
394 http cache long@https://registry.npmjs.org/long/-/long-4.0.0.tgz 0ms (cache hit)
395 http cache loose-envify@https://registry.npmjs.org/loose-envify/-/loose-envify-1.4.0.tgz 0ms (cache hit)
396 http cache lodash.sortby@https://registry.npmjs.org/lodash.sortby/-/lodash.sortby-4.7.0.tgz 0ms (cache hit)
397 http cache lodash.merge@https://registry.npmjs.org/lodash.merge/-/lodash.merge-4.6.2.tgz 0ms (cache hit)
398 http cache lodash.camelcase@https://registry.npmjs.org/lodash.camelcase/-/lodash.camelcase-4.3.0.tgz 0ms (cache hit)
399 http cache lodash.memoize@https://registry.npmjs.org/lodash.memoize/-/lodash.memoize-4.1.2.tgz 0ms (cache hit)
400 http cache lodash.uniq@https://registry.npmjs.org/lodash.uniq/-/lodash.uniq-4.5.0.tgz 0ms (cache hit)
401 http cache lodash@https://registry.npmjs.org/lodash/-/lodash-4.17.21.tgz 0ms (cache hit)
402 http cache locate-path@https://registry.npmjs.org/locate-path/-/locate-path-6.0.0.tgz 0ms (cache hit)
403 http cache loader-runner@https://registry.npmjs.org/loader-runner/-/loader-runner-4.2.0.tgz 0ms (cache hit)
404 http cache lodash.debounce@https://registry.npmjs.org/lodash.debounce/-/lodash.debounce-4.0.8.tgz 0ms (cache hit)
405 http cache loader-utils@https://registry.npmjs.org/loader-utils/-/loader-utils-2.0.2.tgz 0ms (cache hit)
406 http cache lie@https://registry.npmjs.org/lie/-/lie-3.3.0.tgz 0ms (cache hit)
407 http cache lilconfig@https://registry.npmjs.org/lilconfig/-/lilconfig-2.0.4.tgz 0ms (cache hit)
408 http cache levn@https://registry.npmjs.org/levn/-/levn-0.4.1.tgz 0ms (cache hit)
409 http cache language-tags@https://registry.npmjs.org/language-tags/-/language-tags-1.0.5.tgz 0ms (cache hit)
410 http cache leven@https://registry.npmjs.org/leven/-/leven-3.1.0.tgz 0ms (cache hit)
411 http cache lines-and-columns@https://registry.npmjs.org/lines-and-columns/-/lines-and-columns-1.2.4.tgz 0ms (cache hit)
412 http cache language-subtag-registry@https://registry.npmjs.org/language-subtag-registry/-/language-subtag-registry-0.3.21.tgz 0ms (cache hit)
413 http cache klona@https://registry.npmjs.org/klona/-/klona-2.0.5.tgz 0ms (cache hit)
414 http cache kind-of@https://registry.npmjs.org/kind-of/-/kind-of-6.0.3.tgz 0ms (cache hit)
415 http cache jszip@https://registry.npmjs.org/jszip/-/jszip-3.10.0.tgz 0ms (cache hit)
416 http cache jsx-ast-utils@https://registry.npmjs.org/jsx-ast-utils/-/jsx-ast-utils-3.2.1.tgz 0ms (cache hit)
417 http cache jsonpointer@https://registry.npmjs.org/jsonpointer/-/jsonpointer-5.0.0.tgz 0ms (cache hit)
418 http cache jsonfile@https://registry.npmjs.org/jsonfile/-/jsonfile-6.1.0.tgz 0ms (cache hit)
419 http cache json5@https://registry.npmjs.org/json5/-/json5-2.2.0.tgz 0ms (cache hit)
420 http cache json-stable-stringify-without-jsonify@https://registry.npmjs.org/json-stable-stringify-without-jsonify/-/json-stable-stringify-without-jsonify-1.0.1.tgz 0ms (cache hit)
421 http cache json-schema@https://registry.npmjs.org/json-schema/-/json-schema-0.4.0.tgz 0ms (cache hit)
422 http cache json-schema-traverse@https://registry.npmjs.org/json-schema-traverse/-/json-schema-traverse-0.4.1.tgz 0ms (cache hit)
423 http cache json-parse-even-better-errors@https://registry.npmjs.org/json-parse-even-better-errors/-/json-parse-even-better-errors-2.3.1.tgz 0ms (cache hit)
424 http cache json-parse-better-errors@https://registry.npmjs.org/json-parse-better-errors/-/json-parse-better-errors-1.0.2.tgz 0ms (cache hit)
425 http cache jsesc@https://registry.npmjs.org/jsesc/-/jsesc-2.5.2.tgz 0ms (cache hit)
426 http cache jsdom@https://registry.npmjs.org/jsdom/-/jsdom-16.7.0.tgz 0ms (cache hit)
427 http cache kleur@https://registry.npmjs.org/kleur/-/kleur-3.0.3.tgz 0ms (cache hit)
428 http cache js-yaml@https://registry.npmjs.org/js-yaml/-/js-yaml-3.14.1.tgz 0ms (cache hit)
429 http cache js-tokens@https://registry.npmjs.org/js-tokens/-/js-tokens-4.0.0.tgz 0ms (cache hit)
430 http cache jest-worker@https://registry.npmjs.org/jest-worker/-/jest-worker-27.5.1.tgz 0ms (cache hit)
431 http cache jest-validate@https://registry.npmjs.org/jest-validate/-/jest-validate-27.5.1.tgz 0ms (cache hit)
432 http cache jest-watcher@https://registry.npmjs.org/jest-watcher/-/jest-watcher-27.5.1.tgz 0ms (cache hit)
433 http cache jest-util@https://registry.npmjs.org/jest-util/-/jest-util-27.5.1.tgz 0ms (cache hit)
434 http cache jest-watch-typeahead@https://registry.npmjs.org/jest-watch-typeahead/-/jest-watch-typeahead-1.0.0.tgz 0ms (cache hit)
435 http cache jest-snapshot@https://registry.npmjs.org/jest-snapshot/-/jest-snapshot-27.5.1.tgz 0ms (cache hit)
436 http cache jest-serializer@https://registry.npmjs.org/jest-serializer/-/jest-serializer-27.5.1.tgz 0ms (cache hit)
437 http cache jest-runtime@https://registry.npmjs.org/jest-runtime/-/jest-runtime-27.5.1.tgz 0ms (cache hit)
438 http cache jest-runner@https://registry.npmjs.org/jest-runner/-/jest-runner-27.5.1.tgz 0ms (cache hit)
439 http cache jest-resolve-dependencies@https://registry.npmjs.org/jest-resolve-dependencies/-/jest-resolve-dependencies-27.5.1.tgz 0ms (cache hit)
440 http cache jest-regex-util@https://registry.npmjs.org/jest-regex-util/-/jest-regex-util-27.5.1.tgz 0ms (cache hit)
441 http cache jest-mock@https://registry.npmjs.org/jest-mock/-/jest-mock-27.5.1.tgz 0ms (cache hit)
442 http cache jest-pnp-resolver@https://registry.npmjs.org/jest-pnp-resolver/-/jest-pnp-resolver-1.2.2.tgz 0ms (cache hit)
443 http cache jest-resolve@https://registry.npmjs.org/jest-resolve/-/jest-resolve-27.5.1.tgz 0ms (cache hit)
444 http cache jest-matcher-utils@https://registry.npmjs.org/jest-matcher-utils/-/jest-matcher-utils-27.5.1.tgz 0ms (cache hit)
445 http cache jest-jasmine2@https://registry.npmjs.org/jest-jasmine2/-/jest-jasmine2-27.5.1.tgz 0ms (cache hit)
446 http cache jest-leak-detector@https://registry.npmjs.org/jest-leak-detector/-/jest-leak-detector-27.5.1.tgz 0ms (cache hit)
447 http cache jest-haste-map@https://registry.npmjs.org/jest-haste-map/-/jest-haste-map-27.5.1.tgz 0ms (cache hit)
448 http cache jest-message-util@https://registry.npmjs.org/jest-message-util/-/jest-message-util-27.5.1.tgz 0ms (cache hit)
449 http cache jest-environment-jsdom@https://registry.npmjs.org/jest-environment-jsdom/-/jest-environment-jsdom-27.5.1.tgz 0ms (cache hit)
450 http cache jest-get-type@https://registry.npmjs.org/jest-get-type/-/jest-get-type-27.5.1.tgz 0ms (cache hit)
451 http cache jest-environment-node@https://registry.npmjs.org/jest-environment-node/-/jest-environment-node-27.5.1.tgz 0ms (cache hit)
452 http cache jest-each@https://registry.npmjs.org/jest-each/-/jest-each-27.5.1.tgz 0ms (cache hit)
453 http cache jest-diff@https://registry.npmjs.org/jest-diff/-/jest-diff-27.5.1.tgz 0ms (cache hit)
454 http cache jest-docblock@https://registry.npmjs.org/jest-docblock/-/jest-docblock-27.5.1.tgz 0ms (cache hit)
455 http cache jest-config@https://registry.npmjs.org/jest-config/-/jest-config-27.5.1.tgz 0ms (cache hit)
456 http cache jest-cli@https://registry.npmjs.org/jest-cli/-/jest-cli-27.5.1.tgz 0ms (cache hit)
457 http cache jest-changed-files@https://registry.npmjs.org/jest-changed-files/-/jest-changed-files-27.5.1.tgz 0ms (cache hit)
458 http cache jake@https://registry.npmjs.org/jake/-/jake-10.8.2.tgz 0ms (cache hit)
459 http cache istanbul-reports@https://registry.npmjs.org/istanbul-reports/-/istanbul-reports-3.1.4.tgz 0ms (cache hit)
460 http cache jest@https://registry.npmjs.org/jest/-/jest-27.5.1.tgz 0ms (cache hit)
461 http cache jest-circus@https://registry.npmjs.org/jest-circus/-/jest-circus-27.5.1.tgz 0ms (cache hit)
462 http cache istanbul-lib-instrument@https://registry.npmjs.org/istanbul-lib-instrument/-/istanbul-lib-instrument-5.1.0.tgz 0ms (cache hit)
463 http cache istanbul-lib-coverage@https://registry.npmjs.org/istanbul-lib-coverage/-/istanbul-lib-coverage-3.2.0.tgz 0ms (cache hit)
464 http cache istanbul-lib-source-maps@https://registry.npmjs.org/istanbul-lib-source-maps/-/istanbul-lib-source-maps-4.0.1.tgz 0ms (cache hit)
465 http cache isexe@https://registry.npmjs.org/isexe/-/isexe-2.0.0.tgz 0ms (cache hit)
466 http cache isarray@https://registry.npmjs.org/isarray/-/isarray-1.0.0.tgz 0ms (cache hit)
467 http cache is-wsl@https://registry.npmjs.org/is-wsl/-/is-wsl-2.2.0.tgz 0ms (cache hit)
468 http cache istanbul-lib-report@https://registry.npmjs.org/istanbul-lib-report/-/istanbul-lib-report-3.0.0.tgz 0ms (cache hit)
469 http cache is-symbol@https://registry.npmjs.org/is-symbol/-/is-symbol-1.0.4.tgz 0ms (cache hit)
470 http cache is-typedarray@https://registry.npmjs.org/is-typedarray/-/is-typedarray-1.0.0.tgz 0ms (cache hit)
471 http cache is-weakref@https://registry.npmjs.org/is-weakref/-/is-weakref-1.0.2.tgz 0ms (cache hit)
472 http cache is-string@https://registry.npmjs.org/is-string/-/is-string-1.0.7.tgz 0ms (cache hit)
473 http cache is-shared-array-buffer@https://registry.npmjs.org/is-shared-array-buffer/-/is-shared-array-buffer-1.0.1.tgz 0ms (cache hit)
474 http cache is-regexp@https://registry.npmjs.org/is-regexp/-/is-regexp-1.0.0.tgz 0ms (cache hit)
475 http cache is-stream@https://registry.npmjs.org/is-stream/-/is-stream-2.0.1.tgz 0ms (cache hit)
476 http cache is-regex@https://registry.npmjs.org/is-regex/-/is-regex-1.1.4.tgz 0ms (cache hit)
477 http cache is-root@https://registry.npmjs.org/is-root/-/is-root-2.1.0.tgz 0ms (cache hit)
478 http cache is-potential-custom-element-name@https://registry.npmjs.org/is-potential-custom-element-name/-/is-potential-custom-element-name-1.0.1.tgz 0ms (cache hit)
479 http cache is-plain-obj@https://registry.npmjs.org/is-plain-obj/-/is-plain-obj-3.0.0.tgz 0ms (cache hit)
480 http cache is-path-inside@https://registry.npmjs.org/is-path-inside/-/is-path-inside-3.0.3.tgz 0ms (cache hit)
481 http cache is-path-cwd@https://registry.npmjs.org/is-path-cwd/-/is-path-cwd-2.2.0.tgz 0ms (cache hit)
482 http cache is-number-object@https://registry.npmjs.org/is-number-object/-/is-number-object-1.0.6.tgz 0ms (cache hit)
483 http cache is-obj@https://registry.npmjs.org/is-obj/-/is-obj-1.0.1.tgz 0ms (cache hit)
484 http cache is-number@https://registry.npmjs.org/is-number/-/is-number-7.0.0.tgz 0ms (cache hit)
485 http cache is-negative-zero@https://registry.npmjs.org/is-negative-zero/-/is-negative-zero-2.0.2.tgz 0ms (cache hit)
486 http cache is-generator-fn@https://registry.npmjs.org/is-generator-fn/-/is-generator-fn-2.1.0.tgz 0ms (cache hit)
487 http cache is-fullwidth-code-point@https://registry.npmjs.org/is-fullwidth-code-point/-/is-fullwidth-code-point-3.0.0.tgz 0ms (cache hit)
488 http cache is-extglob@https://registry.npmjs.org/is-extglob/-/is-extglob-2.1.1.tgz 0ms (cache hit)
489 http cache is-module@https://registry.npmjs.org/is-module/-/is-module-1.0.0.tgz 0ms (cache hit)
490 http cache is-docker@https://registry.npmjs.org/is-docker/-/is-docker-2.2.1.tgz 0ms (cache hit)
491 http cache is-date-object@https://registry.npmjs.org/is-date-object/-/is-date-object-1.0.5.tgz 0ms (cache hit)
492 http cache is-core-module@https://registry.npmjs.org/is-core-module/-/is-core-module-2.8.1.tgz 0ms (cache hit)
493 http cache is-callable@https://registry.npmjs.org/is-callable/-/is-callable-1.2.4.tgz 0ms (cache hit)
494 http cache is-boolean-object@https://registry.npmjs.org/is-boolean-object/-/is-boolean-object-1.1.2.tgz 0ms (cache hit)
495 http cache is-binary-path@https://registry.npmjs.org/is-binary-path/-/is-binary-path-2.1.0.tgz 0ms (cache hit)
496 http cache is-bigint@https://registry.npmjs.org/is-bigint/-/is-bigint-1.0.4.tgz 0ms (cache hit)
497 http cache is-arrayish@https://registry.npmjs.org/is-arrayish/-/is-arrayish-0.2.1.tgz 0ms (cache hit)
498 http cache is-arguments@https://registry.npmjs.org/is-arguments/-/is-arguments-1.1.1.tgz 0ms (cache hit)
499 http cache ipaddr.js@https://registry.npmjs.org/ipaddr.js/-/ipaddr.js-2.0.1.tgz 0ms (cache hit)
500 http cache ip@https://registry.npmjs.org/ip/-/ip-1.1.5.tgz 0ms (cache hit)
501 http cache internal-slot@https://registry.npmjs.org/internal-slot/-/internal-slot-1.0.3.tgz 0ms (cache hit)
502 http cache ini@https://registry.npmjs.org/ini/-/ini-1.3.8.tgz 0ms (cache hit)
503 http cache inherits@https://registry.npmjs.org/inherits/-/inherits-2.0.4.tgz 0ms (cache hit)
504 http cache inflight@https://registry.npmjs.org/inflight/-/inflight-1.0.6.tgz 0ms (cache hit)
505 http cache indent-string@https://registry.npmjs.org/indent-string/-/indent-string-4.0.0.tgz 0ms (cache hit)
506 http cache is-glob@https://registry.npmjs.org/is-glob/-/is-glob-4.0.3.tgz 0ms (cache hit)
507 http cache import-local@https://registry.npmjs.org/import-local/-/import-local-3.1.0.tgz 0ms (cache hit)
508 http cache import-fresh@https://registry.npmjs.org/import-fresh/-/import-fresh-3.3.0.tgz 1ms (cache hit)
509 http cache immediate@https://registry.npmjs.org/immediate/-/immediate-3.0.6.tgz 0ms (cache hit)
510 http cache ignore@https://registry.npmjs.org/ignore/-/ignore-5.2.0.tgz 0ms (cache hit)
511 http cache immer@https://registry.npmjs.org/immer/-/immer-9.0.12.tgz 0ms (cache hit)
512 http cache identity-obj-proxy@https://registry.npmjs.org/identity-obj-proxy/-/identity-obj-proxy-3.0.0.tgz 0ms (cache hit)
513 http cache idb@https://registry.npmjs.org/idb/-/idb-6.1.5.tgz 0ms (cache hit)
514 http cache icss-utils@https://registry.npmjs.org/icss-utils/-/icss-utils-5.1.0.tgz 0ms (cache hit)
515 http cache iconv-lite@https://registry.npmjs.org/iconv-lite/-/iconv-lite-0.6.3.tgz 0ms (cache hit)
516 http cache human-signals@https://registry.npmjs.org/human-signals/-/human-signals-2.1.0.tgz 0ms (cache hit)
517 http cache https-proxy-agent@https://registry.npmjs.org/https-proxy-agent/-/https-proxy-agent-5.0.0.tgz 0ms (cache hit)
518 http cache imurmurhash@https://registry.npmjs.org/imurmurhash/-/imurmurhash-0.1.4.tgz 0ms (cache hit)
519 http cache http-proxy-middleware@https://registry.npmjs.org/http-proxy-middleware/-/http-proxy-middleware-2.0.3.tgz 0ms (cache hit)
520 http cache http-proxy-agent@https://registry.npmjs.org/http-proxy-agent/-/http-proxy-agent-4.0.1.tgz 0ms (cache hit)
521 http cache http-proxy@https://registry.npmjs.org/http-proxy/-/http-proxy-1.18.1.tgz 0ms (cache hit)
522 http cache http-parser-js@https://registry.npmjs.org/http-parser-js/-/http-parser-js-0.5.6.tgz 0ms (cache hit)
523 http cache http-errors@https://registry.npmjs.org/http-errors/-/http-errors-1.8.1.tgz 0ms (cache hit)
524 http cache http-deceiver@https://registry.npmjs.org/http-deceiver/-/http-deceiver-1.2.7.tgz 0ms (cache hit)
525 http cache htmlparser2@https://registry.npmjs.org/htmlparser2/-/htmlparser2-6.1.0.tgz 0ms (cache hit)
526 http cache html-webpack-plugin@https://registry.npmjs.org/html-webpack-plugin/-/html-webpack-plugin-5.5.0.tgz 0ms (cache hit)
527 http cache html-escaper@https://registry.npmjs.org/html-escaper/-/html-escaper-2.0.2.tgz 0ms (cache hit)
528 http cache html-entities@https://registry.npmjs.org/html-entities/-/html-entities-2.3.2.tgz 0ms (cache hit)
529 http cache html-encoding-sniffer@https://registry.npmjs.org/html-encoding-sniffer/-/html-encoding-sniffer-2.0.1.tgz 0ms (cache hit)
530 http cache html-minifier-terser@https://registry.npmjs.org/html-minifier-terser/-/html-minifier-terser-6.1.0.tgz 0ms (cache hit)
531 http cache hpack.js@https://registry.npmjs.org/hpack.js/-/hpack.js-2.1.6.tgz 0ms (cache hit)
532 http cache he@https://registry.npmjs.org/he/-/he-1.2.0.tgz 0ms (cache hit)
533 http cache hoopy@https://registry.npmjs.org/hoopy/-/hoopy-0.1.4.tgz 0ms (cache hit)
534 http cache has-symbols@https://registry.npmjs.org/has-symbols/-/has-symbols-1.0.3.tgz 0ms (cache hit)
535 http cache has-flag@https://registry.npmjs.org/has-flag/-/has-flag-3.0.0.tgz 0ms (cache hit)
536 http cache has-tostringtag@https://registry.npmjs.org/has-tostringtag/-/has-tostringtag-1.0.0.tgz 0ms (cache hit)
537 http cache has@https://registry.npmjs.org/has/-/has-1.0.3.tgz 0ms (cache hit)
538 http cache harmony-reflect@https://registry.npmjs.org/harmony-reflect/-/harmony-reflect-1.6.2.tgz 0ms (cache hit)
539 http cache handle-thing@https://registry.npmjs.org/handle-thing/-/handle-thing-2.0.1.tgz 0ms (cache hit)
540 http cache gzip-size@https://registry.npmjs.org/gzip-size/-/gzip-size-6.0.0.tgz 0ms (cache hit)
541 http cache has-bigints@https://registry.npmjs.org/has-bigints/-/has-bigints-1.0.1.tgz 0ms (cache hit)
542 http cache globby@https://registry.npmjs.org/globby/-/globby-11.1.0.tgz 0ms (cache hit)
543 http cache globals@https://registry.npmjs.org/globals/-/globals-11.12.0.tgz 0ms (cache hit)
544 http cache graceful-fs@https://registry.npmjs.org/graceful-fs/-/graceful-fs-4.2.9.tgz 0ms (cache hit)
545 http cache global-modules@https://registry.npmjs.org/global-modules/-/global-modules-2.0.0.tgz 0ms (cache hit)
546 http cache glob-parent@https://registry.npmjs.org/glob-parent/-/glob-parent-6.0.2.tgz 0ms (cache hit)
547 http cache glob-to-regexp@https://registry.npmjs.org/glob-to-regexp/-/glob-to-regexp-0.4.1.tgz 0ms (cache hit)
548 http cache global-prefix@https://registry.npmjs.org/global-prefix/-/global-prefix-3.0.0.tgz 0ms (cache hit)
549 http cache get-symbol-description@https://registry.npmjs.org/get-symbol-description/-/get-symbol-description-1.0.0.tgz 0ms (cache hit)
550 http cache glob@https://registry.npmjs.org/glob/-/glob-7.2.0.tgz 0ms (cache hit)
551 http cache get-stream@https://registry.npmjs.org/get-stream/-/get-stream-6.0.1.tgz 0ms (cache hit)
552 http cache get-package-type@https://registry.npmjs.org/get-package-type/-/get-package-type-0.1.0.tgz 0ms (cache hit)
553 http cache get-own-enumerable-property-symbols@https://registry.npmjs.org/get-own-enumerable-property-symbols/-/get-own-enumerable-property-symbols-3.0.2.tgz 0ms (cache hit)
554 http cache get-intrinsic@https://registry.npmjs.org/get-intrinsic/-/get-intrinsic-1.1.1.tgz 0ms (cache hit)
555 http cache get-caller-file@https://registry.npmjs.org/get-caller-file/-/get-caller-file-2.0.5.tgz 0ms (cache hit)
556 http cache functional-red-black-tree@https://registry.npmjs.org/functional-red-black-tree/-/functional-red-black-tree-1.0.1.tgz 0ms (cache hit)
557 http cache gensync@https://registry.npmjs.org/gensync/-/gensync-1.0.0-beta.2.tgz 0ms (cache hit)
558 http cache function-bind@https://registry.npmjs.org/function-bind/-/function-bind-1.1.1.tgz 0ms (cache hit)
559 http cache fsevents@https://registry.npmjs.org/fsevents/-/fsevents-2.3.2.tgz 0ms (cache hit)
560 http cache fs.realpath@https://registry.npmjs.org/fs.realpath/-/fs.realpath-1.0.0.tgz 0ms (cache hit)
561 http cache fs-monkey@https://registry.npmjs.org/fs-monkey/-/fs-monkey-1.0.3.tgz 0ms (cache hit)
562 http cache fs-extra@https://registry.npmjs.org/fs-extra/-/fs-extra-10.0.1.tgz 0ms (cache hit)
563 http cache fresh@https://registry.npmjs.org/fresh/-/fresh-0.5.2.tgz 0ms (cache hit)
564 http cache fraction.js@https://registry.npmjs.org/fraction.js/-/fraction.js-4.2.0.tgz 0ms (cache hit)
565 http cache forwarded@https://registry.npmjs.org/forwarded/-/forwarded-0.2.0.tgz 0ms (cache hit)
566 http cache form-data@https://registry.npmjs.org/form-data/-/form-data-3.0.1.tgz 0ms (cache hit)
567 http cache fork-ts-checker-webpack-plugin@https://registry.npmjs.org/fork-ts-checker-webpack-plugin/-/fork-ts-checker-webpack-plugin-6.5.0.tgz 0ms (cache hit)
568 http cache follow-redirects@https://registry.npmjs.org/follow-redirects/-/follow-redirects-1.14.9.tgz 0ms (cache hit)
569 http cache flatted@https://registry.npmjs.org/flatted/-/flatted-3.2.5.tgz 0ms (cache hit)
570 http cache flat-cache@https://registry.npmjs.org/flat-cache/-/flat-cache-3.0.4.tgz 0ms (cache hit)
571 http cache finalhandler@https://registry.npmjs.org/finalhandler/-/finalhandler-1.1.2.tgz 0ms (cache hit)
572 http cache firebase@https://registry.npmjs.org/firebase/-/firebase-9.8.4.tgz 0ms (cache hit)
573 http cache find-cache-dir@https://registry.npmjs.org/find-cache-dir/-/find-cache-dir-3.3.2.tgz 0ms (cache hit)
574 http cache fill-range@https://registry.npmjs.org/fill-range/-/fill-range-7.0.1.tgz 0ms (cache hit)
575 http cache filelist@https://registry.npmjs.org/filelist/-/filelist-1.0.2.tgz 0ms (cache hit)
576 http cache find-up@https://registry.npmjs.org/find-up/-/find-up-5.0.0.tgz 0ms (cache hit)
577 http cache file-entry-cache@https://registry.npmjs.org/file-entry-cache/-/file-entry-cache-6.0.1.tgz 0ms (cache hit)
578 http cache file-loader@https://registry.npmjs.org/file-loader/-/file-loader-6.2.0.tgz 0ms (cache hit)
579 http cache filesize@https://registry.npmjs.org/filesize/-/filesize-8.0.7.tgz 0ms (cache hit)
580 http cache faye-websocket@https://registry.npmjs.org/faye-websocket/-/faye-websocket-0.11.4.tgz 0ms (cache hit)
581 http cache fastq@https://registry.npmjs.org/fastq/-/fastq-1.13.0.tgz 0ms (cache hit)
582 http cache fast-json-stable-stringify@https://registry.npmjs.org/fast-json-stable-stringify/-/fast-json-stable-stringify-2.1.0.tgz 0ms (cache hit)
583 http cache fast-glob@https://registry.npmjs.org/fast-glob/-/fast-glob-3.2.11.tgz 0ms (cache hit)
584 http cache fb-watchman@https://registry.npmjs.org/fb-watchman/-/fb-watchman-2.0.1.tgz 0ms (cache hit)
585 http cache fast-levenshtein@https://registry.npmjs.org/fast-levenshtein/-/fast-levenshtein-2.0.6.tgz 0ms (cache hit)
586 http cache express@https://registry.npmjs.org/express/-/express-4.17.3.tgz 0ms (cache hit)
587 http cache expect@https://registry.npmjs.org/expect/-/expect-27.5.1.tgz 0ms (cache hit)
588 http cache exit@https://registry.npmjs.org/exit/-/exit-0.1.2.tgz 0ms (cache hit)
589 http cache execa@https://registry.npmjs.org/execa/-/execa-5.1.1.tgz 0ms (cache hit)
590 http cache events@https://registry.npmjs.org/events/-/events-3.3.0.tgz 0ms (cache hit)
591 http cache eventemitter3@https://registry.npmjs.org/eventemitter3/-/eventemitter3-4.0.7.tgz 0ms (cache hit)
592 http cache etag@https://registry.npmjs.org/etag/-/etag-1.8.1.tgz 0ms (cache hit)
593 http cache esutils@https://registry.npmjs.org/esutils/-/esutils-2.0.3.tgz 0ms (cache hit)
594 http cache fast-deep-equal@https://registry.npmjs.org/fast-deep-equal/-/fast-deep-equal-3.1.3.tgz 0ms (cache hit)
595 http cache estree-walker@https://registry.npmjs.org/estree-walker/-/estree-walker-1.0.1.tgz 0ms (cache hit)
596 http cache esrecurse@https://registry.npmjs.org/esrecurse/-/esrecurse-4.3.0.tgz 0ms (cache hit)
597 http cache estraverse@https://registry.npmjs.org/estraverse/-/estraverse-5.3.0.tgz 1ms (cache hit)
598 http cache esquery@https://registry.npmjs.org/esquery/-/esquery-1.4.0.tgz 0ms (cache hit)
599 http cache esprima@https://registry.npmjs.org/esprima/-/esprima-4.0.1.tgz 0ms (cache hit)
600 http cache eslint-webpack-plugin@https://registry.npmjs.org/eslint-webpack-plugin/-/eslint-webpack-plugin-3.1.1.tgz 0ms (cache hit)
601 http cache espree@https://registry.npmjs.org/espree/-/espree-9.3.1.tgz 0ms (cache hit)
602 http cache eslint-visitor-keys@https://registry.npmjs.org/eslint-visitor-keys/-/eslint-visitor-keys-3.3.0.tgz 0ms (cache hit)
603 http cache eslint-scope@https://registry.npmjs.org/eslint-scope/-/eslint-scope-7.1.1.tgz 0ms (cache hit)
604 http cache eslint-utils@https://registry.npmjs.org/eslint-utils/-/eslint-utils-3.0.0.tgz 0ms (cache hit)
605 http cache eslint-plugin-react-hooks@https://registry.npmjs.org/eslint-plugin-react-hooks/-/eslint-plugin-react-hooks-4.3.0.tgz 0ms (cache hit)
606 http cache eslint-plugin-testing-library@https://registry.npmjs.org/eslint-plugin-testing-library/-/eslint-plugin-testing-library-5.0.6.tgz 0ms (cache hit)
607 http cache eslint-plugin-react@https://registry.npmjs.org/eslint-plugin-react/-/eslint-plugin-react-7.29.3.tgz 0ms (cache hit)
608 http cache eslint-plugin-jsx-a11y@https://registry.npmjs.org/eslint-plugin-jsx-a11y/-/eslint-plugin-jsx-a11y-6.5.1.tgz 0ms (cache hit)
609 http cache eslint-plugin-import@https://registry.npmjs.org/eslint-plugin-import/-/eslint-plugin-import-2.25.4.tgz 0ms (cache hit)
610 http cache eslint-plugin-jest@https://registry.npmjs.org/eslint-plugin-jest/-/eslint-plugin-jest-25.7.0.tgz 0ms (cache hit)
611 http cache eslint-plugin-flowtype@https://registry.npmjs.org/eslint-plugin-flowtype/-/eslint-plugin-flowtype-8.0.3.tgz 0ms (cache hit)
612 http cache eslint-module-utils@https://registry.npmjs.org/eslint-module-utils/-/eslint-module-utils-2.7.3.tgz 0ms (cache hit)
613 http cache eslint-config-react-app@https://registry.npmjs.org/eslint-config-react-app/-/eslint-config-react-app-7.0.0.tgz 0ms (cache hit)
614 http cache eslint@https://registry.npmjs.org/eslint/-/eslint-8.10.0.tgz 0ms (cache hit)
615 http cache escodegen@https://registry.npmjs.org/escodegen/-/escodegen-2.0.0.tgz 0ms (cache hit)
616 http cache escape-string-regexp@https://registry.npmjs.org/escape-string-regexp/-/escape-string-regexp-1.0.5.tgz 0ms (cache hit)
617 http cache escape-html@https://registry.npmjs.org/escape-html/-/escape-html-1.0.3.tgz 0ms (cache hit)
618 http cache escalade@https://registry.npmjs.org/escalade/-/escalade-3.1.1.tgz 0ms (cache hit)
619 http cache es-to-primitive@https://registry.npmjs.org/es-to-primitive/-/es-to-primitive-1.2.1.tgz 0ms (cache hit)
620 http cache es-module-lexer@https://registry.npmjs.org/es-module-lexer/-/es-module-lexer-0.9.3.tgz 0ms (cache hit)
621 http cache es-abstract@https://registry.npmjs.org/es-abstract/-/es-abstract-1.19.1.tgz 0ms (cache hit)
622 http cache error-stack-parser@https://registry.npmjs.org/error-stack-parser/-/error-stack-parser-2.0.7.tgz 0ms (cache hit)
623 http cache error-ex@https://registry.npmjs.org/error-ex/-/error-ex-1.3.2.tgz 0ms (cache hit)
624 http cache entities@https://registry.npmjs.org/entities/-/entities-2.2.0.tgz 0ms (cache hit)
625 http cache emojis-list@https://registry.npmjs.org/emojis-list/-/emojis-list-3.0.0.tgz 0ms (cache hit)
626 http cache enhanced-resolve@https://registry.npmjs.org/enhanced-resolve/-/enhanced-resolve-5.9.2.tgz 0ms (cache hit)
627 http cache encodeurl@https://registry.npmjs.org/encodeurl/-/encodeurl-1.0.2.tgz 0ms (cache hit)
628 http cache emittery@https://registry.npmjs.org/emittery/-/emittery-0.8.1.tgz 0ms (cache hit)
629 http cache eslint-import-resolver-node@https://registry.npmjs.org/eslint-import-resolver-node/-/eslint-import-resolver-node-0.3.6.tgz 0ms (cache hit)
630 http cache electron-to-chromium@https://registry.npmjs.org/electron-to-chromium/-/electron-to-chromium-1.4.81.tgz 0ms (cache hit)
631 http cache ee-first@https://registry.npmjs.org/ee-first/-/ee-first-1.1.1.tgz 0ms (cache hit)
632 http cache duplexer@https://registry.npmjs.org/duplexer/-/duplexer-0.1.2.tgz 0ms (cache hit)
633 http cache dotenv-expand@https://registry.npmjs.org/dotenv-expand/-/dotenv-expand-5.1.0.tgz 0ms (cache hit)
634 http cache dotenv@https://registry.npmjs.org/dotenv/-/dotenv-10.0.0.tgz 0ms (cache hit)
635 http cache ejs@https://registry.npmjs.org/ejs/-/ejs-3.1.6.tgz 0ms (cache hit)
636 http cache dot-case@https://registry.npmjs.org/dot-case/-/dot-case-3.0.4.tgz 0ms (cache hit)
637 http cache domhandler@https://registry.npmjs.org/domhandler/-/domhandler-4.3.0.tgz 0ms (cache hit)
638 http cache domutils@https://registry.npmjs.org/domutils/-/domutils-2.8.0.tgz 0ms (cache hit)
639 http cache domelementtype@https://registry.npmjs.org/domelementtype/-/domelementtype-2.2.0.tgz 0ms (cache hit)
640 http cache emoji-regex@https://registry.npmjs.org/emoji-regex/-/emoji-regex-9.2.2.tgz 0ms (cache hit)
641 http cache domexception@https://registry.npmjs.org/domexception/-/domexception-2.0.1.tgz 0ms (cache hit)
642 http cache dom-serializer@https://registry.npmjs.org/dom-serializer/-/dom-serializer-1.3.2.tgz 0ms (cache hit)
643 http cache dom-converter@https://registry.npmjs.org/dom-converter/-/dom-converter-0.2.0.tgz 0ms (cache hit)
644 http cache doctrine@https://registry.npmjs.org/doctrine/-/doctrine-3.0.0.tgz 0ms (cache hit)
645 http cache dom-accessibility-api@https://registry.npmjs.org/dom-accessibility-api/-/dom-accessibility-api-0.5.13.tgz 0ms (cache hit)
646 http cache dns-txt@https://registry.npmjs.org/dns-txt/-/dns-txt-2.0.2.tgz 0ms (cache hit)
647 http cache dns-equal@https://registry.npmjs.org/dns-equal/-/dns-equal-1.0.0.tgz 0ms (cache hit)
648 http cache dns-packet@https://registry.npmjs.org/dns-packet/-/dns-packet-1.3.4.tgz 0ms (cache hit)
649 http cache dlv@https://registry.npmjs.org/dlv/-/dlv-1.1.3.tgz 0ms (cache hit)
650 http cache dir-glob@https://registry.npmjs.org/dir-glob/-/dir-glob-3.0.1.tgz 0ms (cache hit)
651 http cache didyoumean@https://registry.npmjs.org/didyoumean/-/didyoumean-1.2.2.tgz 0ms (cache hit)
652 http cache diff-sequences@https://registry.npmjs.org/diff-sequences/-/diff-sequences-27.5.1.tgz 0ms (cache hit)
653 http cache detective@https://registry.npmjs.org/detective/-/detective-5.2.0.tgz 0ms (cache hit)
654 http cache detect-node@https://registry.npmjs.org/detect-node/-/detect-node-2.1.0.tgz 0ms (cache hit)
655 http cache detect-port-alt@https://registry.npmjs.org/detect-port-alt/-/detect-port-alt-1.1.6.tgz 0ms (cache hit)
656 http cache destroy@https://registry.npmjs.org/destroy/-/destroy-1.0.4.tgz 0ms (cache hit)
657 http cache depd@https://registry.npmjs.org/depd/-/depd-1.1.2.tgz 0ms (cache hit)
658 http cache delayed-stream@https://registry.npmjs.org/delayed-stream/-/delayed-stream-1.0.0.tgz 0ms (cache hit)
659 http cache detect-newline@https://registry.npmjs.org/detect-newline/-/detect-newline-3.1.0.tgz 0ms (cache hit)
660 http cache defined@https://registry.npmjs.org/defined/-/defined-1.0.0.tgz 0ms (cache hit)
661 http cache del@https://registry.npmjs.org/del/-/del-6.0.0.tgz 0ms (cache hit)
662 http cache define-lazy-prop@https://registry.npmjs.org/define-lazy-prop/-/define-lazy-prop-2.0.0.tgz 0ms (cache hit)
663 http cache default-gateway@https://registry.npmjs.org/default-gateway/-/default-gateway-6.0.3.tgz 0ms (cache hit)
664 http cache deep-is@https://registry.npmjs.org/deep-is/-/deep-is-0.1.4.tgz 0ms (cache hit)
665 http cache deep-equal@https://registry.npmjs.org/deep-equal/-/deep-equal-1.1.1.tgz 0ms (cache hit)
666 http cache dedent@https://registry.npmjs.org/dedent/-/dedent-0.7.0.tgz 0ms (cache hit)
667 http cache define-properties@https://registry.npmjs.org/define-properties/-/define-properties-1.1.3.tgz 0ms (cache hit)
668 http cache decode-uri-component@https://registry.npmjs.org/decode-uri-component/-/decode-uri-component-0.2.0.tgz 0ms (cache hit)
669 http cache deepmerge@https://registry.npmjs.org/deepmerge/-/deepmerge-4.2.2.tgz 0ms (cache hit)
670 http cache debug@https://registry.npmjs.org/debug/-/debug-4.3.3.tgz 0ms (cache hit)
671 http cache data-urls@https://registry.npmjs.org/data-urls/-/data-urls-2.0.0.tgz 0ms (cache hit)
672 http cache decimal.js@https://registry.npmjs.org/decimal.js/-/decimal.js-10.3.1.tgz 0ms (cache hit)
673 http cache cssstyle@https://registry.npmjs.org/cssstyle/-/cssstyle-2.3.0.tgz 0ms (cache hit)
674 http cache csstype@https://registry.npmjs.org/csstype/-/csstype-3.0.11.tgz 0ms (cache hit)
675 http cache csso@https://registry.npmjs.org/csso/-/csso-4.2.0.tgz 0ms (cache hit)
676 http cache cssom@https://registry.npmjs.org/cssom/-/cssom-0.4.4.tgz 0ms (cache hit)
677 http cache damerau-levenshtein@https://registry.npmjs.org/damerau-levenshtein/-/damerau-levenshtein-1.0.8.tgz 0ms (cache hit)
678 http cache cssnano-utils@https://registry.npmjs.org/cssnano-utils/-/cssnano-utils-3.1.0.tgz 0ms (cache hit)
679 http cache cssnano@https://registry.npmjs.org/cssnano/-/cssnano-5.1.2.tgz 0ms (cache hit)
680 http cache cssesc@https://registry.npmjs.org/cssesc/-/cssesc-3.0.0.tgz 0ms (cache hit)
681 http cache cssnano-preset-default@https://registry.npmjs.org/cssnano-preset-default/-/cssnano-preset-default-5.2.2.tgz 0ms (cache hit)
682 http cache cssdb@https://registry.npmjs.org/cssdb/-/cssdb-6.4.1.tgz 0ms (cache hit)
683 http cache css.escape@https://registry.npmjs.org/css.escape/-/css.escape-1.5.1.tgz 0ms (cache hit)
684 http cache css-what@https://registry.npmjs.org/css-what/-/css-what-5.1.0.tgz 0ms (cache hit)
685 http cache css-tree@https://registry.npmjs.org/css-tree/-/css-tree-1.0.0-alpha.37.tgz 0ms (cache hit)
686 http cache css-select-base-adapter@https://registry.npmjs.org/css-select-base-adapter/-/css-select-base-adapter-0.1.1.tgz 0ms (cache hit)
687 http cache css-select@https://registry.npmjs.org/css-select/-/css-select-4.2.1.tgz 0ms (cache hit)
688 http cache css-prefers-color-scheme@https://registry.npmjs.org/css-prefers-color-scheme/-/css-prefers-color-scheme-6.0.3.tgz 0ms (cache hit)
689 http cache css-minimizer-webpack-plugin@https://registry.npmjs.org/css-minimizer-webpack-plugin/-/css-minimizer-webpack-plugin-3.4.1.tgz 0ms (cache hit)
690 http cache css-loader@https://registry.npmjs.org/css-loader/-/css-loader-6.7.1.tgz 0ms (cache hit)
691 http cache css-has-pseudo@https://registry.npmjs.org/css-has-pseudo/-/css-has-pseudo-3.0.4.tgz 0ms (cache hit)
692 http cache css-declaration-sorter@https://registry.npmjs.org/css-declaration-sorter/-/css-declaration-sorter-6.1.4.tgz 0ms (cache hit)
693 http cache css-blank-pseudo@https://registry.npmjs.org/css-blank-pseudo/-/css-blank-pseudo-3.0.3.tgz 0ms (cache hit)
694 http cache crypto-random-string@https://registry.npmjs.org/crypto-random-string/-/crypto-random-string-2.0.0.tgz 0ms (cache hit)
695 http cache cosmiconfig@https://registry.npmjs.org/cosmiconfig/-/cosmiconfig-7.0.1.tgz 0ms (cache hit)
696 http cache css@https://registry.npmjs.org/css/-/css-3.0.0.tgz 0ms (cache hit)
697 http cache core-util-is@https://registry.npmjs.org/core-util-is/-/core-util-is-1.0.3.tgz 0ms (cache hit)
698 http cache core-js-pure@https://registry.npmjs.org/core-js-pure/-/core-js-pure-3.21.1.tgz 0ms (cache hit)
699 http cache core-js-compat@https://registry.npmjs.org/core-js-compat/-/core-js-compat-3.21.1.tgz 0ms (cache hit)
700 http cache core-js@https://registry.npmjs.org/core-js/-/core-js-3.21.1.tgz 0ms (cache hit)
701 http cache cookie-signature@https://registry.npmjs.org/cookie-signature/-/cookie-signature-1.0.6.tgz 0ms (cache hit)
702 http cache cookie@https://registry.npmjs.org/cookie/-/cookie-0.4.2.tgz 0ms (cache hit)
703 http cache convert-source-map@https://registry.npmjs.org/convert-source-map/-/convert-source-map-1.8.0.tgz 0ms (cache hit)
704 http cache content-type@https://registry.npmjs.org/content-type/-/content-type-1.0.4.tgz 0ms (cache hit)
705 http cache cross-spawn@https://registry.npmjs.org/cross-spawn/-/cross-spawn-7.0.3.tgz 0ms (cache hit)
706 http cache confusing-browser-globals@https://registry.npmjs.org/confusing-browser-globals/-/confusing-browser-globals-1.0.11.tgz 0ms (cache hit)
707 http cache concat-map@https://registry.npmjs.org/concat-map/-/concat-map-0.0.1.tgz 0ms (cache hit)
708 http cache compression@https://registry.npmjs.org/compression/-/compression-1.7.4.tgz 0ms (cache hit)
709 http cache connect-history-api-fallback@https://registry.npmjs.org/connect-history-api-fallback/-/connect-history-api-fallback-1.6.0.tgz 0ms (cache hit)
710 http cache compressible@https://registry.npmjs.org/compressible/-/compressible-2.0.18.tgz 0ms (cache hit)
711 http cache commondir@https://registry.npmjs.org/commondir/-/commondir-1.0.1.tgz 0ms (cache hit)
712 http cache content-disposition@https://registry.npmjs.org/content-disposition/-/content-disposition-0.5.4.tgz 0ms (cache hit)
713 http cache common-path-prefix@https://registry.npmjs.org/common-path-prefix/-/common-path-prefix-3.0.0.tgz 0ms (cache hit)
714 http cache common-tags@https://registry.npmjs.org/common-tags/-/common-tags-1.8.2.tgz 0ms (cache hit)
715 http cache commander@https://registry.npmjs.org/commander/-/commander-8.3.0.tgz 0ms (cache hit)
716 http cache combined-stream@https://registry.npmjs.org/combined-stream/-/combined-stream-1.0.8.tgz 0ms (cache hit)
717 http cache colord@https://registry.npmjs.org/colord/-/colord-2.9.2.tgz 0ms (cache hit)
718 http cache colorette@https://registry.npmjs.org/colorette/-/colorette-2.0.16.tgz 0ms (cache hit)
719 http cache color-name@https://registry.npmjs.org/color-name/-/color-name-1.1.3.tgz 0ms (cache hit)
720 http cache color-convert@https://registry.npmjs.org/color-convert/-/color-convert-1.9.3.tgz 0ms (cache hit)
721 http cache co@https://registry.npmjs.org/co/-/co-4.6.0.tgz 0ms (cache hit)
722 http cache cliui@https://registry.npmjs.org/cliui/-/cliui-7.0.4.tgz 0ms (cache hit)
723 http cache collect-v8-coverage@https://registry.npmjs.org/collect-v8-coverage/-/collect-v8-coverage-1.0.1.tgz 0ms (cache hit)
724 http cache clean-stack@https://registry.npmjs.org/clean-stack/-/clean-stack-2.2.0.tgz 0ms (cache hit)
725 http cache clean-css@https://registry.npmjs.org/clean-css/-/clean-css-5.2.4.tgz 0ms (cache hit)
726 http cache cjs-module-lexer@https://registry.npmjs.org/cjs-module-lexer/-/cjs-module-lexer-1.2.2.tgz 0ms (cache hit)
727 http cache ci-info@https://registry.npmjs.org/ci-info/-/ci-info-3.3.0.tgz 0ms (cache hit)
728 http cache chrome-trace-event@https://registry.npmjs.org/chrome-trace-event/-/chrome-trace-event-1.0.3.tgz 0ms (cache hit)
729 http cache chokidar@https://registry.npmjs.org/chokidar/-/chokidar-3.5.3.tgz 0ms (cache hit)
730 http cache check-types@https://registry.npmjs.org/check-types/-/check-types-11.1.2.tgz 0ms (cache hit)
731 http cache charcodes@https://registry.npmjs.org/charcodes/-/charcodes-0.2.0.tgz 0ms (cache hit)
732 http cache chalk@https://registry.npmjs.org/chalk/-/chalk-2.4.2.tgz 0ms (cache hit)
733 http cache coa@https://registry.npmjs.org/coa/-/coa-2.0.2.tgz 0ms (cache hit)
734 http cache case-sensitive-paths-webpack-plugin@https://registry.npmjs.org/case-sensitive-paths-webpack-plugin/-/case-sensitive-paths-webpack-plugin-2.4.0.tgz 0ms (cache hit)
735 http cache caniuse-lite@https://registry.npmjs.org/caniuse-lite/-/caniuse-lite-1.0.30001314.tgz 0ms (cache hit)
736 http cache caniuse-api@https://registry.npmjs.org/caniuse-api/-/caniuse-api-3.0.0.tgz 0ms (cache hit)
737 http cache camelcase@https://registry.npmjs.org/camelcase/-/camelcase-6.3.0.tgz 0ms (cache hit)
738 http cache char-regex@https://registry.npmjs.org/char-regex/-/char-regex-1.0.2.tgz 0ms (cache hit)
739 http cache camel-case@https://registry.npmjs.org/camel-case/-/camel-case-4.1.2.tgz 0ms (cache hit)
740 http cache callsites@https://registry.npmjs.org/callsites/-/callsites-3.1.0.tgz 0ms (cache hit)
741 http cache call-bind@https://registry.npmjs.org/call-bind/-/call-bind-1.0.2.tgz 0ms (cache hit)
742 http cache builtin-modules@https://registry.npmjs.org/builtin-modules/-/builtin-modules-3.2.0.tgz 0ms (cache hit)
743 http cache bytes@https://registry.npmjs.org/bytes/-/bytes-3.0.0.tgz 0ms (cache hit)
744 http cache camelcase-css@https://registry.npmjs.org/camelcase-css/-/camelcase-css-2.0.1.tgz 0ms (cache hit)
745 http cache buffer-from@https://registry.npmjs.org/buffer-from/-/buffer-from-1.1.2.tgz 0ms (cache hit)
746 http cache buffer-indexof@https://registry.npmjs.org/buffer-indexof/-/buffer-indexof-1.1.1.tgz 0ms (cache hit)
747 http cache browserslist@https://registry.npmjs.org/browserslist/-/browserslist-4.20.0.tgz 0ms (cache hit)
748 http cache bser@https://registry.npmjs.org/bser/-/bser-2.1.1.tgz 0ms (cache hit)
749 http cache braces@https://registry.npmjs.org/braces/-/braces-3.0.2.tgz 0ms (cache hit)
750 http cache brace-expansion@https://registry.npmjs.org/brace-expansion/-/brace-expansion-1.1.11.tgz 0ms (cache hit)
751 http cache boolbase@https://registry.npmjs.org/boolbase/-/boolbase-1.0.0.tgz 0ms (cache hit)
752 http cache bonjour@https://registry.npmjs.org/bonjour/-/bonjour-3.5.0.tgz 0ms (cache hit)
753 http cache body-parser@https://registry.npmjs.org/body-parser/-/body-parser-1.19.2.tgz 0ms (cache hit)
754 http cache bluebird@https://registry.npmjs.org/bluebird/-/bluebird-3.7.2.tgz 0ms (cache hit)
755 http cache browser-process-hrtime@https://registry.npmjs.org/browser-process-hrtime/-/browser-process-hrtime-1.0.0.tgz 0ms (cache hit)
756 http cache bfj@https://registry.npmjs.org/bfj/-/bfj-7.0.2.tgz 0ms (cache hit)
757 http cache big.js@https://registry.npmjs.org/big.js/-/big.js-5.2.2.tgz 0ms (cache hit)
758 http cache binary-extensions@https://registry.npmjs.org/binary-extensions/-/binary-extensions-2.2.0.tgz 0ms (cache hit)
759 http cache batch@https://registry.npmjs.org/batch/-/batch-0.6.1.tgz 0ms (cache hit)
760 http cache balanced-match@https://registry.npmjs.org/balanced-match/-/balanced-match-1.0.2.tgz 0ms (cache hit)
761 http cache babel-preset-react-app@https://registry.npmjs.org/babel-preset-react-app/-/babel-preset-react-app-10.0.1.tgz 0ms (cache hit)
762 http cache babel-preset-current-node-syntax@https://registry.npmjs.org/babel-preset-current-node-syntax/-/babel-preset-current-node-syntax-1.0.1.tgz 0ms (cache hit)
763 http cache babel-preset-jest@https://registry.npmjs.org/babel-preset-jest/-/babel-preset-jest-27.5.1.tgz 0ms (cache hit)
764 http cache babel-plugin-transform-react-remove-prop-types@https://registry.npmjs.org/babel-plugin-transform-react-remove-prop-types/-/babel-plugin-transform-react-remove-prop-types-0.4.24.tgz 0ms (cache hit)
765 http cache babel-plugin-polyfill-regenerator@https://registry.npmjs.org/babel-plugin-polyfill-regenerator/-/babel-plugin-polyfill-regenerator-0.3.1.tgz 0ms (cache hit)
766 http cache babel-plugin-polyfill-corejs3@https://registry.npmjs.org/babel-plugin-polyfill-corejs3/-/babel-plugin-polyfill-corejs3-0.5.2.tgz 0ms (cache hit)
767 http cache babel-plugin-polyfill-corejs2@https://registry.npmjs.org/babel-plugin-polyfill-corejs2/-/babel-plugin-polyfill-corejs2-0.3.1.tgz 0ms (cache hit)
768 http cache babel-plugin-named-asset-import@https://registry.npmjs.org/babel-plugin-named-asset-import/-/babel-plugin-named-asset-import-0.3.8.tgz 0ms (cache hit)
769 http cache babel-plugin-macros@https://registry.npmjs.org/babel-plugin-macros/-/babel-plugin-macros-3.1.0.tgz 0ms (cache hit)
770 http cache babel-plugin-jest-hoist@https://registry.npmjs.org/babel-plugin-jest-hoist/-/babel-plugin-jest-hoist-27.5.1.tgz 0ms (cache hit)
771 http cache babel-plugin-istanbul@https://registry.npmjs.org/babel-plugin-istanbul/-/babel-plugin-istanbul-6.1.1.tgz 0ms (cache hit)
772 http cache babel-plugin-dynamic-import-node@https://registry.npmjs.org/babel-plugin-dynamic-import-node/-/babel-plugin-dynamic-import-node-2.3.3.tgz 0ms (cache hit)
773 http cache babel-loader@https://registry.npmjs.org/babel-loader/-/babel-loader-8.2.3.tgz 0ms (cache hit)
774 http cache axobject-query@https://registry.npmjs.org/axobject-query/-/axobject-query-2.2.0.tgz 0ms (cache hit)
775 http cache axe-core@https://registry.npmjs.org/axe-core/-/axe-core-4.4.1.tgz 0ms (cache hit)
776 http cache babel-jest@https://registry.npmjs.org/babel-jest/-/babel-jest-27.5.1.tgz 0ms (cache hit)
777 http cache autoprefixer@https://registry.npmjs.org/autoprefixer/-/autoprefixer-10.4.2.tgz 0ms (cache hit)
778 http cache atob@https://registry.npmjs.org/atob/-/atob-2.1.2.tgz 0ms (cache hit)
779 http cache asynckit@https://registry.npmjs.org/asynckit/-/asynckit-0.4.0.tgz 0ms (cache hit)
780 http cache ast-types-flow@https://registry.npmjs.org/ast-types-flow/-/ast-types-flow-0.0.7.tgz 0ms (cache hit)
781 http cache async@https://registry.npmjs.org/async/-/async-2.6.3.tgz 0ms (cache hit)
782 http cache asap@https://registry.npmjs.org/asap/-/asap-2.0.6.tgz 0ms (cache hit)
783 http cache array.prototype.flat@https://registry.npmjs.org/array.prototype.flat/-/array.prototype.flat-1.2.5.tgz 0ms (cache hit)
784 http cache at-least-node@https://registry.npmjs.org/at-least-node/-/at-least-node-1.0.0.tgz 0ms (cache hit)
785 http cache array-includes@https://registry.npmjs.org/array-includes/-/array-includes-3.1.4.tgz 0ms (cache hit)
786 http cache array-union@https://registry.npmjs.org/array-union/-/array-union-2.1.0.tgz 0ms (cache hit)
787 http cache aria-query@https://registry.npmjs.org/aria-query/-/aria-query-4.2.2.tgz 0ms (cache hit)
788 http cache argparse@https://registry.npmjs.org/argparse/-/argparse-1.0.10.tgz 0ms (cache hit)
789 http cache arg@https://registry.npmjs.org/arg/-/arg-5.0.1.tgz 0ms (cache hit)
790 http cache array-flatten@https://registry.npmjs.org/array-flatten/-/array-flatten-2.1.2.tgz 0ms (cache hit)
791 http cache anymatch@https://registry.npmjs.org/anymatch/-/anymatch-3.1.2.tgz 0ms (cache hit)
792 http cache ansi-styles@https://registry.npmjs.org/ansi-styles/-/ansi-styles-3.2.1.tgz 0ms (cache hit)
793 http cache array.prototype.flatmap@https://registry.npmjs.org/array.prototype.flatmap/-/array.prototype.flatmap-1.2.5.tgz 0ms (cache hit)
794 http cache ansi-escapes@https://registry.npmjs.org/ansi-escapes/-/ansi-escapes-4.3.2.tgz 0ms (cache hit)
795 http cache ansi-html-community@https://registry.npmjs.org/ansi-html-community/-/ansi-html-community-0.0.8.tgz 0ms (cache hit)
796 http cache ajv-keywords@https://registry.npmjs.org/ajv-keywords/-/ajv-keywords-3.5.2.tgz 0ms (cache hit)
797 http cache ajv-formats@https://registry.npmjs.org/ajv-formats/-/ajv-formats-2.1.1.tgz 0ms (cache hit)
798 http cache ajv@https://registry.npmjs.org/ajv/-/ajv-6.12.6.tgz 0ms (cache hit)
799 http cache aggregate-error@https://registry.npmjs.org/aggregate-error/-/aggregate-error-3.1.0.tgz 0ms (cache hit)
800 http cache agent-base@https://registry.npmjs.org/agent-base/-/agent-base-6.0.2.tgz 0ms (cache hit)
801 http cache ansi-regex@https://registry.npmjs.org/ansi-regex/-/ansi-regex-5.0.1.tgz 0ms (cache hit)
802 http cache address@https://registry.npmjs.org/address/-/address-1.1.2.tgz 0ms (cache hit)
803 http cache acorn-walk@https://registry.npmjs.org/acorn-walk/-/acorn-walk-7.2.0.tgz 0ms (cache hit)
804 http cache acorn-node@https://registry.npmjs.org/acorn-node/-/acorn-node-1.8.2.tgz 0ms (cache hit)
805 http cache acorn-jsx@https://registry.npmjs.org/acorn-jsx/-/acorn-jsx-5.3.2.tgz 0ms (cache hit)
806 http cache acorn-globals@https://registry.npmjs.org/acorn-globals/-/acorn-globals-6.0.0.tgz 0ms (cache hit)
807 http cache acorn-import-assertions@https://registry.npmjs.org/acorn-import-assertions/-/acorn-import-assertions-1.8.0.tgz 0ms (cache hit)
808 http cache acorn@https://registry.npmjs.org/acorn/-/acorn-8.7.0.tgz 0ms (cache hit)
809 http cache accepts@https://registry.npmjs.org/accepts/-/accepts-1.3.8.tgz 0ms (cache hit)
810 http cache abab@https://registry.npmjs.org/abab/-/abab-2.0.5.tgz 0ms (cache hit)
811 http cache @xtuc/long@https://registry.npmjs.org/@xtuc/long/-/long-4.2.2.tgz 0ms (cache hit)
812 http cache @webassemblyjs/wast-printer@https://registry.npmjs.org/@webassemblyjs/wast-printer/-/wast-printer-1.11.1.tgz 0ms (cache hit)
813 http cache @webassemblyjs/wasm-parser@https://registry.npmjs.org/@webassemblyjs/wasm-parser/-/wasm-parser-1.11.1.tgz 0ms (cache hit)
814 http cache @xtuc/ieee754@https://registry.npmjs.org/@xtuc/ieee754/-/ieee754-1.2.0.tgz 0ms (cache hit)
815 http cache adjust-sourcemap-loader@https://registry.npmjs.org/adjust-sourcemap-loader/-/adjust-sourcemap-loader-4.0.0.tgz 0ms (cache hit)
816 http cache @webassemblyjs/wasm-gen@https://registry.npmjs.org/@webassemblyjs/wasm-gen/-/wasm-gen-1.11.1.tgz 0ms (cache hit)
817 http cache @webassemblyjs/wasm-opt@https://registry.npmjs.org/@webassemblyjs/wasm-opt/-/wasm-opt-1.11.1.tgz 0ms (cache hit)
818 http cache @webassemblyjs/wasm-edit@https://registry.npmjs.org/@webassemblyjs/wasm-edit/-/wasm-edit-1.11.1.tgz 0ms (cache hit)
819 http cache @webassemblyjs/utf8@https://registry.npmjs.org/@webassemblyjs/utf8/-/utf8-1.11.1.tgz 0ms (cache hit)
820 http cache @webassemblyjs/ieee754@https://registry.npmjs.org/@webassemblyjs/ieee754/-/ieee754-1.11.1.tgz 0ms (cache hit)
821 http cache @webassemblyjs/helper-wasm-section@https://registry.npmjs.org/@webassemblyjs/helper-wasm-section/-/helper-wasm-section-1.11.1.tgz 0ms (cache hit)
822 http cache @webassemblyjs/helper-wasm-bytecode@https://registry.npmjs.org/@webassemblyjs/helper-wasm-bytecode/-/helper-wasm-bytecode-1.11.1.tgz 0ms (cache hit)
823 http cache @webassemblyjs/helper-numbers@https://registry.npmjs.org/@webassemblyjs/helper-numbers/-/helper-numbers-1.11.1.tgz 0ms (cache hit)
824 http cache @webassemblyjs/helper-api-error@https://registry.npmjs.org/@webassemblyjs/helper-api-error/-/helper-api-error-1.11.1.tgz 0ms (cache hit)
825 http cache @webassemblyjs/helper-buffer@https://registry.npmjs.org/@webassemblyjs/helper-buffer/-/helper-buffer-1.11.1.tgz 0ms (cache hit)
826 http cache @webassemblyjs/floating-point-hex-parser@https://registry.npmjs.org/@webassemblyjs/floating-point-hex-parser/-/floating-point-hex-parser-1.11.1.tgz 0ms (cache hit)
827 http cache @webassemblyjs/ast@https://registry.npmjs.org/@webassemblyjs/ast/-/ast-1.11.1.tgz 0ms (cache hit)
828 http cache @typescript-eslint/visitor-keys@https://registry.npmjs.org/@typescript-eslint/visitor-keys/-/visitor-keys-5.14.0.tgz 0ms (cache hit)
829 http cache @typescript-eslint/utils@https://registry.npmjs.org/@typescript-eslint/utils/-/utils-5.14.0.tgz 0ms (cache hit)
830 http cache @typescript-eslint/typescript-estree@https://registry.npmjs.org/@typescript-eslint/typescript-estree/-/typescript-estree-5.14.0.tgz 0ms (cache hit)
831 http cache @typescript-eslint/types@https://registry.npmjs.org/@typescript-eslint/types/-/types-5.14.0.tgz 0ms (cache hit)
832 http cache @typescript-eslint/type-utils@https://registry.npmjs.org/@typescript-eslint/type-utils/-/type-utils-5.14.0.tgz 0ms (cache hit)
833 http cache @typescript-eslint/scope-manager@https://registry.npmjs.org/@typescript-eslint/scope-manager/-/scope-manager-5.14.0.tgz 0ms (cache hit)
834 http cache @typescript-eslint/experimental-utils@https://registry.npmjs.org/@typescript-eslint/experimental-utils/-/experimental-utils-5.14.0.tgz 0ms (cache hit)
835 http cache @typescript-eslint/parser@https://registry.npmjs.org/@typescript-eslint/parser/-/parser-5.14.0.tgz 0ms (cache hit)
836 http cache @typescript-eslint/eslint-plugin@https://registry.npmjs.org/@typescript-eslint/eslint-plugin/-/eslint-plugin-5.14.0.tgz 0ms (cache hit)
837 http cache @types/yargs-parser@https://registry.npmjs.org/@types/yargs-parser/-/yargs-parser-21.0.0.tgz 0ms (cache hit)
838 http cache @types/yargs@https://registry.npmjs.org/@types/yargs/-/yargs-16.0.4.tgz 0ms (cache hit)
839 http cache @webassemblyjs/leb128@https://registry.npmjs.org/@webassemblyjs/leb128/-/leb128-1.11.1.tgz 0ms (cache hit)
840 http cache @types/ws@https://registry.npmjs.org/@types/ws/-/ws-8.5.2.tgz 0ms (cache hit)
841 http cache @types/trusted-types@https://registry.npmjs.org/@types/trusted-types/-/trusted-types-2.0.2.tgz 0ms (cache hit)
842 http cache @types/testing-library__jest-dom@https://registry.npmjs.org/@types/testing-library__jest-dom/-/testing-library__jest-dom-5.14.3.tgz 0ms (cache hit)
843 http cache @types/serve-static@https://registry.npmjs.org/@types/serve-static/-/serve-static-1.13.10.tgz 0ms (cache hit)
844 http cache @types/serve-index@https://registry.npmjs.org/@types/serve-index/-/serve-index-1.9.1.tgz 0ms (cache hit)
845 http cache @types/sockjs@https://registry.npmjs.org/@types/sockjs/-/sockjs-0.3.33.tgz 0ms (cache hit)
846 http cache @types/stack-utils@https://registry.npmjs.org/@types/stack-utils/-/stack-utils-2.0.1.tgz 0ms (cache hit)
847 http cache @types/scheduler@https://registry.npmjs.org/@types/scheduler/-/scheduler-0.16.2.tgz 0ms (cache hit)
848 http cache @types/retry@https://registry.npmjs.org/@types/retry/-/retry-0.12.1.tgz 0ms (cache hit)
849 http cache @types/react@https://registry.npmjs.org/@types/react/-/react-17.0.40.tgz 0ms (cache hit)
850 http cache @types/range-parser@https://registry.npmjs.org/@types/range-parser/-/range-parser-1.2.4.tgz 0ms (cache hit)
851 http cache @types/react-dom@https://registry.npmjs.org/@types/react-dom/-/react-dom-17.0.13.tgz 0ms (cache hit)
852 http cache @types/resolve@https://registry.npmjs.org/@types/resolve/-/resolve-1.17.1.tgz 0ms (cache hit)
853 http cache @types/qs@https://registry.npmjs.org/@types/qs/-/qs-6.9.7.tgz 0ms (cache hit)
854 http cache @types/prop-types@https://registry.npmjs.org/@types/prop-types/-/prop-types-15.7.4.tgz 0ms (cache hit)
855 http cache @types/node@https://registry.npmjs.org/@types/node/-/node-17.0.21.tgz 0ms (cache hit)
856 http cache @types/parse-json@https://registry.npmjs.org/@types/parse-json/-/parse-json-4.0.0.tgz 0ms (cache hit)
857 http cache @types/mime@https://registry.npmjs.org/@types/mime/-/mime-1.3.2.tgz 0ms (cache hit)
858 http cache @types/q@https://registry.npmjs.org/@types/q/-/q-1.5.5.tgz 0ms (cache hit)
859 http cache @types/json5@https://registry.npmjs.org/@types/json5/-/json5-0.0.29.tgz 0ms (cache hit)
860 http cache @types/json-schema@https://registry.npmjs.org/@types/json-schema/-/json-schema-7.0.9.tgz 0ms (cache hit)
861 http cache @types/long@https://registry.npmjs.org/@types/long/-/long-4.0.2.tgz 0ms (cache hit)
862 http cache @types/jest@https://registry.npmjs.org/@types/jest/-/jest-27.4.1.tgz 0ms (cache hit)
863 http cache @types/prettier@https://registry.npmjs.org/@types/prettier/-/prettier-2.4.4.tgz 0ms (cache hit)
864 http cache @types/istanbul-reports@https://registry.npmjs.org/@types/istanbul-reports/-/istanbul-reports-3.0.1.tgz 0ms (cache hit)
865 http cache @types/istanbul-lib-report@https://registry.npmjs.org/@types/istanbul-lib-report/-/istanbul-lib-report-3.0.0.tgz 0ms (cache hit)
866 http cache @types/istanbul-lib-coverage@https://registry.npmjs.org/@types/istanbul-lib-coverage/-/istanbul-lib-coverage-2.0.4.tgz 0ms (cache hit)
867 http cache @types/http-proxy@https://registry.npmjs.org/@types/http-proxy/-/http-proxy-1.17.8.tgz 0ms (cache hit)
868 http cache @types/graceful-fs@https://registry.npmjs.org/@types/graceful-fs/-/graceful-fs-4.1.5.tgz 0ms (cache hit)
869 http cache @types/html-minifier-terser@https://registry.npmjs.org/@types/html-minifier-terser/-/html-minifier-terser-6.1.0.tgz 0ms (cache hit)
870 http cache @types/express-serve-static-core@https://registry.npmjs.org/@types/express-serve-static-core/-/express-serve-static-core-4.17.28.tgz 0ms (cache hit)
871 http cache @types/express@https://registry.npmjs.org/@types/express/-/express-4.17.13.tgz 0ms (cache hit)
872 http cache @types/eslint-scope@https://registry.npmjs.org/@types/eslint-scope/-/eslint-scope-3.7.3.tgz 0ms (cache hit)
873 http cache @types/eslint@https://registry.npmjs.org/@types/eslint/-/eslint-7.29.0.tgz 0ms (cache hit)
874 http cache @types/connect-history-api-fallback@https://registry.npmjs.org/@types/connect-history-api-fallback/-/connect-history-api-fallback-1.3.5.tgz 0ms (cache hit)
875 http cache @types/estree@https://registry.npmjs.org/@types/estree/-/estree-0.0.51.tgz 0ms (cache hit)
876 http cache @types/connect@https://registry.npmjs.org/@types/connect/-/connect-3.4.35.tgz 0ms (cache hit)
877 http cache @types/body-parser@https://registry.npmjs.org/@types/body-parser/-/body-parser-1.19.2.tgz 0ms (cache hit)
878 http cache @types/babel__traverse@https://registry.npmjs.org/@types/babel__traverse/-/babel__traverse-7.14.2.tgz 0ms (cache hit)
879 http cache @types/babel__template@https://registry.npmjs.org/@types/babel__template/-/babel__template-7.4.1.tgz 0ms (cache hit)
880 http cache @types/babel__generator@https://registry.npmjs.org/@types/babel__generator/-/babel__generator-7.6.4.tgz 0ms (cache hit)
881 http cache @types/babel__core@https://registry.npmjs.org/@types/babel__core/-/babel__core-7.1.18.tgz 0ms (cache hit)
882 http cache @types/aria-query@https://registry.npmjs.org/@types/aria-query/-/aria-query-4.2.2.tgz 0ms (cache hit)
883 http cache @trysound/sax@https://registry.npmjs.org/@trysound/sax/-/sax-0.2.0.tgz 0ms (cache hit)
884 http cache @tootallnate/once@https://registry.npmjs.org/@tootallnate/once/-/once-1.1.2.tgz 0ms (cache hit)
885 http cache @testing-library/user-event@https://registry.npmjs.org/@testing-library/user-event/-/user-event-13.5.0.tgz 0ms (cache hit)
886 http cache @testing-library/react@https://registry.npmjs.org/@testing-library/react/-/react-12.1.4.tgz 0ms (cache hit)
887 http cache @testing-library/jest-dom@https://registry.npmjs.org/@testing-library/jest-dom/-/jest-dom-5.16.2.tgz 0ms (cache hit)
888 http cache @testing-library/dom@https://registry.npmjs.org/@testing-library/dom/-/dom-8.11.3.tgz 0ms (cache hit)
889 http cache @svgr/webpack@https://registry.npmjs.org/@svgr/webpack/-/webpack-5.5.0.tgz 0ms (cache hit)
890 http cache @svgr/plugin-svgo@https://registry.npmjs.org/@svgr/plugin-svgo/-/plugin-svgo-5.5.0.tgz 0ms (cache hit)
891 http cache @types/bonjour@https://registry.npmjs.org/@types/bonjour/-/bonjour-3.5.10.tgz 0ms (cache hit)
892 http cache @svgr/hast-util-to-babel-ast@https://registry.npmjs.org/@svgr/hast-util-to-babel-ast/-/hast-util-to-babel-ast-5.5.0.tgz 0ms (cache hit)
893 http cache @svgr/core@https://registry.npmjs.org/@svgr/core/-/core-5.5.0.tgz 0ms (cache hit)
894 http cache @svgr/babel-preset@https://registry.npmjs.org/@svgr/babel-preset/-/babel-preset-5.5.0.tgz 0ms (cache hit)
895 http cache @svgr/babel-plugin-transform-svg-component@https://registry.npmjs.org/@svgr/babel-plugin-transform-svg-component/-/babel-plugin-transform-svg-component-5.5.0.tgz 0ms (cache hit)
896 http cache @svgr/babel-plugin-transform-react-native-svg@https://registry.npmjs.org/@svgr/babel-plugin-transform-react-native-svg/-/babel-plugin-transform-react-native-svg-5.4.0.tgz 0ms (cache hit)
897 http cache @svgr/babel-plugin-svg-em-dimensions@https://registry.npmjs.org/@svgr/babel-plugin-svg-em-dimensions/-/babel-plugin-svg-em-dimensions-5.4.0.tgz 0ms (cache hit)
898 http cache @svgr/babel-plugin-replace-jsx-attribute-value@https://registry.npmjs.org/@svgr/babel-plugin-replace-jsx-attribute-value/-/babel-plugin-replace-jsx-attribute-value-5.0.1.tgz 0ms (cache hit)
899 http cache @svgr/babel-plugin-remove-jsx-empty-expression@https://registry.npmjs.org/@svgr/babel-plugin-remove-jsx-empty-expression/-/babel-plugin-remove-jsx-empty-expression-5.0.1.tgz 0ms (cache hit)
900 http cache @svgr/plugin-jsx@https://registry.npmjs.org/@svgr/plugin-jsx/-/plugin-jsx-5.5.0.tgz 0ms (cache hit)
901 http cache @svgr/babel-plugin-svg-dynamic-title@https://registry.npmjs.org/@svgr/babel-plugin-svg-dynamic-title/-/babel-plugin-svg-dynamic-title-5.4.0.tgz 0ms (cache hit)
902 http cache @svgr/babel-plugin-remove-jsx-attribute@https://registry.npmjs.org/@svgr/babel-plugin-remove-jsx-attribute/-/babel-plugin-remove-jsx-attribute-5.4.0.tgz 0ms (cache hit)
903 http cache @surma/rollup-plugin-off-main-thread@https://registry.npmjs.org/@surma/rollup-plugin-off-main-thread/-/rollup-plugin-off-main-thread-2.2.3.tgz 0ms (cache hit)
904 http cache @sinonjs/fake-timers@https://registry.npmjs.org/@sinonjs/fake-timers/-/fake-timers-8.1.0.tgz 0ms (cache hit)
905 http cache @sinonjs/commons@https://registry.npmjs.org/@sinonjs/commons/-/commons-1.8.3.tgz 0ms (cache hit)
906 http cache @svgr/babel-plugin-add-jsx-attribute@https://registry.npmjs.org/@svgr/babel-plugin-add-jsx-attribute/-/babel-plugin-add-jsx-attribute-5.4.0.tgz 0ms (cache hit)
907 http cache @rollup/pluginutils@https://registry.npmjs.org/@rollup/pluginutils/-/pluginutils-3.1.0.tgz 0ms (cache hit)
908 http cache @rushstack/eslint-patch@https://registry.npmjs.org/@rushstack/eslint-patch/-/eslint-patch-1.1.0.tgz 0ms (cache hit)
909 http cache @rollup/plugin-babel@https://registry.npmjs.org/@rollup/plugin-babel/-/plugin-babel-5.3.1.tgz 0ms (cache hit)
910 http cache @protobufjs/utf8@https://registry.npmjs.org/@protobufjs/utf8/-/utf8-1.1.0.tgz 0ms (cache hit)
911 http cache @protobufjs/pool@https://registry.npmjs.org/@protobufjs/pool/-/pool-1.1.0.tgz 0ms (cache hit)
912 http cache @rollup/plugin-replace@https://registry.npmjs.org/@rollup/plugin-replace/-/plugin-replace-2.4.2.tgz 0ms (cache hit)
913 http cache @protobufjs/path@https://registry.npmjs.org/@protobufjs/path/-/path-1.1.2.tgz 0ms (cache hit)
914 http cache @protobufjs/fetch@https://registry.npmjs.org/@protobufjs/fetch/-/fetch-1.1.0.tgz 0ms (cache hit)
915 http cache @protobufjs/float@https://registry.npmjs.org/@protobufjs/float/-/float-1.0.2.tgz 0ms (cache hit)
916 http cache @rollup/plugin-node-resolve@https://registry.npmjs.org/@rollup/plugin-node-resolve/-/plugin-node-resolve-11.2.1.tgz 0ms (cache hit)
917 http cache @protobufjs/inquire@https://registry.npmjs.org/@protobufjs/inquire/-/inquire-1.1.0.tgz 0ms (cache hit)
918 http cache @protobufjs/eventemitter@https://registry.npmjs.org/@protobufjs/eventemitter/-/eventemitter-1.1.0.tgz 0ms (cache hit)
919 http cache @protobufjs/codegen@https://registry.npmjs.org/@protobufjs/codegen/-/codegen-2.0.4.tgz 0ms (cache hit)
920 http cache @protobufjs/aspromise@https://registry.npmjs.org/@protobufjs/aspromise/-/aspromise-1.1.2.tgz 0ms (cache hit)
921 http cache @pmmmwh/react-refresh-webpack-plugin@https://registry.npmjs.org/@pmmmwh/react-refresh-webpack-plugin/-/react-refresh-webpack-plugin-0.5.4.tgz 0ms (cache hit)
922 http cache @nodelib/fs.walk@https://registry.npmjs.org/@nodelib/fs.walk/-/fs.walk-1.2.8.tgz 0ms (cache hit)
923 http cache @protobufjs/base64@https://registry.npmjs.org/@protobufjs/base64/-/base64-1.1.2.tgz 0ms (cache hit)
924 http cache @nodelib/fs.stat@https://registry.npmjs.org/@nodelib/fs.stat/-/fs.stat-2.0.5.tgz 0ms (cache hit)
925 http cache @jridgewell/trace-mapping@https://registry.npmjs.org/@jridgewell/trace-mapping/-/trace-mapping-0.3.4.tgz 0ms (cache hit)
926 http cache @nodelib/fs.scandir@https://registry.npmjs.org/@nodelib/fs.scandir/-/fs.scandir-2.1.5.tgz 0ms (cache hit)
927 http cache @jridgewell/sourcemap-codec@https://registry.npmjs.org/@jridgewell/sourcemap-codec/-/sourcemap-codec-1.4.11.tgz 0ms (cache hit)
928 http cache @jest/types@https://registry.npmjs.org/@jest/types/-/types-27.5.1.tgz 0ms (cache hit)
929 http cache @jest/transform@https://registry.npmjs.org/@jest/transform/-/transform-27.5.1.tgz 0ms (cache hit)
930 http cache @jest/test-sequencer@https://registry.npmjs.org/@jest/test-sequencer/-/test-sequencer-27.5.1.tgz 0ms (cache hit)
931 http cache @jridgewell/resolve-uri@https://registry.npmjs.org/@jridgewell/resolve-uri/-/resolve-uri-3.0.5.tgz 0ms (cache hit)
932 http cache @jest/source-map@https://registry.npmjs.org/@jest/source-map/-/source-map-27.5.1.tgz 0ms (cache hit)
933 http cache @jest/reporters@https://registry.npmjs.org/@jest/reporters/-/reporters-27.5.1.tgz 0ms (cache hit)
934 http cache @jest/test-result@https://registry.npmjs.org/@jest/test-result/-/test-result-27.5.1.tgz 0ms (cache hit)
935 http cache @jest/fake-timers@https://registry.npmjs.org/@jest/fake-timers/-/fake-timers-27.5.1.tgz 0ms (cache hit)
936 http cache @jest/globals@https://registry.npmjs.org/@jest/globals/-/globals-27.5.1.tgz 0ms (cache hit)
937 http cache @jest/environment@https://registry.npmjs.org/@jest/environment/-/environment-27.5.1.tgz 0ms (cache hit)
938 http cache @jest/console@https://registry.npmjs.org/@jest/console/-/console-27.5.1.tgz 0ms (cache hit)
939 http cache @istanbuljs/schema@https://registry.npmjs.org/@istanbuljs/schema/-/schema-0.1.3.tgz 0ms (cache hit)
940 http cache @humanwhocodes/object-schema@https://registry.npmjs.org/@humanwhocodes/object-schema/-/object-schema-1.2.1.tgz 0ms (cache hit)
941 http cache @humanwhocodes/config-array@https://registry.npmjs.org/@humanwhocodes/config-array/-/config-array-0.9.5.tgz 0ms (cache hit)
942 http cache @grpc/proto-loader@https://registry.npmjs.org/@grpc/proto-loader/-/proto-loader-0.6.13.tgz 0ms (cache hit)
943 http cache @grpc/grpc-js@https://registry.npmjs.org/@grpc/grpc-js/-/grpc-js-1.6.7.tgz 0ms (cache hit)
944 http cache @jest/core@https://registry.npmjs.org/@jest/core/-/core-27.5.1.tgz 0ms (cache hit)
945 http cache @firebase/webchannel-wrapper@https://registry.npmjs.org/@firebase/webchannel-wrapper/-/webchannel-wrapper-0.6.2.tgz 0ms (cache hit)
946 http cache @firebase/util@https://registry.npmjs.org/@firebase/util/-/util-1.6.2.tgz 0ms (cache hit)
947 http cache @firebase/storage-types@https://registry.npmjs.org/@firebase/storage-types/-/storage-types-0.6.0.tgz 0ms (cache hit)
948 http cache @istanbuljs/load-nyc-config@https://registry.npmjs.org/@istanbuljs/load-nyc-config/-/load-nyc-config-1.1.0.tgz 0ms (cache hit)
949 http cache @firebase/storage-compat@https://registry.npmjs.org/@firebase/storage-compat/-/storage-compat-0.1.16.tgz 0ms (cache hit)
950 http cache @firebase/remote-config-types@https://registry.npmjs.org/@firebase/remote-config-types/-/remote-config-types-0.2.0.tgz 0ms (cache hit)
951 http cache @firebase/remote-config-compat@https://registry.npmjs.org/@firebase/remote-config-compat/-/remote-config-compat-0.1.11.tgz 0ms (cache hit)
952 http cache @firebase/remote-config@https://registry.npmjs.org/@firebase/remote-config/-/remote-config-0.3.10.tgz 0ms (cache hit)
953 http cache @firebase/storage@https://registry.npmjs.org/@firebase/storage/-/storage-0.9.8.tgz 0ms (cache hit)
954 http cache @firebase/polyfill@https://registry.npmjs.org/@firebase/polyfill/-/polyfill-0.3.36.tgz 0ms (cache hit)
955 http cache @firebase/performance-types@https://registry.npmjs.org/@firebase/performance-types/-/performance-types-0.1.0.tgz 0ms (cache hit)
956 http cache @firebase/performance@https://registry.npmjs.org/@firebase/performance/-/performance-0.5.11.tgz 0ms (cache hit)
957 http cache @firebase/messaging-interop-types@https://registry.npmjs.org/@firebase/messaging-interop-types/-/messaging-interop-types-0.1.0.tgz 0ms (cache hit)
958 http cache @firebase/messaging-compat@https://registry.npmjs.org/@firebase/messaging-compat/-/messaging-compat-0.1.15.tgz 0ms (cache hit)
959 http cache @firebase/messaging@https://registry.npmjs.org/@firebase/messaging/-/messaging-0.9.15.tgz 0ms (cache hit)
960 http cache @firebase/performance-compat@https://registry.npmjs.org/@firebase/performance-compat/-/performance-compat-0.1.11.tgz 0ms (cache hit)
961 http cache @firebase/logger@https://registry.npmjs.org/@firebase/logger/-/logger-0.3.3.tgz 0ms (cache hit)
962 http cache @firebase/installations@https://registry.npmjs.org/@firebase/installations/-/installations-0.5.11.tgz 0ms (cache hit)
963 http cache @firebase/functions-compat@https://registry.npmjs.org/@firebase/functions-compat/-/functions-compat-0.2.3.tgz 0ms (cache hit)
964 http cache @firebase/functions@https://registry.npmjs.org/@firebase/functions/-/functions-0.8.3.tgz 0ms (cache hit)
965 http cache @firebase/firestore-types@https://registry.npmjs.org/@firebase/firestore-types/-/firestore-types-2.5.0.tgz 0ms (cache hit)
966 http cache @firebase/functions-types@https://registry.npmjs.org/@firebase/functions-types/-/functions-types-0.5.0.tgz 0ms (cache hit)
967 http cache @firebase/firestore@https://registry.npmjs.org/@firebase/firestore/-/firestore-3.4.11.tgz 0ms (cache hit)
968 http cache @firebase/database-types@https://registry.npmjs.org/@firebase/database-types/-/database-types-0.9.10.tgz 0ms (cache hit)
969 http cache @firebase/firestore-compat@https://registry.npmjs.org/@firebase/firestore-compat/-/firestore-compat-0.1.20.tgz 0ms (cache hit)
970 http cache @firebase/database@https://registry.npmjs.org/@firebase/database/-/database-0.13.2.tgz 0ms (cache hit)
971 http cache @firebase/database-compat@https://registry.npmjs.org/@firebase/database-compat/-/database-compat-0.2.2.tgz 0ms (cache hit)
972 http cache @firebase/component@https://registry.npmjs.org/@firebase/component/-/component-0.5.16.tgz 0ms (cache hit)
973 http cache @firebase/auth-interop-types@https://registry.npmjs.org/@firebase/auth-interop-types/-/auth-interop-types-0.1.6.tgz 0ms (cache hit)
974 http cache @firebase/auth-compat@https://registry.npmjs.org/@firebase/auth-compat/-/auth-compat-0.2.17.tgz 0ms (cache hit)
975 http cache @firebase/auth@https://registry.npmjs.org/@firebase/auth/-/auth-0.20.4.tgz 0ms (cache hit)
976 http cache @firebase/auth-types@https://registry.npmjs.org/@firebase/auth-types/-/auth-types-0.11.0.tgz 0ms (cache hit)
977 http cache @firebase/app-compat@https://registry.npmjs.org/@firebase/app-compat/-/app-compat-0.1.28.tgz 0ms (cache hit)
978 http cache @firebase/app-types@https://registry.npmjs.org/@firebase/app-types/-/app-types-0.7.0.tgz 0ms (cache hit)
979 http cache @firebase/app-check-interop-types@https://registry.npmjs.org/@firebase/app-check-interop-types/-/app-check-interop-types-0.1.0.tgz 0ms (cache hit)
980 http cache @firebase/app-check-compat@https://registry.npmjs.org/@firebase/app-check-compat/-/app-check-compat-0.2.10.tgz 0ms (cache hit)
981 http cache @firebase/app-check@https://registry.npmjs.org/@firebase/app-check/-/app-check-0.5.10.tgz 0ms (cache hit)
982 http cache @firebase/app@https://registry.npmjs.org/@firebase/app/-/app-0.7.27.tgz 0ms (cache hit)
983 http cache @firebase/analytics-compat@https://registry.npmjs.org/@firebase/analytics-compat/-/analytics-compat-0.1.12.tgz 0ms (cache hit)
984 http cache @firebase/analytics@https://registry.npmjs.org/@firebase/analytics/-/analytics-0.7.11.tgz 0ms (cache hit)
985 http cache @eslint/eslintrc@https://registry.npmjs.org/@eslint/eslintrc/-/eslintrc-1.2.0.tgz 0ms (cache hit)
986 http cache @firebase/app-check-types@https://registry.npmjs.org/@firebase/app-check-types/-/app-check-types-0.4.0.tgz 0ms (cache hit)
987 http cache @csstools/postcss-progressive-custom-properties@https://registry.npmjs.org/@csstools/postcss-progressive-custom-properties/-/postcss-progressive-custom-properties-1.3.0.tgz 0ms (cache hit)
988 http cache @firebase/analytics-types@https://registry.npmjs.org/@firebase/analytics-types/-/analytics-types-0.7.0.tgz 0ms (cache hit)
989 http cache @csstools/postcss-oklab-function@https://registry.npmjs.org/@csstools/postcss-oklab-function/-/postcss-oklab-function-1.0.2.tgz 0ms (cache hit)
990 http cache @csstools/postcss-normalize-display-values@https://registry.npmjs.org/@csstools/postcss-normalize-display-values/-/postcss-normalize-display-values-1.0.0.tgz 0ms (cache hit)
991 http cache @csstools/postcss-ic-unit@https://registry.npmjs.org/@csstools/postcss-ic-unit/-/postcss-ic-unit-1.0.0.tgz 0ms (cache hit)
992 http cache @csstools/postcss-is-pseudo-class@https://registry.npmjs.org/@csstools/postcss-is-pseudo-class/-/postcss-is-pseudo-class-2.0.1.tgz 0ms (cache hit)
993 http cache @csstools/postcss-hwb-function@https://registry.npmjs.org/@csstools/postcss-hwb-function/-/postcss-hwb-function-1.0.0.tgz 0ms (cache hit)
994 http cache @csstools/postcss-font-format-keywords@https://registry.npmjs.org/@csstools/postcss-font-format-keywords/-/postcss-font-format-keywords-1.0.0.tgz 0ms (cache hit)
995 http cache @bcoe/v8-coverage@https://registry.npmjs.org/@bcoe/v8-coverage/-/v8-coverage-0.2.3.tgz 0ms (cache hit)
996 http cache @babel/types@https://registry.npmjs.org/@babel/types/-/types-7.17.0.tgz 0ms (cache hit)
997 http cache @babel/traverse@https://registry.npmjs.org/@babel/traverse/-/traverse-7.17.3.tgz 0ms (cache hit)
998 http cache @csstools/postcss-color-function@https://registry.npmjs.org/@csstools/postcss-color-function/-/postcss-color-function-1.0.3.tgz 0ms (cache hit)
999 http cache @babel/template@https://registry.npmjs.org/@babel/template/-/template-7.16.7.tgz 0ms (cache hit)
1000 http cache @babel/runtime-corejs3@https://registry.npmjs.org/@babel/runtime-corejs3/-/runtime-corejs3-7.17.2.tgz 0ms (cache hit)
1001 http cache @babel/runtime@https://registry.npmjs.org/@babel/runtime/-/runtime-7.17.2.tgz 0ms (cache hit)
1002 http cache @babel/preset-react@https://registry.npmjs.org/@babel/preset-react/-/preset-react-7.16.7.tgz 0ms (cache hit)
1003 http cache @csstools/normalize.css@https://registry.npmjs.org/@csstools/normalize.css/-/normalize.css-12.0.0.tgz 0ms (cache hit)
1004 http cache @babel/preset-modules@https://registry.npmjs.org/@babel/preset-modules/-/preset-modules-0.1.5.tgz 0ms (cache hit)
1005 http cache @babel/preset-typescript@https://registry.npmjs.org/@babel/preset-typescript/-/preset-typescript-7.16.7.tgz 0ms (cache hit)
1006 http cache @babel/preset-env@https://registry.npmjs.org/@babel/preset-env/-/preset-env-7.16.11.tgz 0ms (cache hit)
1007 http cache @babel/plugin-transform-unicode-escapes@https://registry.npmjs.org/@babel/plugin-transform-unicode-escapes/-/plugin-transform-unicode-escapes-7.16.7.tgz 0ms (cache hit)
1008 http cache @babel/plugin-transform-unicode-regex@https://registry.npmjs.org/@babel/plugin-transform-unicode-regex/-/plugin-transform-unicode-regex-7.16.7.tgz 0ms (cache hit)
1009 http cache @babel/plugin-transform-typescript@https://registry.npmjs.org/@babel/plugin-transform-typescript/-/plugin-transform-typescript-7.16.8.tgz 0ms (cache hit)
1010 http cache @babel/plugin-transform-typeof-symbol@https://registry.npmjs.org/@babel/plugin-transform-typeof-symbol/-/plugin-transform-typeof-symbol-7.16.7.tgz 0ms (cache hit)
1011 http cache @babel/plugin-transform-sticky-regex@https://registry.npmjs.org/@babel/plugin-transform-sticky-regex/-/plugin-transform-sticky-regex-7.16.7.tgz 0ms (cache hit)
1012 http cache @babel/plugin-transform-template-literals@https://registry.npmjs.org/@babel/plugin-transform-template-literals/-/plugin-transform-template-literals-7.16.7.tgz 0ms (cache hit)
1013 http cache @babel/plugin-transform-spread@https://registry.npmjs.org/@babel/plugin-transform-spread/-/plugin-transform-spread-7.16.7.tgz 0ms (cache hit)
1014 http cache @babel/plugin-transform-shorthand-properties@https://registry.npmjs.org/@babel/plugin-transform-shorthand-properties/-/plugin-transform-shorthand-properties-7.16.7.tgz 0ms (cache hit)
1015 http cache @babel/plugin-transform-runtime@https://registry.npmjs.org/@babel/plugin-transform-runtime/-/plugin-transform-runtime-7.17.0.tgz 0ms (cache hit)
1016 http cache @babel/plugin-transform-reserved-words@https://registry.npmjs.org/@babel/plugin-transform-reserved-words/-/plugin-transform-reserved-words-7.16.7.tgz 0ms (cache hit)
1017 http cache @babel/plugin-transform-regenerator@https://registry.npmjs.org/@babel/plugin-transform-regenerator/-/plugin-transform-regenerator-7.16.7.tgz 0ms (cache hit)
1018 http cache @babel/plugin-transform-react-jsx@https://registry.npmjs.org/@babel/plugin-transform-react-jsx/-/plugin-transform-react-jsx-7.17.3.tgz 0ms (cache hit)
1019 http cache @babel/plugin-transform-react-pure-annotations@https://registry.npmjs.org/@babel/plugin-transform-react-pure-annotations/-/plugin-transform-react-pure-annotations-7.16.7.tgz 0ms (cache hit)
1020 http cache @babel/plugin-transform-react-jsx-development@https://registry.npmjs.org/@babel/plugin-transform-react-jsx-development/-/plugin-transform-react-jsx-development-7.16.7.tgz 0ms (cache hit)
1021 http cache @babel/plugin-transform-react-constant-elements@https://registry.npmjs.org/@babel/plugin-transform-react-constant-elements/-/plugin-transform-react-constant-elements-7.17.6.tgz 0ms (cache hit)
1022 http cache @babel/plugin-transform-property-literals@https://registry.npmjs.org/@babel/plugin-transform-property-literals/-/plugin-transform-property-literals-7.16.7.tgz 0ms (cache hit)
1023 http cache @babel/plugin-transform-parameters@https://registry.npmjs.org/@babel/plugin-transform-parameters/-/plugin-transform-parameters-7.16.7.tgz 0ms (cache hit)
1024 http cache @babel/plugin-transform-object-super@https://registry.npmjs.org/@babel/plugin-transform-object-super/-/plugin-transform-object-super-7.16.7.tgz 0ms (cache hit)
1025 http cache @babel/plugin-transform-named-capturing-groups-regex@https://registry.npmjs.org/@babel/plugin-transform-named-capturing-groups-regex/-/plugin-transform-named-capturing-groups-regex-7.16.8.tgz 0ms (cache hit)
1026 http cache @babel/plugin-transform-react-display-name@https://registry.npmjs.org/@babel/plugin-transform-react-display-name/-/plugin-transform-react-display-name-7.16.7.tgz 0ms (cache hit)
1027 http cache @babel/plugin-transform-modules-umd@https://registry.npmjs.org/@babel/plugin-transform-modules-umd/-/plugin-transform-modules-umd-7.16.7.tgz 0ms (cache hit)
1028 http cache @babel/plugin-transform-new-target@https://registry.npmjs.org/@babel/plugin-transform-new-target/-/plugin-transform-new-target-7.16.7.tgz 0ms (cache hit)
1029 http cache @babel/plugin-transform-modules-amd@https://registry.npmjs.org/@babel/plugin-transform-modules-amd/-/plugin-transform-modules-amd-7.16.7.tgz 0ms (cache hit)
1030 http cache @babel/plugin-transform-modules-commonjs@https://registry.npmjs.org/@babel/plugin-transform-modules-commonjs/-/plugin-transform-modules-commonjs-7.16.8.tgz 0ms (cache hit)
1031 http cache @babel/plugin-transform-member-expression-literals@https://registry.npmjs.org/@babel/plugin-transform-member-expression-literals/-/plugin-transform-member-expression-literals-7.16.7.tgz 0ms (cache hit)
1032 http cache @babel/plugin-transform-literals@https://registry.npmjs.org/@babel/plugin-transform-literals/-/plugin-transform-literals-7.16.7.tgz 0ms (cache hit)
1033 http cache @babel/plugin-transform-function-name@https://registry.npmjs.org/@babel/plugin-transform-function-name/-/plugin-transform-function-name-7.16.7.tgz 0ms (cache hit)
1034 http cache @babel/plugin-transform-flow-strip-types@https://registry.npmjs.org/@babel/plugin-transform-flow-strip-types/-/plugin-transform-flow-strip-types-7.16.7.tgz 0ms (cache hit)
1035 http cache @babel/plugin-transform-modules-systemjs@https://registry.npmjs.org/@babel/plugin-transform-modules-systemjs/-/plugin-transform-modules-systemjs-7.16.7.tgz 0ms (cache hit)
1036 http cache @babel/plugin-transform-for-of@https://registry.npmjs.org/@babel/plugin-transform-for-of/-/plugin-transform-for-of-7.16.7.tgz 0ms (cache hit)
1037 http cache @babel/plugin-transform-exponentiation-operator@https://registry.npmjs.org/@babel/plugin-transform-exponentiation-operator/-/plugin-transform-exponentiation-operator-7.16.7.tgz 0ms (cache hit)
1038 http cache @babel/plugin-transform-dotall-regex@https://registry.npmjs.org/@babel/plugin-transform-dotall-regex/-/plugin-transform-dotall-regex-7.16.7.tgz 0ms (cache hit)
1039 http cache @babel/plugin-transform-destructuring@https://registry.npmjs.org/@babel/plugin-transform-destructuring/-/plugin-transform-destructuring-7.17.3.tgz 0ms (cache hit)
1040 http cache @babel/plugin-transform-computed-properties@https://registry.npmjs.org/@babel/plugin-transform-computed-properties/-/plugin-transform-computed-properties-7.16.7.tgz 0ms (cache hit)
1041 http cache @babel/plugin-transform-duplicate-keys@https://registry.npmjs.org/@babel/plugin-transform-duplicate-keys/-/plugin-transform-duplicate-keys-7.16.7.tgz 0ms (cache hit)
1042 http cache @babel/plugin-transform-classes@https://registry.npmjs.org/@babel/plugin-transform-classes/-/plugin-transform-classes-7.16.7.tgz 0ms (cache hit)
1043 http cache @babel/plugin-transform-block-scoping@https://registry.npmjs.org/@babel/plugin-transform-block-scoping/-/plugin-transform-block-scoping-7.16.7.tgz 0ms (cache hit)
1044 http cache @babel/plugin-transform-block-scoped-functions@https://registry.npmjs.org/@babel/plugin-transform-block-scoped-functions/-/plugin-transform-block-scoped-functions-7.16.7.tgz 0ms (cache hit)
1045 http cache @babel/plugin-transform-async-to-generator@https://registry.npmjs.org/@babel/plugin-transform-async-to-generator/-/plugin-transform-async-to-generator-7.16.8.tgz 0ms (cache hit)
1046 http cache @babel/plugin-transform-arrow-functions@https://registry.npmjs.org/@babel/plugin-transform-arrow-functions/-/plugin-transform-arrow-functions-7.16.7.tgz 0ms (cache hit)
1047 http cache @babel/plugin-syntax-typescript@https://registry.npmjs.org/@babel/plugin-syntax-typescript/-/plugin-syntax-typescript-7.16.7.tgz 0ms (cache hit)
1048 http cache @babel/plugin-syntax-top-level-await@https://registry.npmjs.org/@babel/plugin-syntax-top-level-await/-/plugin-syntax-top-level-await-7.14.5.tgz 0ms (cache hit)
1049 http cache @babel/plugin-syntax-optional-catch-binding@https://registry.npmjs.org/@babel/plugin-syntax-optional-catch-binding/-/plugin-syntax-optional-catch-binding-7.8.3.tgz 0ms (cache hit)
1050 http cache @babel/plugin-syntax-object-rest-spread@https://registry.npmjs.org/@babel/plugin-syntax-object-rest-spread/-/plugin-syntax-object-rest-spread-7.8.3.tgz 0ms (cache hit)
1051 http cache @babel/plugin-syntax-numeric-separator@https://registry.npmjs.org/@babel/plugin-syntax-numeric-separator/-/plugin-syntax-numeric-separator-7.10.4.tgz 0ms (cache hit)
1052 http cache @babel/plugin-syntax-optional-chaining@https://registry.npmjs.org/@babel/plugin-syntax-optional-chaining/-/plugin-syntax-optional-chaining-7.8.3.tgz 0ms (cache hit)
1053 http cache @babel/plugin-syntax-nullish-coalescing-operator@https://registry.npmjs.org/@babel/plugin-syntax-nullish-coalescing-operator/-/plugin-syntax-nullish-coalescing-operator-7.8.3.tgz 0ms (cache hit)
1054 http cache @babel/plugin-syntax-logical-assignment-operators@https://registry.npmjs.org/@babel/plugin-syntax-logical-assignment-operators/-/plugin-syntax-logical-assignment-operators-7.10.4.tgz 0ms (cache hit)
1055 http cache @babel/plugin-syntax-json-strings@https://registry.npmjs.org/@babel/plugin-syntax-json-strings/-/plugin-syntax-json-strings-7.8.3.tgz 0ms (cache hit)
1056 http cache @babel/plugin-syntax-import-meta@https://registry.npmjs.org/@babel/plugin-syntax-import-meta/-/plugin-syntax-import-meta-7.10.4.tgz 0ms (cache hit)
1057 http cache @babel/plugin-syntax-private-property-in-object@https://registry.npmjs.org/@babel/plugin-syntax-private-property-in-object/-/plugin-syntax-private-property-in-object-7.14.5.tgz 0ms (cache hit)
1058 http cache @babel/plugin-syntax-flow@https://registry.npmjs.org/@babel/plugin-syntax-flow/-/plugin-syntax-flow-7.16.7.tgz 0ms (cache hit)
1059 http cache @babel/plugin-syntax-jsx@https://registry.npmjs.org/@babel/plugin-syntax-jsx/-/plugin-syntax-jsx-7.16.7.tgz 0ms (cache hit)
1060 http cache @babel/plugin-syntax-export-namespace-from@https://registry.npmjs.org/@babel/plugin-syntax-export-namespace-from/-/plugin-syntax-export-namespace-from-7.8.3.tgz 0ms (cache hit)
1061 http cache @babel/plugin-syntax-dynamic-import@https://registry.npmjs.org/@babel/plugin-syntax-dynamic-import/-/plugin-syntax-dynamic-import-7.8.3.tgz 0ms (cache hit)
1062 http cache @babel/plugin-syntax-decorators@https://registry.npmjs.org/@babel/plugin-syntax-decorators/-/plugin-syntax-decorators-7.17.0.tgz 0ms (cache hit)
1063 http cache @babel/plugin-syntax-class-properties@https://registry.npmjs.org/@babel/plugin-syntax-class-properties/-/plugin-syntax-class-properties-7.12.13.tgz 0ms (cache hit)
1064 http cache @babel/plugin-syntax-bigint@https://registry.npmjs.org/@babel/plugin-syntax-bigint/-/plugin-syntax-bigint-7.8.3.tgz 0ms (cache hit)
1065 http cache @babel/plugin-syntax-async-generators@https://registry.npmjs.org/@babel/plugin-syntax-async-generators/-/plugin-syntax-async-generators-7.8.4.tgz 0ms (cache hit)
1066 http cache @babel/plugin-proposal-unicode-property-regex@https://registry.npmjs.org/@babel/plugin-proposal-unicode-property-regex/-/plugin-proposal-unicode-property-regex-7.16.7.tgz 0ms (cache hit)
1067 http cache @babel/plugin-proposal-private-property-in-object@https://registry.npmjs.org/@babel/plugin-proposal-private-property-in-object/-/plugin-proposal-private-property-in-object-7.16.7.tgz 0ms (cache hit)
1068 http cache @babel/plugin-proposal-private-methods@https://registry.npmjs.org/@babel/plugin-proposal-private-methods/-/plugin-proposal-private-methods-7.16.11.tgz 0ms (cache hit)
1069 http cache @babel/plugin-proposal-optional-chaining@https://registry.npmjs.org/@babel/plugin-proposal-optional-chaining/-/plugin-proposal-optional-chaining-7.16.7.tgz 0ms (cache hit)
1070 http cache @babel/plugin-proposal-optional-catch-binding@https://registry.npmjs.org/@babel/plugin-proposal-optional-catch-binding/-/plugin-proposal-optional-catch-binding-7.16.7.tgz 0ms (cache hit)
1071 http cache @babel/plugin-proposal-object-rest-spread@https://registry.npmjs.org/@babel/plugin-proposal-object-rest-spread/-/plugin-proposal-object-rest-spread-7.17.3.tgz 0ms (cache hit)
1072 http cache @babel/plugin-syntax-class-static-block@https://registry.npmjs.org/@babel/plugin-syntax-class-static-block/-/plugin-syntax-class-static-block-7.14.5.tgz 0ms (cache hit)
1073 http cache @babel/plugin-proposal-numeric-separator@https://registry.npmjs.org/@babel/plugin-proposal-numeric-separator/-/plugin-proposal-numeric-separator-7.16.7.tgz 0ms (cache hit)
1074 http cache @babel/plugin-proposal-json-strings@https://registry.npmjs.org/@babel/plugin-proposal-json-strings/-/plugin-proposal-json-strings-7.16.7.tgz 0ms (cache hit)
1075 http cache @babel/plugin-proposal-export-namespace-from@https://registry.npmjs.org/@babel/plugin-proposal-export-namespace-from/-/plugin-proposal-export-namespace-from-7.16.7.tgz 0ms (cache hit)
1076 http cache @babel/plugin-proposal-dynamic-import@https://registry.npmjs.org/@babel/plugin-proposal-dynamic-import/-/plugin-proposal-dynamic-import-7.16.7.tgz 0ms (cache hit)
1077 http cache @babel/plugin-proposal-decorators@https://registry.npmjs.org/@babel/plugin-proposal-decorators/-/plugin-proposal-decorators-7.17.2.tgz 0ms (cache hit)
1078 http cache @babel/plugin-proposal-class-static-block@https://registry.npmjs.org/@babel/plugin-proposal-class-static-block/-/plugin-proposal-class-static-block-7.17.6.tgz 0ms (cache hit)
1079 http cache @babel/plugin-proposal-logical-assignment-operators@https://registry.npmjs.org/@babel/plugin-proposal-logical-assignment-operators/-/plugin-proposal-logical-assignment-operators-7.16.7.tgz 0ms (cache hit)
1080 http cache @babel/plugin-proposal-async-generator-functions@https://registry.npmjs.org/@babel/plugin-proposal-async-generator-functions/-/plugin-proposal-async-generator-functions-7.16.8.tgz 0ms (cache hit)
1081 http cache @babel/plugin-proposal-class-properties@https://registry.npmjs.org/@babel/plugin-proposal-class-properties/-/plugin-proposal-class-properties-7.16.7.tgz 0ms (cache hit)
1082 http cache @babel/plugin-bugfix-safari-id-destructuring-collision-in-function-expression@https://registry.npmjs.org/@babel/plugin-bugfix-safari-id-destructuring-collision-in-function-expression/-/plugin-bugfix-safari-id-destructuring-collision-in-function-expression-7.16.7.tgz 0ms (cache hit)
1083 http cache @babel/plugin-proposal-nullish-coalescing-operator@https://registry.npmjs.org/@babel/plugin-proposal-nullish-coalescing-operator/-/plugin-proposal-nullish-coalescing-operator-7.16.7.tgz 0ms (cache hit)
1084 http cache @babel/helpers@https://registry.npmjs.org/@babel/helpers/-/helpers-7.17.2.tgz 0ms (cache hit)
1085 http cache @babel/plugin-bugfix-v8-spread-parameters-in-optional-chaining@https://registry.npmjs.org/@babel/plugin-bugfix-v8-spread-parameters-in-optional-chaining/-/plugin-bugfix-v8-spread-parameters-in-optional-chaining-7.16.7.tgz 0ms (cache hit)
1086 http cache @babel/highlight@https://registry.npmjs.org/@babel/highlight/-/highlight-7.16.10.tgz 0ms (cache hit)
1087 http cache @babel/parser@https://registry.npmjs.org/@babel/parser/-/parser-7.17.3.tgz 0ms (cache hit)
1088 http cache @babel/helper-validator-option@https://registry.npmjs.org/@babel/helper-validator-option/-/helper-validator-option-7.16.7.tgz 0ms (cache hit)
1089 http cache @babel/helper-validator-identifier@https://registry.npmjs.org/@babel/helper-validator-identifier/-/helper-validator-identifier-7.16.7.tgz 0ms (cache hit)
1090 http cache @babel/helper-split-export-declaration@https://registry.npmjs.org/@babel/helper-split-export-declaration/-/helper-split-export-declaration-7.16.7.tgz 0ms (cache hit)
1091 http cache @babel/helper-simple-access@https://registry.npmjs.org/@babel/helper-simple-access/-/helper-simple-access-7.16.7.tgz 0ms (cache hit)
1092 http cache @babel/helper-skip-transparent-expression-wrappers@https://registry.npmjs.org/@babel/helper-skip-transparent-expression-wrappers/-/helper-skip-transparent-expression-wrappers-7.16.0.tgz 0ms (cache hit)
1093 http cache @babel/helper-replace-supers@https://registry.npmjs.org/@babel/helper-replace-supers/-/helper-replace-supers-7.16.7.tgz 0ms (cache hit)
1094 http cache @babel/helper-wrap-function@https://registry.npmjs.org/@babel/helper-wrap-function/-/helper-wrap-function-7.16.8.tgz 0ms (cache hit)
1095 http cache @babel/helper-plugin-utils@https://registry.npmjs.org/@babel/helper-plugin-utils/-/helper-plugin-utils-7.16.7.tgz 0ms (cache hit)
1096 http cache @babel/helper-remap-async-to-generator@https://registry.npmjs.org/@babel/helper-remap-async-to-generator/-/helper-remap-async-to-generator-7.16.8.tgz 0ms (cache hit)
1097 http cache @babel/helper-optimise-call-expression@https://registry.npmjs.org/@babel/helper-optimise-call-expression/-/helper-optimise-call-expression-7.16.7.tgz 0ms (cache hit)
1098 http cache @babel/helper-module-transforms@https://registry.npmjs.org/@babel/helper-module-transforms/-/helper-module-transforms-7.17.6.tgz 0ms (cache hit)
1099 http cache @babel/helper-module-imports@https://registry.npmjs.org/@babel/helper-module-imports/-/helper-module-imports-7.16.7.tgz 0ms (cache hit)
1100 http cache @babel/helper-member-expression-to-functions@https://registry.npmjs.org/@babel/helper-member-expression-to-functions/-/helper-member-expression-to-functions-7.16.7.tgz 0ms (cache hit)
1101 http cache @babel/helper-hoist-variables@https://registry.npmjs.org/@babel/helper-hoist-variables/-/helper-hoist-variables-7.16.7.tgz 0ms (cache hit)
1102 http cache @babel/helper-get-function-arity@https://registry.npmjs.org/@babel/helper-get-function-arity/-/helper-get-function-arity-7.16.7.tgz 0ms (cache hit)
1103 http cache @babel/helper-explode-assignable-expression@https://registry.npmjs.org/@babel/helper-explode-assignable-expression/-/helper-explode-assignable-expression-7.16.7.tgz 0ms (cache hit)
1104 http cache @babel/helper-environment-visitor@https://registry.npmjs.org/@babel/helper-environment-visitor/-/helper-environment-visitor-7.16.7.tgz 0ms (cache hit)
1105 http cache @babel/helper-create-regexp-features-plugin@https://registry.npmjs.org/@babel/helper-create-regexp-features-plugin/-/helper-create-regexp-features-plugin-7.17.0.tgz 0ms (cache hit)
1106 http cache @babel/helper-define-polyfill-provider@https://registry.npmjs.org/@babel/helper-define-polyfill-provider/-/helper-define-polyfill-provider-0.3.1.tgz 0ms (cache hit)
1107 http cache @babel/helper-create-class-features-plugin@https://registry.npmjs.org/@babel/helper-create-class-features-plugin/-/helper-create-class-features-plugin-7.17.6.tgz 0ms (cache hit)
1108 http cache @babel/helper-function-name@https://registry.npmjs.org/@babel/helper-function-name/-/helper-function-name-7.16.7.tgz 0ms (cache hit)
1109 http cache @babel/helper-annotate-as-pure@https://registry.npmjs.org/@babel/helper-annotate-as-pure/-/helper-annotate-as-pure-7.16.7.tgz 0ms (cache hit)
1110 http cache @babel/generator@https://registry.npmjs.org/@babel/generator/-/generator-7.17.3.tgz 0ms (cache hit)
1111 http cache @babel/eslint-parser@https://registry.npmjs.org/@babel/eslint-parser/-/eslint-parser-7.17.0.tgz 0ms (cache hit)
1112 http cache @babel/core@https://registry.npmjs.org/@babel/core/-/core-7.17.5.tgz 0ms (cache hit)
1113 http cache @babel/helper-builder-binary-assignment-operator-visitor@https://registry.npmjs.org/@babel/helper-builder-binary-assignment-operator-visitor/-/helper-builder-binary-assignment-operator-visitor-7.16.7.tgz 0ms (cache hit)
1114 http cache @babel/compat-data@https://registry.npmjs.org/@babel/compat-data/-/compat-data-7.17.0.tgz 0ms (cache hit)
1115 http cache @ampproject/remapping@https://registry.npmjs.org/@ampproject/remapping/-/remapping-2.1.2.tgz 0ms (cache hit)
1116 http cache @babel/code-frame@https://registry.npmjs.org/@babel/code-frame/-/code-frame-7.16.7.tgz 0ms (cache hit)
1117 http cache webpack-sources@https://registry.npmjs.org/webpack-sources/-/webpack-sources-1.4.3.tgz 0ms (cache hit)
1118 http cache source-map@https://registry.npmjs.org/source-map/-/source-map-0.6.1.tgz 0ms (cache hit)
1119 http cache @babel/helper-compilation-targets@https://registry.npmjs.org/@babel/helper-compilation-targets/-/helper-compilation-targets-7.16.7.tgz 0ms (cache hit)
1120 http cache color-name@https://registry.npmjs.org/color-name/-/color-name-1.1.4.tgz 0ms (cache hit)
1121 http cache whatwg-url@https://registry.npmjs.org/whatwg-url/-/whatwg-url-7.1.0.tgz 0ms (cache hit)
1122 http cache ansi-styles@https://registry.npmjs.org/ansi-styles/-/ansi-styles-4.3.0.tgz 0ms (cache hit)
1123 http cache color-convert@https://registry.npmjs.org/color-convert/-/color-convert-2.0.1.tgz 0ms (cache hit)
1124 http cache webidl-conversions@https://registry.npmjs.org/webidl-conversions/-/webidl-conversions-4.0.2.tgz 0ms (cache hit)
1125 http cache source-map@https://registry.npmjs.org/source-map/-/source-map-0.8.0-beta.0.tgz 0ms (cache hit)
1126 http cache json-schema-traverse@https://registry.npmjs.org/json-schema-traverse/-/json-schema-traverse-1.0.0.tgz 0ms (cache hit)
1127 http cache fs-extra@https://registry.npmjs.org/fs-extra/-/fs-extra-9.1.0.tgz 0ms (cache hit)
1128 http cache tr46@https://registry.npmjs.org/tr46/-/tr46-1.0.1.tgz 0ms (cache hit)
1129 http cache ajv@https://registry.npmjs.org/ajv/-/ajv-8.10.0.tgz 0ms (cache hit)
1130 http cache @apideck/better-ajv-errors@https://registry.npmjs.org/@apideck/better-ajv-errors/-/better-ajv-errors-0.3.3.tgz 0ms (cache hit)
1131 http cache source-map@https://registry.npmjs.org/source-map/-/source-map-0.6.1.tgz 0ms (cache hit)
1132 http cache ws@https://registry.npmjs.org/ws/-/ws-8.5.0.tgz 0ms (cache hit)
1133 http cache strip-ansi@https://registry.npmjs.org/strip-ansi/-/strip-ansi-7.0.1.tgz 0ms (cache hit)
1134 http cache schema-utils@https://registry.npmjs.org/schema-utils/-/schema-utils-4.0.0.tgz 0ms (cache hit)
1135 http cache iconv-lite@https://registry.npmjs.org/iconv-lite/-/iconv-lite-0.4.24.tgz 0ms (cache hit)
1136 http cache json-schema-traverse@https://registry.npmjs.org/json-schema-traverse/-/json-schema-traverse-1.0.0.tgz 0ms (cache hit)
1137 http cache ajv-keywords@https://registry.npmjs.org/ajv-keywords/-/ajv-keywords-5.1.0.tgz 0ms (cache hit)
1138 http cache webpack-sources@https://registry.npmjs.org/webpack-sources/-/webpack-sources-2.3.1.tgz 0ms (cache hit)
1139 http cache ajv@https://registry.npmjs.org/ajv/-/ajv-8.10.0.tgz 0ms (cache hit)
1140 http cache schema-utils@https://registry.npmjs.org/schema-utils/-/schema-utils-4.0.0.tgz 0ms (cache hit)
1141 http cache json-schema-traverse@https://registry.npmjs.org/json-schema-traverse/-/json-schema-traverse-1.0.0.tgz 0ms (cache hit)
1142 http cache ajv-keywords@https://registry.npmjs.org/ajv-keywords/-/ajv-keywords-5.1.0.tgz 0ms (cache hit)
1143 http cache ansi-regex@https://registry.npmjs.org/ansi-regex/-/ansi-regex-6.0.1.tgz 0ms (cache hit)
1144 http cache ajv@https://registry.npmjs.org/ajv/-/ajv-8.10.0.tgz 0ms (cache hit)
1145 http cache eslint-scope@https://registry.npmjs.org/eslint-scope/-/eslint-scope-5.1.1.tgz 0ms (cache hit)
1146 http cache estraverse@https://registry.npmjs.org/estraverse/-/estraverse-4.3.0.tgz 0ms (cache hit)
1147 http cache tslib@https://registry.npmjs.org/tslib/-/tslib-1.14.1.tgz 0ms (cache hit)
1148 http cache json5@https://registry.npmjs.org/json5/-/json5-1.0.1.tgz 0ms (cache hit)
1149 http cache universalify@https://registry.npmjs.org/universalify/-/universalify-0.1.2.tgz 0ms (cache hit)
1150 http cache source-map@https://registry.npmjs.org/source-map/-/source-map-0.7.3.tgz 0ms (cache hit)
1151 http cache strip-bom@https://registry.npmjs.org/strip-bom/-/strip-bom-3.0.0.tgz 0ms (cache hit)
1152 http cache source-map@https://registry.npmjs.org/source-map/-/source-map-0.7.3.tgz 0ms (cache hit)
1153 http cache commander@https://registry.npmjs.org/commander/-/commander-2.20.3.tgz 0ms (cache hit)
1154 http cache supports-color@https://registry.npmjs.org/supports-color/-/supports-color-7.2.0.tgz 0ms (cache hit)
1155 http cache has-flag@https://registry.npmjs.org/has-flag/-/has-flag-4.0.0.tgz 0ms (cache hit)
1156 http cache color-name@https://registry.npmjs.org/color-name/-/color-name-1.1.4.tgz 0ms (cache hit)
1157 http cache source-map@https://registry.npmjs.org/source-map/-/source-map-0.6.1.tgz 0ms (cache hit)
1158 http cache color-convert@https://registry.npmjs.org/color-convert/-/color-convert-2.0.1.tgz 0ms (cache hit)
1159 http cache nth-check@https://registry.npmjs.org/nth-check/-/nth-check-1.0.2.tgz 0ms (cache hit)
1160 http cache chalk@https://registry.npmjs.org/chalk/-/chalk-4.1.2.tgz 0ms (cache hit)
1161 http cache ansi-styles@https://registry.npmjs.org/ansi-styles/-/ansi-styles-4.3.0.tgz 0ms (cache hit)
1162 http cache domutils@https://registry.npmjs.org/domutils/-/domutils-1.7.0.tgz 0ms (cache hit)
1163 http cache domelementtype@https://registry.npmjs.org/domelementtype/-/domelementtype-1.3.1.tgz 0ms (cache hit)
1164 http cache type-fest@https://registry.npmjs.org/type-fest/-/type-fest-0.16.0.tgz 0ms (cache hit)
1165 http cache dom-serializer@https://registry.npmjs.org/dom-serializer/-/dom-serializer-0.2.2.tgz 0ms (cache hit)
1166 http cache css-what@https://registry.npmjs.org/css-what/-/css-what-3.4.2.tgz 0ms (cache hit)
1167 http cache supports-color@https://registry.npmjs.org/supports-color/-/supports-color-7.2.0.tgz 0ms (cache hit)
1168 http cache has-flag@https://registry.npmjs.org/has-flag/-/has-flag-4.0.0.tgz 0ms (cache hit)
1169 http cache safe-buffer@https://registry.npmjs.org/safe-buffer/-/safe-buffer-5.2.1.tgz 0ms (cache hit)
1170 http cache emoji-regex@https://registry.npmjs.org/emoji-regex/-/emoji-regex-8.0.0.tgz 0ms (cache hit)
1171 http cache escape-string-regexp@https://registry.npmjs.org/escape-string-regexp/-/escape-string-regexp-2.0.0.tgz 0ms (cache hit)
1172 http cache css-select@https://registry.npmjs.org/css-select/-/css-select-2.1.0.tgz 0ms (cache hit)
1173 http cache setprototypeof@https://registry.npmjs.org/setprototypeof/-/setprototypeof-1.1.0.tgz 0ms (cache hit)
1174 http cache ms@https://registry.npmjs.org/ms/-/ms-2.0.0.tgz 0ms (cache hit)
1175 http cache source-map@https://registry.npmjs.org/source-map/-/source-map-0.6.1.tgz 0ms (cache hit)
1176 http cache http-errors@https://registry.npmjs.org/http-errors/-/http-errors-1.6.3.tgz 0ms (cache hit)
1177 http cache inherits@https://registry.npmjs.org/inherits/-/inherits-2.0.3.tgz 0ms (cache hit)
1178 http cache debug@https://registry.npmjs.org/debug/-/debug-2.6.9.tgz 0ms (cache hit)
1179 http cache ms@https://registry.npmjs.org/ms/-/ms-2.1.3.tgz 0ms (cache hit)
1180 http cache debug@https://registry.npmjs.org/debug/-/debug-2.6.9.tgz 0ms (cache hit)
1181 http cache supports-color@https://registry.npmjs.org/supports-color/-/supports-color-7.2.0.tgz 0ms (cache hit)
1182 http cache serialize-javascript@https://registry.npmjs.org/serialize-javascript/-/serialize-javascript-4.0.0.tgz 0ms (cache hit)
1183 http cache jest-worker@https://registry.npmjs.org/jest-worker/-/jest-worker-26.6.2.tgz 0ms (cache hit)
1184 http cache has-flag@https://registry.npmjs.org/has-flag/-/has-flag-4.0.0.tgz 0ms (cache hit)
1185 http cache postcss@https://registry.npmjs.org/postcss/-/postcss-7.0.39.tgz 0ms (cache hit)
1186 http cache picocolors@https://registry.npmjs.org/picocolors/-/picocolors-0.2.1.tgz 0ms (cache hit)
1187 http cache jsesc@https://registry.npmjs.org/jsesc/-/jsesc-0.5.0.tgz 0ms (cache hit)
1188 http cache minimatch@https://registry.npmjs.org/minimatch/-/minimatch-3.0.4.tgz 0ms (cache hit)
1189 http cache history@https://registry.npmjs.org/history/-/history-5.3.0.tgz 0ms (cache hit)
1190 http cache history@https://registry.npmjs.org/history/-/history-5.3.0.tgz 0ms (cache hit)
1191 http cache supports-color@https://registry.npmjs.org/supports-color/-/supports-color-7.2.0.tgz 0ms (cache hit)
1192 http cache ms@https://registry.npmjs.org/ms/-/ms-2.0.0.tgz 0ms (cache hit)
1193 http cache loader-utils@https://registry.npmjs.org/loader-utils/-/loader-utils-3.2.0.tgz 0ms (cache hit)
1194 http cache has-flag@https://registry.npmjs.org/has-flag/-/has-flag-4.0.0.tgz 0ms (cache hit)
1195 http cache escape-string-regexp@https://registry.npmjs.org/escape-string-regexp/-/escape-string-regexp-4.0.0.tgz 0ms (cache hit)
1196 http cache color-name@https://registry.npmjs.org/color-name/-/color-name-1.1.4.tgz 0ms (cache hit)
1197 http cache color-convert@https://registry.npmjs.org/color-convert/-/color-convert-2.0.1.tgz 0ms (cache hit)
1198 http cache chalk@https://registry.npmjs.org/chalk/-/chalk-4.1.2.tgz 0ms (cache hit)
1199 http cache ansi-styles@https://registry.npmjs.org/ansi-styles/-/ansi-styles-4.3.0.tgz 0ms (cache hit)
1200 http cache iconv-lite@https://registry.npmjs.org/iconv-lite/-/iconv-lite-0.4.24.tgz 0ms (cache hit)
1201 http cache bytes@https://registry.npmjs.org/bytes/-/bytes-3.1.2.tgz 0ms (cache hit)
1202 http cache ipaddr.js@https://registry.npmjs.org/ipaddr.js/-/ipaddr.js-1.9.1.tgz 0ms (cache hit)
1203 http cache react-is@https://registry.npmjs.org/react-is/-/react-is-16.13.1.tgz 0ms (cache hit)
1204 http cache source-map@https://registry.npmjs.org/source-map/-/source-map-0.6.1.tgz 0ms (cache hit)
1205 http cache source-map@https://registry.npmjs.org/source-map/-/source-map-0.6.1.tgz 0ms (cache hit)
1206 http cache ansi-styles@https://registry.npmjs.org/ansi-styles/-/ansi-styles-5.2.0.tgz 0ms (cache hit)
1207 http cache css-tree@https://registry.npmjs.org/css-tree/-/css-tree-1.1.3.tgz 0ms (cache hit)
1208 http cache svgo@https://registry.npmjs.org/svgo/-/svgo-2.8.0.tgz 0ms (cache hit)
1209 http cache mdn-data@https://registry.npmjs.org/mdn-data/-/mdn-data-2.0.14.tgz 0ms (cache hit)
1210 http cache debug@https://registry.npmjs.org/debug/-/debug-3.2.7.tgz 0ms (cache hit)
1211 http cache path-exists@https://registry.npmjs.org/path-exists/-/path-exists-3.0.0.tgz 0ms (cache hit)
1212 http cache commander@https://registry.npmjs.org/commander/-/commander-7.2.0.tgz 0ms (cache hit)
1213 http cache locate-path@https://registry.npmjs.org/locate-path/-/locate-path-3.0.0.tgz 0ms (cache hit)
1214 http cache p-locate@https://registry.npmjs.org/p-locate/-/p-locate-3.0.0.tgz 0ms (cache hit)
1215 http cache find-up@https://registry.npmjs.org/find-up/-/find-up-3.0.0.tgz 0ms (cache hit)
1216 http cache p-limit@https://registry.npmjs.org/p-limit/-/p-limit-2.3.0.tgz 0ms (cache hit)
1217 http cache p-limit@https://registry.npmjs.org/p-limit/-/p-limit-2.3.0.tgz 0ms (cache hit)
1218 http cache p-locate@https://registry.npmjs.org/p-locate/-/p-locate-4.1.0.tgz 0ms (cache hit)
1219 http cache find-up@https://registry.npmjs.org/find-up/-/find-up-4.1.0.tgz 0ms (cache hit)
1220 http cache whatwg-url@https://registry.npmjs.org/whatwg-url/-/whatwg-url-5.0.0.tgz 0ms (cache hit)
1221 http cache locate-path@https://registry.npmjs.org/locate-path/-/locate-path-5.0.0.tgz 0ms (cache hit)
1222 http cache tr46@https://registry.npmjs.org/tr46/-/tr46-0.0.3.tgz 0ms (cache hit)
1223 http cache webidl-conversions@https://registry.npmjs.org/webidl-conversions/-/webidl-conversions-3.0.1.tgz 0ms (cache hit)
1224 http cache schema-utils@https://registry.npmjs.org/schema-utils/-/schema-utils-4.0.0.tgz 0ms (cache hit)
1225 http cache ajv-keywords@https://registry.npmjs.org/ajv-keywords/-/ajv-keywords-5.1.0.tgz 0ms (cache hit)
1226 http cache semver@https://registry.npmjs.org/semver/-/semver-6.3.0.tgz 0ms (cache hit)
1227 http cache ajv@https://registry.npmjs.org/ajv/-/ajv-8.10.0.tgz 0ms (cache hit)
1228 http cache string_decoder@https://registry.npmjs.org/string_decoder/-/string_decoder-1.1.1.tgz 0ms (cache hit)
1229 http cache json-schema-traverse@https://registry.npmjs.org/json-schema-traverse/-/json-schema-traverse-1.0.0.tgz 0ms (cache hit)
1230 http cache supports-color@https://registry.npmjs.org/supports-color/-/supports-color-8.1.1.tgz 0ms (cache hit)
1231 http cache has-flag@https://registry.npmjs.org/has-flag/-/has-flag-4.0.0.tgz 0ms (cache hit)
1232 http cache supports-color@https://registry.npmjs.org/supports-color/-/supports-color-7.2.0.tgz 0ms (cache hit)
1233 http cache readable-stream@https://registry.npmjs.org/readable-stream/-/readable-stream-2.3.7.tgz 0ms (cache hit)
1234 http cache color-name@https://registry.npmjs.org/color-name/-/color-name-1.1.4.tgz 0ms (cache hit)
1235 http cache color-convert@https://registry.npmjs.org/color-convert/-/color-convert-2.0.1.tgz 0ms (cache hit)
1236 http cache has-flag@https://registry.npmjs.org/has-flag/-/has-flag-4.0.0.tgz 0ms (cache hit)
1237 http cache chalk@https://registry.npmjs.org/chalk/-/chalk-4.1.2.tgz 0ms (cache hit)
1238 http cache ansi-styles@https://registry.npmjs.org/ansi-styles/-/ansi-styles-4.3.0.tgz 0ms (cache hit)
1239 http cache supports-color@https://registry.npmjs.org/supports-color/-/supports-color-7.2.0.tgz 0ms (cache hit)
1240 http cache string-length@https://registry.npmjs.org/string-length/-/string-length-5.0.1.tgz 0ms (cache hit)
1241 http cache slash@https://registry.npmjs.org/slash/-/slash-4.0.0.tgz 0ms (cache hit)
1242 http cache has-flag@https://registry.npmjs.org/has-flag/-/has-flag-4.0.0.tgz 0ms (cache hit)
1243 http cache strip-ansi@https://registry.npmjs.org/strip-ansi/-/strip-ansi-7.0.1.tgz 0ms (cache hit)
1244 http cache color-name@https://registry.npmjs.org/color-name/-/color-name-1.1.4.tgz 0ms (cache hit)
1245 http cache color-convert@https://registry.npmjs.org/color-convert/-/color-convert-2.0.1.tgz 0ms (cache hit)
1246 http cache chalk@https://registry.npmjs.org/chalk/-/chalk-4.1.2.tgz 0ms (cache hit)
1247 http cache ansi-styles@https://registry.npmjs.org/ansi-styles/-/ansi-styles-4.3.0.tgz 0ms (cache hit)
1248 http cache ansi-regex@https://registry.npmjs.org/ansi-regex/-/ansi-regex-6.0.1.tgz 0ms (cache hit)
1249 http cache char-regex@https://registry.npmjs.org/char-regex/-/char-regex-2.0.1.tgz 0ms (cache hit)
1250 http cache supports-color@https://registry.npmjs.org/supports-color/-/supports-color-7.2.0.tgz 0ms (cache hit)
1251 http cache has-flag@https://registry.npmjs.org/has-flag/-/has-flag-4.0.0.tgz 0ms (cache hit)
1252 http cache color-name@https://registry.npmjs.org/color-name/-/color-name-1.1.4.tgz 0ms (cache hit)
1253 http cache chalk@https://registry.npmjs.org/chalk/-/chalk-4.1.2.tgz 0ms (cache hit)
1254 http cache ansi-styles@https://registry.npmjs.org/ansi-styles/-/ansi-styles-4.3.0.tgz 0ms (cache hit)
1255 http cache color-convert@https://registry.npmjs.org/color-convert/-/color-convert-2.0.1.tgz 0ms (cache hit)
1256 http cache supports-color@https://registry.npmjs.org/supports-color/-/supports-color-7.2.0.tgz 0ms (cache hit)
1257 http cache has-flag@https://registry.npmjs.org/has-flag/-/has-flag-4.0.0.tgz 0ms (cache hit)
1258 http cache chalk@https://registry.npmjs.org/chalk/-/chalk-4.1.2.tgz 0ms (cache hit)
1259 http cache color-convert@https://registry.npmjs.org/color-convert/-/color-convert-2.0.1.tgz 0ms (cache hit)
1260 http cache has-flag@https://registry.npmjs.org/has-flag/-/has-flag-4.0.0.tgz 0ms (cache hit)
1261 http cache supports-color@https://registry.npmjs.org/supports-color/-/supports-color-7.2.0.tgz 0ms (cache hit)
1262 http cache color-convert@https://registry.npmjs.org/color-convert/-/color-convert-2.0.1.tgz 0ms (cache hit)
1263 http cache ansi-styles@https://registry.npmjs.org/ansi-styles/-/ansi-styles-4.3.0.tgz 0ms (cache hit)
1264 http cache color-name@https://registry.npmjs.org/color-name/-/color-name-1.1.4.tgz 0ms (cache hit)
1265 http cache chalk@https://registry.npmjs.org/chalk/-/chalk-4.1.2.tgz 0ms (cache hit)
1266 http cache supports-color@https://registry.npmjs.org/supports-color/-/supports-color-7.2.0.tgz 0ms (cache hit)
1267 http cache color-name@https://registry.npmjs.org/color-name/-/color-name-1.1.4.tgz 0ms (cache hit)
1268 http cache has-flag@https://registry.npmjs.org/has-flag/-/has-flag-4.0.0.tgz 0ms (cache hit)
1269 http cache color-convert@https://registry.npmjs.org/color-convert/-/color-convert-2.0.1.tgz 0ms (cache hit)
1270 http cache ansi-styles@https://registry.npmjs.org/ansi-styles/-/ansi-styles-4.3.0.tgz 0ms (cache hit)
1271 http cache chalk@https://registry.npmjs.org/chalk/-/chalk-4.1.2.tgz 0ms (cache hit)
1272 http cache color-name@https://registry.npmjs.org/color-name/-/color-name-1.1.4.tgz 0ms (cache hit)
1273 http cache has-flag@https://registry.npmjs.org/has-flag/-/has-flag-4.0.0.tgz 0ms (cache hit)
1274 http cache ansi-styles@https://registry.npmjs.org/ansi-styles/-/ansi-styles-4.3.0.tgz 0ms (cache hit)
1275 http cache color-name@https://registry.npmjs.org/color-name/-/color-name-1.1.4.tgz 0ms (cache hit)
1276 http cache color-convert@https://registry.npmjs.org/color-convert/-/color-convert-2.0.1.tgz 0ms (cache hit)
1277 http cache ansi-styles@https://registry.npmjs.org/ansi-styles/-/ansi-styles-4.3.0.tgz 0ms (cache hit)
1278 http cache supports-color@https://registry.npmjs.org/supports-color/-/supports-color-7.2.0.tgz 0ms (cache hit)
1279 http cache supports-color@https://registry.npmjs.org/supports-color/-/supports-color-7.2.0.tgz 0ms (cache hit)
1280 http cache has-flag@https://registry.npmjs.org/has-flag/-/has-flag-4.0.0.tgz 0ms (cache hit)
1281 http cache color-name@https://registry.npmjs.org/color-name/-/color-name-1.1.4.tgz 0ms (cache hit)
1282 http cache color-convert@https://registry.npmjs.org/color-convert/-/color-convert-2.0.1.tgz 0ms (cache hit)
1283 http cache chalk@https://registry.npmjs.org/chalk/-/chalk-4.1.2.tgz 0ms (cache hit)
1284 http cache chalk@https://registry.npmjs.org/chalk/-/chalk-4.1.2.tgz 0ms (cache hit)
1285 http cache ansi-styles@https://registry.npmjs.org/ansi-styles/-/ansi-styles-4.3.0.tgz 0ms (cache hit)
1286 http cache supports-color@https://registry.npmjs.org/supports-color/-/supports-color-7.2.0.tgz 0ms (cache hit)
1287 http cache color-name@https://registry.npmjs.org/color-name/-/color-name-1.1.4.tgz 0ms (cache hit)
1288 http cache chalk@https://registry.npmjs.org/chalk/-/chalk-4.1.2.tgz 0ms (cache hit)
1289 http cache has-flag@https://registry.npmjs.org/has-flag/-/has-flag-4.0.0.tgz 0ms (cache hit)
1290 http cache color-convert@https://registry.npmjs.org/color-convert/-/color-convert-2.0.1.tgz 0ms (cache hit)
1291 http cache has-flag@https://registry.npmjs.org/has-flag/-/has-flag-4.0.0.tgz 0ms (cache hit)
1292 http cache color-convert@https://registry.npmjs.org/color-convert/-/color-convert-2.0.1.tgz 0ms (cache hit)
1293 http cache color-name@https://registry.npmjs.org/color-name/-/color-name-1.1.4.tgz 0ms (cache hit)
1294 http cache chalk@https://registry.npmjs.org/chalk/-/chalk-4.1.2.tgz 0ms (cache hit)
1295 http cache ansi-styles@https://registry.npmjs.org/ansi-styles/-/ansi-styles-4.3.0.tgz 0ms (cache hit)
1296 http cache ansi-styles@https://registry.npmjs.org/ansi-styles/-/ansi-styles-4.3.0.tgz 0ms (cache hit)
1297 http cache has-flag@https://registry.npmjs.org/has-flag/-/has-flag-4.0.0.tgz 0ms (cache hit)
1298 http cache supports-color@https://registry.npmjs.org/supports-color/-/supports-color-7.2.0.tgz 0ms (cache hit)
1299 http cache color-name@https://registry.npmjs.org/color-name/-/color-name-1.1.4.tgz 0ms (cache hit)
1300 http cache color-convert@https://registry.npmjs.org/color-convert/-/color-convert-2.0.1.tgz 0ms (cache hit)
1301 http cache chalk@https://registry.npmjs.org/chalk/-/chalk-4.1.2.tgz 0ms (cache hit)
1302 http cache supports-color@https://registry.npmjs.org/supports-color/-/supports-color-7.2.0.tgz 0ms (cache hit)
1303 http cache ansi-styles@https://registry.npmjs.org/ansi-styles/-/ansi-styles-4.3.0.tgz 0ms (cache hit)
1304 http cache supports-color@https://registry.npmjs.org/supports-color/-/supports-color-7.2.0.tgz 0ms (cache hit)
1305 http cache has-flag@https://registry.npmjs.org/has-flag/-/has-flag-4.0.0.tgz 0ms (cache hit)
1306 http cache color-convert@https://registry.npmjs.org/color-convert/-/color-convert-2.0.1.tgz 0ms (cache hit)
1307 http cache chalk@https://registry.npmjs.org/chalk/-/chalk-4.1.2.tgz 0ms (cache hit)
1308 http cache supports-color@https://registry.npmjs.org/supports-color/-/supports-color-7.2.0.tgz 0ms (cache hit)
1309 http cache color-name@https://registry.npmjs.org/color-name/-/color-name-1.1.4.tgz 0ms (cache hit)
1310 http cache has-flag@https://registry.npmjs.org/has-flag/-/has-flag-4.0.0.tgz 0ms (cache hit)
1311 http cache color-name@https://registry.npmjs.org/color-name/-/color-name-1.1.4.tgz 0ms (cache hit)
1312 http cache color-convert@https://registry.npmjs.org/color-convert/-/color-convert-2.0.1.tgz 0ms (cache hit)
1313 http cache ansi-styles@https://registry.npmjs.org/ansi-styles/-/ansi-styles-4.3.0.tgz 0ms (cache hit)
1314 http cache chalk@https://registry.npmjs.org/chalk/-/chalk-4.1.2.tgz 0ms (cache hit)
1315 http cache ansi-styles@https://registry.npmjs.org/ansi-styles/-/ansi-styles-4.3.0.tgz 0ms (cache hit)
1316 http cache has-flag@https://registry.npmjs.org/has-flag/-/has-flag-4.0.0.tgz 0ms (cache hit)
1317 http cache supports-color@https://registry.npmjs.org/supports-color/-/supports-color-7.2.0.tgz 0ms (cache hit)
1318 http cache color-convert@https://registry.npmjs.org/color-convert/-/color-convert-2.0.1.tgz 0ms (cache hit)
1319 http cache color-name@https://registry.npmjs.org/color-name/-/color-name-1.1.4.tgz 0ms (cache hit)
1320 http cache ansi-styles@https://registry.npmjs.org/ansi-styles/-/ansi-styles-4.3.0.tgz 0ms (cache hit)
1321 http cache supports-color@https://registry.npmjs.org/supports-color/-/supports-color-7.2.0.tgz 0ms (cache hit)
1322 http cache has-flag@https://registry.npmjs.org/has-flag/-/has-flag-4.0.0.tgz 0ms (cache hit)
1323 http cache chalk@https://registry.npmjs.org/chalk/-/chalk-4.1.2.tgz 0ms (cache hit)
1324 http cache color-convert@https://registry.npmjs.org/color-convert/-/color-convert-2.0.1.tgz 0ms (cache hit)
1325 http cache chalk@https://registry.npmjs.org/chalk/-/chalk-4.1.2.tgz 0ms (cache hit)
1326 http cache color-name@https://registry.npmjs.org/color-name/-/color-name-1.1.4.tgz 0ms (cache hit)
1327 http cache ansi-styles@https://registry.npmjs.org/ansi-styles/-/ansi-styles-4.3.0.tgz 0ms (cache hit)
1328 http cache supports-color@https://registry.npmjs.org/supports-color/-/supports-color-7.2.0.tgz 0ms (cache hit)
1329 http cache color-name@https://registry.npmjs.org/color-name/-/color-name-1.1.4.tgz 0ms (cache hit)
1330 http cache chalk@https://registry.npmjs.org/chalk/-/chalk-4.1.2.tgz 0ms (cache hit)
1331 http cache ansi-styles@https://registry.npmjs.org/ansi-styles/-/ansi-styles-4.3.0.tgz 0ms (cache hit)
1332 http cache async@https://registry.npmjs.org/async/-/async-0.9.2.tgz 0ms (cache hit)
1333 http cache source-map@https://registry.npmjs.org/source-map/-/source-map-0.6.1.tgz 0ms (cache hit)
1334 http cache has-flag@https://registry.npmjs.org/has-flag/-/has-flag-4.0.0.tgz 0ms (cache hit)
1335 http cache has-flag@https://registry.npmjs.org/has-flag/-/has-flag-4.0.0.tgz 0ms (cache hit)
1336 http cache color-convert@https://registry.npmjs.org/color-convert/-/color-convert-2.0.1.tgz 0ms (cache hit)
1337 http cache supports-color@https://registry.npmjs.org/supports-color/-/supports-color-7.2.0.tgz 0ms (cache hit)
1338 http cache semver@https://registry.npmjs.org/semver/-/semver-6.3.0.tgz 0ms (cache hit)
1339 http cache string_decoder@https://registry.npmjs.org/string_decoder/-/string_decoder-1.1.1.tgz 0ms (cache hit)
1340 http cache readable-stream@https://registry.npmjs.org/readable-stream/-/readable-stream-2.3.7.tgz 0ms (cache hit)
1341 http cache which@https://registry.npmjs.org/which/-/which-1.3.1.tgz 0ms (cache hit)
1342 http cache resolve-from@https://registry.npmjs.org/resolve-from/-/resolve-from-4.0.0.tgz 0ms (cache hit)
1343 http cache supports-color@https://registry.npmjs.org/supports-color/-/supports-color-7.2.0.tgz 0ms (cache hit)
1344 http cache tapable@https://registry.npmjs.org/tapable/-/tapable-1.1.3.tgz 0ms (cache hit)
1345 http cache has-flag@https://registry.npmjs.org/has-flag/-/has-flag-4.0.0.tgz 0ms (cache hit)
1346 http cache schema-utils@https://registry.npmjs.org/schema-utils/-/schema-utils-2.7.0.tgz 0ms (cache hit)
1347 http cache fs-extra@https://registry.npmjs.org/fs-extra/-/fs-extra-9.1.0.tgz 0ms (cache hit)
1348 http cache color-name@https://registry.npmjs.org/color-name/-/color-name-1.1.4.tgz 0ms (cache hit)
1349 http cache color-convert@https://registry.npmjs.org/color-convert/-/color-convert-2.0.1.tgz 0ms (cache hit)
1350 http cache cosmiconfig@https://registry.npmjs.org/cosmiconfig/-/cosmiconfig-6.0.0.tgz 0ms (cache hit)
1351 http cache chalk@https://registry.npmjs.org/chalk/-/chalk-4.1.2.tgz 0ms (cache hit)
1352 http cache ansi-styles@https://registry.npmjs.org/ansi-styles/-/ansi-styles-4.3.0.tgz 0ms (cache hit)
1353 http cache debug@https://registry.npmjs.org/debug/-/debug-2.6.9.tgz 0ms (cache hit)
1354 http cache ms@https://registry.npmjs.org/ms/-/ms-2.0.0.tgz 0ms (cache hit)
1355 http cache glob-parent@https://registry.npmjs.org/glob-parent/-/glob-parent-5.1.2.tgz 0ms (cache hit)
1356 http cache safe-buffer@https://registry.npmjs.org/safe-buffer/-/safe-buffer-5.2.1.tgz 0ms (cache hit)
1357 http cache ms@https://registry.npmjs.org/ms/-/ms-2.0.0.tgz 0ms (cache hit)
1358 http cache array-flatten@https://registry.npmjs.org/array-flatten/-/array-flatten-1.1.1.tgz 0ms (cache hit)
1359 http cache eslint-visitor-keys@https://registry.npmjs.org/eslint-visitor-keys/-/eslint-visitor-keys-2.1.0.tgz 0ms (cache hit)
1360 http cache debug@https://registry.npmjs.org/debug/-/debug-2.6.9.tgz 0ms (cache hit)
1361 http cache doctrine@https://registry.npmjs.org/doctrine/-/doctrine-2.1.0.tgz 0ms (cache hit)
1362 http cache resolve@https://registry.npmjs.org/resolve/-/resolve-2.0.0-next.3.tgz 0ms (cache hit)
1363 http cache ms@https://registry.npmjs.org/ms/-/ms-2.0.0.tgz 0ms (cache hit)
1364 http cache semver@https://registry.npmjs.org/semver/-/semver-6.3.0.tgz 0ms (cache hit)
1365 http cache path-exists@https://registry.npmjs.org/path-exists/-/path-exists-3.0.0.tgz 0ms (cache hit)
1366 http cache debug@https://registry.npmjs.org/debug/-/debug-2.6.9.tgz 0ms (cache hit)
1367 http cache p-try@https://registry.npmjs.org/p-try/-/p-try-1.0.0.tgz 0ms (cache hit)
1368 http cache doctrine@https://registry.npmjs.org/doctrine/-/doctrine-2.1.0.tgz 0ms (cache hit)
1369 http cache p-limit@https://registry.npmjs.org/p-limit/-/p-limit-1.3.0.tgz 0ms (cache hit)
1370 http cache p-locate@https://registry.npmjs.org/p-locate/-/p-locate-2.0.0.tgz 0ms (cache hit)
1371 http cache find-up@https://registry.npmjs.org/find-up/-/find-up-2.1.0.tgz 0ms (cache hit)
1372 http cache debug@https://registry.npmjs.org/debug/-/debug-3.2.7.tgz 0ms (cache hit)
1373 http cache debug@https://registry.npmjs.org/debug/-/debug-3.2.7.tgz 0ms (cache hit)
1374 http cache type-fest@https://registry.npmjs.org/type-fest/-/type-fest-0.20.2.tgz 0ms (cache hit)
1375 http cache locate-path@https://registry.npmjs.org/locate-path/-/locate-path-2.0.0.tgz 0ms (cache hit)
1376 http cache supports-color@https://registry.npmjs.org/supports-color/-/supports-color-7.2.0.tgz 0ms (cache hit)
1377 http cache globals@https://registry.npmjs.org/globals/-/globals-13.12.1.tgz 0ms (cache hit)
1378 http cache has-flag@https://registry.npmjs.org/has-flag/-/has-flag-4.0.0.tgz 0ms (cache hit)
1379 http cache js-yaml@https://registry.npmjs.org/js-yaml/-/js-yaml-4.1.0.tgz 0ms (cache hit)
1380 http cache escape-string-regexp@https://registry.npmjs.org/escape-string-regexp/-/escape-string-regexp-4.0.0.tgz 0ms (cache hit)
1381 http cache color-name@https://registry.npmjs.org/color-name/-/color-name-1.1.4.tgz 0ms (cache hit)
1382 http cache color-convert@https://registry.npmjs.org/color-convert/-/color-convert-2.0.1.tgz 0ms (cache hit)
1383 http cache chalk@https://registry.npmjs.org/chalk/-/chalk-4.1.2.tgz 0ms (cache hit)
1384 http cache argparse@https://registry.npmjs.org/argparse/-/argparse-2.0.1.tgz 0ms (cache hit)
1385 http cache type-check@https://registry.npmjs.org/type-check/-/type-check-0.3.2.tgz 0ms (cache hit)
1386 http cache prelude-ls@https://registry.npmjs.org/prelude-ls/-/prelude-ls-1.1.2.tgz 0ms (cache hit)
1387 http cache ansi-styles@https://registry.npmjs.org/ansi-styles/-/ansi-styles-4.3.0.tgz 0ms (cache hit)
1388 http cache optionator@https://registry.npmjs.org/optionator/-/optionator-0.8.3.tgz 0ms (cache hit)
1389 http cache levn@https://registry.npmjs.org/levn/-/levn-0.3.0.tgz 0ms (cache hit)
1390 http cache source-map@https://registry.npmjs.org/source-map/-/source-map-0.6.1.tgz 0ms (cache hit)
1391 http cache webidl-conversions@https://registry.npmjs.org/webidl-conversions/-/webidl-conversions-5.0.0.tgz 0ms (cache hit)
1392 http cache debug@https://registry.npmjs.org/debug/-/debug-2.6.9.tgz 0ms (cache hit)
1393 http cache cssom@https://registry.npmjs.org/cssom/-/cssom-0.3.8.tgz 0ms (cache hit)
1394 http cache ms@https://registry.npmjs.org/ms/-/ms-2.0.0.tgz 0ms (cache hit)
1395 http cache source-map@https://registry.npmjs.org/source-map/-/source-map-0.6.1.tgz 0ms (cache hit)
1396 http cache mdn-data@https://registry.npmjs.org/mdn-data/-/mdn-data-2.0.14.tgz 0ms (cache hit)
1397 http cache css-tree@https://registry.npmjs.org/css-tree/-/css-tree-1.1.3.tgz 0ms (cache hit)
1398 http cache source-map@https://registry.npmjs.org/source-map/-/source-map-0.6.1.tgz 0ms (cache hit)
1399 http cache source-map@https://registry.npmjs.org/source-map/-/source-map-0.6.1.tgz 0ms (cache hit)
1400 http cache json-schema-traverse@https://registry.npmjs.org/json-schema-traverse/-/json-schema-traverse-1.0.0.tgz 0ms (cache hit)
1401 http cache ajv-keywords@https://registry.npmjs.org/ajv-keywords/-/ajv-keywords-5.1.0.tgz 0ms (cache hit)
1402 http cache ajv@https://registry.npmjs.org/ajv/-/ajv-8.10.0.tgz 0ms (cache hit)
1403 http cache schema-utils@https://registry.npmjs.org/schema-utils/-/schema-utils-4.0.0.tgz 0ms (cache hit)
1404 http cache source-map@https://registry.npmjs.org/source-map/-/source-map-0.6.1.tgz 0ms (cache hit)
1405 http cache semver@https://registry.npmjs.org/semver/-/semver-7.0.0.tgz 0ms (cache hit)
1406 http cache safe-buffer@https://registry.npmjs.org/safe-buffer/-/safe-buffer-5.2.1.tgz 0ms (cache hit)
1407 http cache source-map@https://registry.npmjs.org/source-map/-/source-map-0.6.1.tgz 0ms (cache hit)
1408 http cache glob-parent@https://registry.npmjs.org/glob-parent/-/glob-parent-5.1.2.tgz 0ms (cache hit)
1409 http cache ms@https://registry.npmjs.org/ms/-/ms-2.0.0.tgz 0ms (cache hit)
1410 http cache iconv-lite@https://registry.npmjs.org/iconv-lite/-/iconv-lite-0.4.24.tgz 0ms (cache hit)
1411 http cache debug@https://registry.npmjs.org/debug/-/debug-2.6.9.tgz 0ms (cache hit)
1412 http cache debug@https://registry.npmjs.org/debug/-/debug-2.6.9.tgz 0ms (cache hit)
1413 http cache ms@https://registry.npmjs.org/ms/-/ms-2.0.0.tgz 0ms (cache hit)
1414 http cache semver@https://registry.npmjs.org/semver/-/semver-6.3.0.tgz 0ms (cache hit)
1415 http cache schema-utils@https://registry.npmjs.org/schema-utils/-/schema-utils-2.7.1.tgz 0ms (cache hit)
1416 http cache loader-utils@https://registry.npmjs.org/loader-utils/-/loader-utils-1.4.0.tgz 0ms (cache hit)
1417 http cache supports-color@https://registry.npmjs.org/supports-color/-/supports-color-7.2.0.tgz 0ms (cache hit)
1418 http cache bytes@https://registry.npmjs.org/bytes/-/bytes-3.1.2.tgz 0ms (cache hit)
1419 http cache json5@https://registry.npmjs.org/json5/-/json5-1.0.1.tgz 0ms (cache hit)
1420 http cache has-flag@https://registry.npmjs.org/has-flag/-/has-flag-4.0.0.tgz 0ms (cache hit)
1421 http cache color-name@https://registry.npmjs.org/color-name/-/color-name-1.1.4.tgz 0ms (cache hit)
1422 http cache ansi-styles@https://registry.npmjs.org/ansi-styles/-/ansi-styles-4.3.0.tgz 0ms (cache hit)
1423 http cache chalk@https://registry.npmjs.org/chalk/-/chalk-4.1.2.tgz 0ms (cache hit)
1424 http cache color-convert@https://registry.npmjs.org/color-convert/-/color-convert-2.0.1.tgz 0ms (cache hit)
1425 http cache json-schema-traverse@https://registry.npmjs.org/json-schema-traverse/-/json-schema-traverse-1.0.0.tgz 0ms (cache hit)
1426 http cache acorn@https://registry.npmjs.org/acorn/-/acorn-7.4.1.tgz 0ms (cache hit)
1427 http cache ajv@https://registry.npmjs.org/ajv/-/ajv-8.10.0.tgz 0ms (cache hit)
1428 http cache estraverse@https://registry.npmjs.org/estraverse/-/estraverse-4.3.0.tgz 0ms (cache hit)
1429 http cache eslint-scope@https://registry.npmjs.org/eslint-scope/-/eslint-scope-5.1.1.tgz 0ms (cache hit)
1430 http cache supports-color@https://registry.npmjs.org/supports-color/-/supports-color-7.2.0.tgz 0ms (cache hit)
1431 http cache acorn@https://registry.npmjs.org/acorn/-/acorn-7.4.1.tgz 0ms (cache hit)
1432 http cache has-flag@https://registry.npmjs.org/has-flag/-/has-flag-4.0.0.tgz 0ms (cache hit)
1433 http cache chalk@https://registry.npmjs.org/chalk/-/chalk-3.0.0.tgz 0ms (cache hit)
1434 http cache color-name@https://registry.npmjs.org/color-name/-/color-name-1.1.4.tgz 0ms (cache hit)
1435 http cache color-convert@https://registry.npmjs.org/color-convert/-/color-convert-2.0.1.tgz 0ms (cache hit)
1436 http cache ansi-styles@https://registry.npmjs.org/ansi-styles/-/ansi-styles-4.3.0.tgz 0ms (cache hit)
1437 http cache aria-query@https://registry.npmjs.org/aria-query/-/aria-query-5.0.0.tgz 0ms (cache hit)
1438 http cache has-flag@https://registry.npmjs.org/has-flag/-/has-flag-4.0.0.tgz 0ms (cache hit)
1439 http cache color-convert@https://registry.npmjs.org/color-convert/-/color-convert-2.0.1.tgz 0ms (cache hit)
1440 http cache chalk@https://registry.npmjs.org/chalk/-/chalk-4.1.2.tgz 0ms (cache hit)
1441 http cache aria-query@https://registry.npmjs.org/aria-query/-/aria-query-5.0.0.tgz 0ms (cache hit)
1442 http cache supports-color@https://registry.npmjs.org/supports-color/-/supports-color-7.2.0.tgz 0ms (cache hit)
1443 http cache ansi-styles@https://registry.npmjs.org/ansi-styles/-/ansi-styles-4.3.0.tgz 0ms (cache hit)
1444 http cache source-map@https://registry.npmjs.org/source-map/-/source-map-0.7.3.tgz 0ms (cache hit)
1445 http cache supports-color@https://registry.npmjs.org/supports-color/-/supports-color-7.2.0.tgz 0ms (cache hit)
1446 http cache @types/estree@https://registry.npmjs.org/@types/estree/-/estree-0.0.39.tgz 0ms (cache hit)
1447 http cache color-name@https://registry.npmjs.org/color-name/-/color-name-1.1.4.tgz 0ms (cache hit)
1448 http cache color-name@https://registry.npmjs.org/color-name/-/color-name-1.1.4.tgz 0ms (cache hit)
1449 http cache color-convert@https://registry.npmjs.org/color-convert/-/color-convert-2.0.1.tgz 0ms (cache hit)
1450 http cache chalk@https://registry.npmjs.org/chalk/-/chalk-4.1.2.tgz 0ms (cache hit)
1451 http cache has-flag@https://registry.npmjs.org/has-flag/-/has-flag-4.0.0.tgz 0ms (cache hit)
1452 http cache supports-color@https://registry.npmjs.org/supports-color/-/supports-color-7.2.0.tgz 0ms (cache hit)
1453 http cache ansi-styles@https://registry.npmjs.org/ansi-styles/-/ansi-styles-4.3.0.tgz 0ms (cache hit)
1454 http cache has-flag@https://registry.npmjs.org/has-flag/-/has-flag-4.0.0.tgz 0ms (cache hit)
1455 http cache color-name@https://registry.npmjs.org/color-name/-/color-name-1.1.4.tgz 0ms (cache hit)
1456 http cache source-map@https://registry.npmjs.org/source-map/-/source-map-0.6.1.tgz 0ms (cache hit)
1457 http cache ansi-styles@https://registry.npmjs.org/ansi-styles/-/ansi-styles-4.3.0.tgz 0ms (cache hit)
1458 http cache color-convert@https://registry.npmjs.org/color-convert/-/color-convert-2.0.1.tgz 0ms (cache hit)
1459 http cache source-map@https://registry.npmjs.org/source-map/-/source-map-0.6.1.tgz 0ms (cache hit)
1460 http cache source-map@https://registry.npmjs.org/source-map/-/source-map-0.6.1.tgz 0ms (cache hit)
1461 http cache supports-color@https://registry.npmjs.org/supports-color/-/supports-color-7.2.0.tgz 0ms (cache hit)
1462 http cache has-flag@https://registry.npmjs.org/has-flag/-/has-flag-4.0.0.tgz 0ms (cache hit)
1463 http cache chalk@https://registry.npmjs.org/chalk/-/chalk-4.1.2.tgz 0ms (cache hit)
1464 http cache color-name@https://registry.npmjs.org/color-name/-/color-name-1.1.4.tgz 0ms (cache hit)
1465 http cache color-convert@https://registry.npmjs.org/color-convert/-/color-convert-2.0.1.tgz 0ms (cache hit)
1466 http cache chalk@https://registry.npmjs.org/chalk/-/chalk-4.1.2.tgz 0ms (cache hit)
1467 http cache supports-color@https://registry.npmjs.org/supports-color/-/supports-color-7.2.0.tgz 0ms (cache hit)
1468 http cache has-flag@https://registry.npmjs.org/has-flag/-/has-flag-4.0.0.tgz 0ms (cache hit)
1469 http cache color-name@https://registry.npmjs.org/color-name/-/color-name-1.1.4.tgz 0ms (cache hit)
1470 http cache ansi-styles@https://registry.npmjs.org/ansi-styles/-/ansi-styles-4.3.0.tgz 0ms (cache hit)
1471 http cache color-convert@https://registry.npmjs.org/color-convert/-/color-convert-2.0.1.tgz 0ms (cache hit)
1472 http cache supports-color@https://registry.npmjs.org/supports-color/-/supports-color-7.2.0.tgz 0ms (cache hit)
1473 http cache ansi-styles@https://registry.npmjs.org/ansi-styles/-/ansi-styles-4.3.0.tgz 0ms (cache hit)
1474 http cache has-flag@https://registry.npmjs.org/has-flag/-/has-flag-4.0.0.tgz 0ms (cache hit)
1475 http cache color-name@https://registry.npmjs.org/color-name/-/color-name-1.1.4.tgz 0ms (cache hit)
1476 http cache chalk@https://registry.npmjs.org/chalk/-/chalk-4.1.2.tgz 0ms (cache hit)
1477 http cache color-convert@https://registry.npmjs.org/color-convert/-/color-convert-2.0.1.tgz 0ms (cache hit)
1478 http cache chalk@https://registry.npmjs.org/chalk/-/chalk-4.1.2.tgz 0ms (cache hit)
1479 http cache p-locate@https://registry.npmjs.org/p-locate/-/p-locate-4.1.0.tgz 0ms (cache hit)
1480 http cache p-limit@https://registry.npmjs.org/p-limit/-/p-limit-2.3.0.tgz 0ms (cache hit)
1481 http cache find-up@https://registry.npmjs.org/find-up/-/find-up-4.1.0.tgz 0ms (cache hit)
1482 http cache ansi-styles@https://registry.npmjs.org/ansi-styles/-/ansi-styles-4.3.0.tgz 0ms (cache hit)
1483 http cache camelcase@https://registry.npmjs.org/camelcase/-/camelcase-5.3.1.tgz 0ms (cache hit)
1484 http cache whatwg-fetch@https://registry.npmjs.org/whatwg-fetch/-/whatwg-fetch-2.0.4.tgz 0ms (cache hit)
1485 http cache locate-path@https://registry.npmjs.org/locate-path/-/locate-path-5.0.0.tgz 0ms (cache hit)
1486 http cache idb@https://registry.npmjs.org/idb/-/idb-7.0.1.tgz 0ms (cache hit)
1487 http cache core-js@https://registry.npmjs.org/core-js/-/core-js-3.6.5.tgz 0ms (cache hit)
1488 http cache idb@https://registry.npmjs.org/idb/-/idb-7.0.1.tgz 0ms (cache hit)
1489 http cache idb@https://registry.npmjs.org/idb/-/idb-7.0.1.tgz 0ms (cache hit)
1490 http cache type-fest@https://registry.npmjs.org/type-fest/-/type-fest-0.20.2.tgz 0ms (cache hit)
1491 http cache js-yaml@https://registry.npmjs.org/js-yaml/-/js-yaml-4.1.0.tgz 0ms (cache hit)
1492 http cache globals@https://registry.npmjs.org/globals/-/globals-13.12.1.tgz 0ms (cache hit)
1493 http cache argparse@https://registry.npmjs.org/argparse/-/argparse-2.0.1.tgz 0ms (cache hit)
1494 http cache ignore@https://registry.npmjs.org/ignore/-/ignore-4.0.6.tgz 0ms (cache hit)
1495 http cache semver@https://registry.npmjs.org/semver/-/semver-6.3.0.tgz 0ms (cache hit)
1496 http cache semver@https://registry.npmjs.org/semver/-/semver-6.3.0.tgz 0ms (cache hit)
1497 http cache semver@https://registry.npmjs.org/semver/-/semver-6.3.0.tgz 0ms (cache hit)
1498 http cache eslint-visitor-keys@https://registry.npmjs.org/eslint-visitor-keys/-/eslint-visitor-keys-2.1.0.tgz 0ms (cache hit)
1499 http cache semver@https://registry.npmjs.org/semver/-/semver-6.3.0.tgz 0ms (cache hit)
1500 http cache eslint-scope@https://registry.npmjs.org/eslint-scope/-/eslint-scope-5.1.1.tgz 0ms (cache hit)
1501 http cache semver@https://registry.npmjs.org/semver/-/semver-6.3.0.tgz 0ms (cache hit)
1502 http cache estraverse@https://registry.npmjs.org/estraverse/-/estraverse-4.3.0.tgz 0ms (cache hit)
1503 http cache semver@https://registry.npmjs.org/semver/-/semver-6.3.0.tgz 0ms (cache hit)
1504 silly tarball no local data for yargs@https://registry.npmjs.org/yargs/-/yargs-16.2.0.tgz. Extracting by manifest.
1505 silly tarball no local data for yargs-parser@https://registry.npmjs.org/yargs-parser/-/yargs-parser-20.2.9.tgz. Extracting by manifest.
1506 silly tarball no local data for yocto-queue@https://registry.npmjs.org/yocto-queue/-/yocto-queue-0.1.0.tgz. Extracting by manifest.
1507 silly tarball no local data for yallist@https://registry.npmjs.org/yallist/-/yallist-4.0.0.tgz. Extracting by manifest.
1508 silly tarball no local data for xtend@https://registry.npmjs.org/xtend/-/xtend-4.0.2.tgz. Extracting by manifest.
1509 silly tarball no local data for xmlchars@https://registry.npmjs.org/xmlchars/-/xmlchars-2.2.0.tgz. Extracting by manifest.
1510 silly tarball no local data for yaml@https://registry.npmjs.org/yaml/-/yaml-1.10.2.tgz. Extracting by manifest.
1511 silly tarball no local data for xml-name-validator@https://registry.npmjs.org/xml-name-validator/-/xml-name-validator-3.0.0.tgz. Extracting by manifest.
1512 silly tarball no local data for ws@https://registry.npmjs.org/ws/-/ws-7.5.7.tgz. Extracting by manifest.
1513 silly tarball no local data for write-file-atomic@https://registry.npmjs.org/write-file-atomic/-/write-file-atomic-3.0.3.tgz. Extracting by manifest.
1514 silly tarball no local data for wrappy@https://registry.npmjs.org/wrappy/-/wrappy-1.0.2.tgz. Extracting by manifest.
1515 silly tarball no local data for wrap-ansi@https://registry.npmjs.org/wrap-ansi/-/wrap-ansi-7.0.0.tgz. Extracting by manifest.
1516 silly tarball no local data for workbox-window@https://registry.npmjs.org/workbox-window/-/workbox-window-6.5.1.tgz. Extracting by manifest.
1517 silly tarball no local data for workbox-sw@https://registry.npmjs.org/workbox-sw/-/workbox-sw-6.5.1.tgz. Extracting by manifest.
1518 silly tarball no local data for workbox-webpack-plugin@https://registry.npmjs.org/workbox-webpack-plugin/-/workbox-webpack-plugin-6.5.1.tgz. Extracting by manifest.
1519 silly tarball no local data for workbox-streams@https://registry.npmjs.org/workbox-streams/-/workbox-streams-6.5.1.tgz. Extracting by manifest.
1520 silly tarball no local data for workbox-strategies@https://registry.npmjs.org/workbox-strategies/-/workbox-strategies-6.5.1.tgz. Extracting by manifest.
1521 silly tarball no local data for workbox-routing@https://registry.npmjs.org/workbox-routing/-/workbox-routing-6.5.1.tgz. Extracting by manifest.
1522 silly tarball no local data for workbox-recipes@https://registry.npmjs.org/workbox-recipes/-/workbox-recipes-6.5.1.tgz. Extracting by manifest.
1523 silly tarball no local data for y18n@https://registry.npmjs.org/y18n/-/y18n-5.0.8.tgz. Extracting by manifest.
1524 silly tarball no local data for workbox-range-requests@https://registry.npmjs.org/workbox-range-requests/-/workbox-range-requests-6.5.1.tgz. Extracting by manifest.
1525 silly tarball no local data for workbox-navigation-preload@https://registry.npmjs.org/workbox-navigation-preload/-/workbox-navigation-preload-6.5.1.tgz. Extracting by manifest.
1526 silly tarball no local data for workbox-expiration@https://registry.npmjs.org/workbox-expiration/-/workbox-expiration-6.5.1.tgz. Extracting by manifest.
1527 silly tarball no local data for workbox-core@https://registry.npmjs.org/workbox-core/-/workbox-core-6.5.1.tgz. Extracting by manifest.
1528 silly tarball no local data for workbox-build@https://registry.npmjs.org/workbox-build/-/workbox-build-6.5.1.tgz. Extracting by manifest.
1529 silly tarball no local data for workbox-cacheable-response@https://registry.npmjs.org/workbox-cacheable-response/-/workbox-cacheable-response-6.5.1.tgz. Extracting by manifest.
1530 silly tarball no local data for workbox-precaching@https://registry.npmjs.org/workbox-precaching/-/workbox-precaching-6.5.1.tgz. Extracting by manifest.
1531 silly tarball no local data for workbox-background-sync@https://registry.npmjs.org/workbox-background-sync/-/workbox-background-sync-6.5.1.tgz. Extracting by manifest.
1532 silly tarball no local data for word-wrap@https://registry.npmjs.org/word-wrap/-/word-wrap-1.2.3.tgz. Extracting by manifest.
1533 silly tarball no local data for workbox-broadcast-update@https://registry.npmjs.org/workbox-broadcast-update/-/workbox-broadcast-update-6.5.1.tgz. Extracting by manifest.
1534 silly tarball no local data for workbox-google-analytics@https://registry.npmjs.org/workbox-google-analytics/-/workbox-google-analytics-6.5.1.tgz. Extracting by manifest.
1535 silly tarball no local data for which-boxed-primitive@https://registry.npmjs.org/which-boxed-primitive/-/which-boxed-primitive-1.0.2.tgz. Extracting by manifest.
1536 silly tarball no local data for whatwg-url@https://registry.npmjs.org/whatwg-url/-/whatwg-url-8.7.0.tgz. Extracting by manifest.
1537 silly tarball no local data for whatwg-mimetype@https://registry.npmjs.org/whatwg-mimetype/-/whatwg-mimetype-2.3.0.tgz. Extracting by manifest.
1538 silly tarball no local data for which@https://registry.npmjs.org/which/-/which-2.0.2.tgz. Extracting by manifest.
1539 silly tarball no local data for whatwg-fetch@https://registry.npmjs.org/whatwg-fetch/-/whatwg-fetch-3.6.2.tgz. Extracting by manifest.
1540 silly tarball no local data for websocket-extensions@https://registry.npmjs.org/websocket-extensions/-/websocket-extensions-0.1.4.tgz. Extracting by manifest.
1541 silly tarball no local data for webpack-sources@https://registry.npmjs.org/webpack-sources/-/webpack-sources-3.2.3.tgz. Extracting by manifest.
1542 silly tarball no local data for websocket-driver@https://registry.npmjs.org/websocket-driver/-/websocket-driver-0.7.4.tgz. Extracting by manifest.
1543 silly tarball no local data for whatwg-encoding@https://registry.npmjs.org/whatwg-encoding/-/whatwg-encoding-1.0.5.tgz. Extracting by manifest.
1544 silly tarball no local data for webpack-dev-middleware@https://registry.npmjs.org/webpack-dev-middleware/-/webpack-dev-middleware-5.3.1.tgz. Extracting by manifest.
1545 silly tarball no local data for webpack-manifest-plugin@https://registry.npmjs.org/webpack-manifest-plugin/-/webpack-manifest-plugin-4.1.1.tgz. Extracting by manifest.
1546 silly tarball no local data for webpack-dev-server@https://registry.npmjs.org/webpack-dev-server/-/webpack-dev-server-4.7.4.tgz. Extracting by manifest.
1547 silly tarball no local data for webpack@https://registry.npmjs.org/webpack/-/webpack-5.70.0.tgz. Extracting by manifest.
1548 silly tarball no local data for wbuf@https://registry.npmjs.org/wbuf/-/wbuf-1.7.3.tgz. Extracting by manifest.
1549 silly tarball no local data for watchpack@https://registry.npmjs.org/watchpack/-/watchpack-2.3.1.tgz. Extracting by manifest.
1550 silly tarball no local data for webidl-conversions@https://registry.npmjs.org/webidl-conversions/-/webidl-conversions-6.1.0.tgz. Extracting by manifest.
1551 silly tarball no local data for walker@https://registry.npmjs.org/walker/-/walker-1.0.8.tgz. Extracting by manifest.
1552 silly tarball no local data for w3c-xmlserializer@https://registry.npmjs.org/w3c-xmlserializer/-/w3c-xmlserializer-2.0.0.tgz. Extracting by manifest.
1553 silly tarball no local data for w3c-hr-time@https://registry.npmjs.org/w3c-hr-time/-/w3c-hr-time-1.0.2.tgz. Extracting by manifest.
1554 silly tarball no local data for v8-to-istanbul@https://registry.npmjs.org/v8-to-istanbul/-/v8-to-istanbul-8.1.1.tgz. Extracting by manifest.
1555 silly tarball no local data for vary@https://registry.npmjs.org/vary/-/vary-1.1.2.tgz. Extracting by manifest.
1556 silly tarball no local data for v8-compile-cache@https://registry.npmjs.org/v8-compile-cache/-/v8-compile-cache-2.3.0.tgz. Extracting by manifest.
1557 silly tarball no local data for uuid@https://registry.npmjs.org/uuid/-/uuid-8.3.2.tgz. Extracting by manifest.
1558 silly tarball no local data for utils-merge@https://registry.npmjs.org/utils-merge/-/utils-merge-1.0.1.tgz. Extracting by manifest.
1559 silly tarball no local data for utila@https://registry.npmjs.org/utila/-/utila-0.4.0.tgz. Extracting by manifest.
1560 silly tarball no local data for util.promisify@https://registry.npmjs.org/util.promisify/-/util.promisify-1.0.1.tgz. Extracting by manifest.
1561 silly tarball no local data for util-deprecate@https://registry.npmjs.org/util-deprecate/-/util-deprecate-1.0.2.tgz. Extracting by manifest.
1562 silly tarball no local data for upath@https://registry.npmjs.org/upath/-/upath-1.2.0.tgz. Extracting by manifest.
1563 silly tarball no local data for uri-js@https://registry.npmjs.org/uri-js/-/uri-js-4.4.1.tgz. Extracting by manifest.
1564 silly tarball no local data for unpipe@https://registry.npmjs.org/unpipe/-/unpipe-1.0.0.tgz. Extracting by manifest.
1565 silly tarball no local data for universalify@https://registry.npmjs.org/universalify/-/universalify-2.0.0.tgz. Extracting by manifest.
1566 silly tarball no local data for unquote@https://registry.npmjs.org/unquote/-/unquote-1.1.1.tgz. Extracting by manifest.
1567 silly tarball no local data for web-vitals@https://registry.npmjs.org/web-vitals/-/web-vitals-2.1.4.tgz. Extracting by manifest.
1568 silly tarball no local data for unique-string@https://registry.npmjs.org/unique-string/-/unique-string-2.0.0.tgz. Extracting by manifest.
1569 silly tarball no local data for unicode-match-property-value-ecmascript@https://registry.npmjs.org/unicode-match-property-value-ecmascript/-/unicode-match-property-value-ecmascript-2.0.0.tgz. Extracting by manifest.
1570 silly tarball no local data for unicode-canonical-property-names-ecmascript@https://registry.npmjs.org/unicode-canonical-property-names-ecmascript/-/unicode-canonical-property-names-ecmascript-2.0.0.tgz. Extracting by manifest.
1571 silly tarball no local data for unicode-property-aliases-ecmascript@https://registry.npmjs.org/unicode-property-aliases-ecmascript/-/unicode-property-aliases-ecmascript-2.0.0.tgz. Extracting by manifest.
1572 silly tarball no local data for unbox-primitive@https://registry.npmjs.org/unbox-primitive/-/unbox-primitive-1.0.1.tgz. Extracting by manifest.
1573 silly tarball no local data for unicode-match-property-ecmascript@https://registry.npmjs.org/unicode-match-property-ecmascript/-/unicode-match-property-ecmascript-2.0.0.tgz. Extracting by manifest.
1574 silly tarball no local data for typescript@https://registry.npmjs.org/typescript/-/typescript-4.6.2.tgz. Extracting by manifest.
1575 silly tarball no local data for typedarray-to-buffer@https://registry.npmjs.org/typedarray-to-buffer/-/typedarray-to-buffer-3.1.5.tgz. Extracting by manifest.
1576 silly tarball no local data for type-is@https://registry.npmjs.org/type-is/-/type-is-1.6.18.tgz. Extracting by manifest.
1577 silly tarball no local data for type-fest@https://registry.npmjs.org/type-fest/-/type-fest-0.21.3.tgz. Extracting by manifest.
1578 silly tarball no local data for type-detect@https://registry.npmjs.org/type-detect/-/type-detect-4.0.8.tgz. Extracting by manifest.
1579 silly tarball no local data for type-check@https://registry.npmjs.org/type-check/-/type-check-0.4.0.tgz. Extracting by manifest.
1580 silly tarball no local data for tsutils@https://registry.npmjs.org/tsutils/-/tsutils-3.21.0.tgz. Extracting by manifest.
1581 silly tarball no local data for tslib@https://registry.npmjs.org/tslib/-/tslib-2.3.1.tgz. Extracting by manifest.
1582 silly tarball no local data for tsconfig-paths@https://registry.npmjs.org/tsconfig-paths/-/tsconfig-paths-3.13.0.tgz. Extracting by manifest.
1583 silly tarball no local data for tryer@https://registry.npmjs.org/tryer/-/tryer-1.0.1.tgz. Extracting by manifest.
1584 silly tarball no local data for tough-cookie@https://registry.npmjs.org/tough-cookie/-/tough-cookie-4.0.0.tgz. Extracting by manifest.
1585 silly tarball no local data for tr46@https://registry.npmjs.org/tr46/-/tr46-2.1.0.tgz. Extracting by manifest.
1586 silly tarball no local data for toidentifier@https://registry.npmjs.org/toidentifier/-/toidentifier-1.0.1.tgz. Extracting by manifest.
1587 silly tarball no local data for to-regex-range@https://registry.npmjs.org/to-regex-range/-/to-regex-range-5.0.1.tgz. Extracting by manifest.
1588 silly tarball no local data for to-fast-properties@https://registry.npmjs.org/to-fast-properties/-/to-fast-properties-2.0.0.tgz. Extracting by manifest.
1589 silly tarball no local data for tmpl@https://registry.npmjs.org/tmpl/-/tmpl-1.0.5.tgz. Extracting by manifest.
1590 silly tarball no local data for timsort@https://registry.npmjs.org/timsort/-/timsort-0.3.0.tgz. Extracting by manifest.
1591 silly tarball no local data for tmp@https://registry.npmjs.org/tmp/-/tmp-0.2.1.tgz. Extracting by manifest.
1592 silly tarball no local data for thunky@https://registry.npmjs.org/thunky/-/thunky-1.1.0.tgz. Extracting by manifest.
1593 silly tarball no local data for text-table@https://registry.npmjs.org/text-table/-/text-table-0.2.0.tgz. Extracting by manifest.
1594 silly tarball no local data for throat@https://registry.npmjs.org/throat/-/throat-6.0.1.tgz. Extracting by manifest.
1595 silly tarball no local data for test-exclude@https://registry.npmjs.org/test-exclude/-/test-exclude-6.0.0.tgz. Extracting by manifest.
1596 silly tarball no local data for terser@https://registry.npmjs.org/terser/-/terser-5.12.0.tgz. Extracting by manifest.
1597 silly tarball no local data for terminal-link@https://registry.npmjs.org/terminal-link/-/terminal-link-2.1.1.tgz. Extracting by manifest.
1598 silly tarball no local data for terser-webpack-plugin@https://registry.npmjs.org/terser-webpack-plugin/-/terser-webpack-plugin-5.3.1.tgz. Extracting by manifest.
1599 silly tarball no local data for temp-dir@https://registry.npmjs.org/temp-dir/-/temp-dir-2.0.0.tgz. Extracting by manifest.
1600 silly tarball no local data for tapable@https://registry.npmjs.org/tapable/-/tapable-2.2.1.tgz. Extracting by manifest.
1601 silly tarball no local data for tailwindcss@https://registry.npmjs.org/tailwindcss/-/tailwindcss-3.0.23.tgz. Extracting by manifest.
1602 silly tarball no local data for symbol-tree@https://registry.npmjs.org/symbol-tree/-/symbol-tree-3.2.4.tgz. Extracting by manifest.
1603 silly tarball no local data for svgo@https://registry.npmjs.org/svgo/-/svgo-1.3.2.tgz. Extracting by manifest.
1604 silly tarball no local data for svg-parser@https://registry.npmjs.org/svg-parser/-/svg-parser-2.0.4.tgz. Extracting by manifest.
1605 silly tarball no local data for supports-preserve-symlinks-flag@https://registry.npmjs.org/supports-preserve-symlinks-flag/-/supports-preserve-symlinks-flag-1.0.0.tgz. Extracting by manifest.
1606 silly tarball no local data for supports-hyperlinks@https://registry.npmjs.org/supports-hyperlinks/-/supports-hyperlinks-2.2.0.tgz. Extracting by manifest.
1607 silly tarball no local data for supports-color@https://registry.npmjs.org/supports-color/-/supports-color-5.5.0.tgz. Extracting by manifest.
1608 silly tarball no local data for stylehacks@https://registry.npmjs.org/stylehacks/-/stylehacks-5.1.0.tgz. Extracting by manifest.
1609 silly tarball no local data for style-loader@https://registry.npmjs.org/style-loader/-/style-loader-3.3.1.tgz. Extracting by manifest.
1610 silly tarball no local data for strip-json-comments@https://registry.npmjs.org/strip-json-comments/-/strip-json-comments-3.1.1.tgz. Extracting by manifest.
1611 silly tarball no local data for tempy@https://registry.npmjs.org/tempy/-/tempy-0.6.0.tgz. Extracting by manifest.
1612 silly tarball no local data for strip-indent@https://registry.npmjs.org/strip-indent/-/strip-indent-3.0.0.tgz. Extracting by manifest.
1613 silly tarball no local data for strip-final-newline@https://registry.npmjs.org/strip-final-newline/-/strip-final-newline-2.0.0.tgz. Extracting by manifest.
1614 silly tarball no local data for strip-comments@https://registry.npmjs.org/strip-comments/-/strip-comments-2.0.1.tgz. Extracting by manifest.
1615 silly tarball no local data for strip-bom@https://registry.npmjs.org/strip-bom/-/strip-bom-4.0.0.tgz. Extracting by manifest.
1616 silly tarball no local data for stringify-object@https://registry.npmjs.org/stringify-object/-/stringify-object-3.3.0.tgz. Extracting by manifest.
1617 silly tarball no local data for string.prototype.trimstart@https://registry.npmjs.org/string.prototype.trimstart/-/string.prototype.trimstart-1.0.4.tgz. Extracting by manifest.
1618 silly tarball no local data for string.prototype.trimend@https://registry.npmjs.org/string.prototype.trimend/-/string.prototype.trimend-1.0.4.tgz. Extracting by manifest.
1619 silly tarball no local data for string.prototype.matchall@https://registry.npmjs.org/string.prototype.matchall/-/string.prototype.matchall-4.0.6.tgz. Extracting by manifest.
1620 silly tarball no local data for strip-ansi@https://registry.npmjs.org/strip-ansi/-/strip-ansi-6.0.1.tgz. Extracting by manifest.
1621 silly tarball no local data for string-width@https://registry.npmjs.org/string-width/-/string-width-4.2.3.tgz. Extracting by manifest.
1622 silly tarball no local data for string-natural-compare@https://registry.npmjs.org/string-natural-compare/-/string-natural-compare-3.0.1.tgz. Extracting by manifest.
1623 silly tarball no local data for string-length@https://registry.npmjs.org/string-length/-/string-length-4.0.2.tgz. Extracting by manifest.
1624 silly tarball no local data for statuses@https://registry.npmjs.org/statuses/-/statuses-1.5.0.tgz. Extracting by manifest.
1625 silly tarball no local data for stackframe@https://registry.npmjs.org/stackframe/-/stackframe-1.2.1.tgz. Extracting by manifest.
1626 silly tarball no local data for string_decoder@https://registry.npmjs.org/string_decoder/-/string_decoder-1.3.0.tgz. Extracting by manifest.
1627 silly tarball no local data for stack-utils@https://registry.npmjs.org/stack-utils/-/stack-utils-2.0.5.tgz. Extracting by manifest.
1628 silly tarball no local data for stable@https://registry.npmjs.org/stable/-/stable-0.1.8.tgz. Extracting by manifest.
1629 silly tarball no local data for sprintf-js@https://registry.npmjs.org/sprintf-js/-/sprintf-js-1.0.3.tgz. Extracting by manifest.
1630 silly tarball no local data for spdy-transport@https://registry.npmjs.org/spdy-transport/-/spdy-transport-3.0.0.tgz. Extracting by manifest.
1631 silly tarball no local data for sourcemap-codec@https://registry.npmjs.org/sourcemap-codec/-/sourcemap-codec-1.4.8.tgz. Extracting by manifest.
1632 silly tarball no local data for source-map-support@https://registry.npmjs.org/source-map-support/-/source-map-support-0.5.21.tgz. Extracting by manifest.
1633 silly tarball no local data for source-map-resolve@https://registry.npmjs.org/source-map-resolve/-/source-map-resolve-0.6.0.tgz. Extracting by manifest.
1634 silly tarball no local data for spdy@https://registry.npmjs.org/spdy/-/spdy-4.0.2.tgz. Extracting by manifest.
1635 silly tarball no local data for source-map-loader@https://registry.npmjs.org/source-map-loader/-/source-map-loader-3.0.1.tgz. Extracting by manifest.
1636 silly tarball no local data for source-map-js@https://registry.npmjs.org/source-map-js/-/source-map-js-1.0.2.tgz. Extracting by manifest.
1637 silly tarball no local data for source-map@https://registry.npmjs.org/source-map/-/source-map-0.5.7.tgz. Extracting by manifest.
1638 silly tarball no local data for source-list-map@https://registry.npmjs.org/source-list-map/-/source-list-map-2.0.1.tgz. Extracting by manifest.
1639 silly tarball no local data for sockjs@https://registry.npmjs.org/sockjs/-/sockjs-0.3.24.tgz. Extracting by manifest.
1640 silly tarball no local data for slash@https://registry.npmjs.org/slash/-/slash-3.0.0.tgz. Extracting by manifest.
1641 silly tarball no local data for sisteransi@https://registry.npmjs.org/sisteransi/-/sisteransi-1.0.5.tgz. Extracting by manifest.
1642 silly tarball no local data for signal-exit@https://registry.npmjs.org/signal-exit/-/signal-exit-3.0.7.tgz. Extracting by manifest.
1643 silly tarball no local data for shell-quote@https://registry.npmjs.org/shell-quote/-/shell-quote-1.7.3.tgz. Extracting by manifest.
1644 silly tarball no local data for side-channel@https://registry.npmjs.org/side-channel/-/side-channel-1.0.4.tgz. Extracting by manifest.
1645 silly tarball no local data for shebang-regex@https://registry.npmjs.org/shebang-regex/-/shebang-regex-3.0.0.tgz. Extracting by manifest.
1646 silly tarball no local data for setprototypeof@https://registry.npmjs.org/setprototypeof/-/setprototypeof-1.2.0.tgz. Extracting by manifest.
1647 silly tarball no local data for setimmediate@https://registry.npmjs.org/setimmediate/-/setimmediate-1.0.5.tgz. Extracting by manifest.
1648 silly tarball no local data for shebang-command@https://registry.npmjs.org/shebang-command/-/shebang-command-2.0.0.tgz. Extracting by manifest.
1649 silly tarball no local data for serve-static@https://registry.npmjs.org/serve-static/-/serve-static-1.14.2.tgz. Extracting by manifest.
1650 silly tarball no local data for serve-index@https://registry.npmjs.org/serve-index/-/serve-index-1.9.1.tgz. Extracting by manifest.
1651 silly tarball no local data for serialize-javascript@https://registry.npmjs.org/serialize-javascript/-/serialize-javascript-6.0.0.tgz. Extracting by manifest.
1652 silly tarball no local data for semver@https://registry.npmjs.org/semver/-/semver-7.3.5.tgz. Extracting by manifest.
1653 silly tarball no local data for selfsigned@https://registry.npmjs.org/selfsigned/-/selfsigned-2.0.0.tgz. Extracting by manifest.
1654 silly tarball no local data for selenium-webdriver@https://registry.npmjs.org/selenium-webdriver/-/selenium-webdriver-4.1.2.tgz. Extracting by manifest.
1655 silly tarball no local data for send@https://registry.npmjs.org/send/-/send-0.17.2.tgz. Extracting by manifest.
1656 silly tarball no local data for select-hose@https://registry.npmjs.org/select-hose/-/select-hose-2.0.0.tgz. Extracting by manifest.
1657 silly tarball no local data for scheduler@https://registry.npmjs.org/scheduler/-/scheduler-0.20.2.tgz. Extracting by manifest.
1658 silly tarball no local data for saxes@https://registry.npmjs.org/saxes/-/saxes-5.0.1.tgz. Extracting by manifest.
1659 silly tarball no local data for sax@https://registry.npmjs.org/sax/-/sax-1.2.4.tgz. Extracting by manifest.
1660 silly tarball no local data for sass-loader@https://registry.npmjs.org/sass-loader/-/sass-loader-12.6.0.tgz. Extracting by manifest.
1661 silly tarball no local data for schema-utils@https://registry.npmjs.org/schema-utils/-/schema-utils-3.1.1.tgz. Extracting by manifest.
1662 silly tarball no local data for safer-buffer@https://registry.npmjs.org/safer-buffer/-/safer-buffer-2.1.2.tgz. Extracting by manifest.
1663 silly tarball no local data for sanitize.css@https://registry.npmjs.org/sanitize.css/-/sanitize.css-13.0.0.tgz. Extracting by manifest.
1664 silly tarball no local data for safe-buffer@https://registry.npmjs.org/safe-buffer/-/safe-buffer-5.1.2.tgz. Extracting by manifest.
1665 silly tarball no local data for run-parallel@https://registry.npmjs.org/run-parallel/-/run-parallel-1.2.0.tgz. Extracting by manifest.
1666 silly tarball no local data for rollup-plugin-terser@https://registry.npmjs.org/rollup-plugin-terser/-/rollup-plugin-terser-7.0.2.tgz. Extracting by manifest.
1667 silly tarball no local data for rollup@https://registry.npmjs.org/rollup/-/rollup-2.70.0.tgz. Extracting by manifest.
1668 silly tarball no local data for rimraf@https://registry.npmjs.org/rimraf/-/rimraf-3.0.2.tgz. Extracting by manifest.
1669 silly tarball no local data for reusify@https://registry.npmjs.org/reusify/-/reusify-1.0.4.tgz. Extracting by manifest.
1670 silly tarball no local data for retry@https://registry.npmjs.org/retry/-/retry-0.13.1.tgz. Extracting by manifest.
1671 silly tarball no local data for resolve.exports@https://registry.npmjs.org/resolve.exports/-/resolve.exports-1.1.0.tgz. Extracting by manifest.
1672 silly tarball no local data for resolve-url-loader@https://registry.npmjs.org/resolve-url-loader/-/resolve-url-loader-4.0.0.tgz. Extracting by manifest.
1673 silly tarball no local data for resolve@https://registry.npmjs.org/resolve/-/resolve-1.22.0.tgz. Extracting by manifest.
1674 silly tarball no local data for resolve-from@https://registry.npmjs.org/resolve-from/-/resolve-from-5.0.0.tgz. Extracting by manifest.
1675 silly tarball no local data for resolve-cwd@https://registry.npmjs.org/resolve-cwd/-/resolve-cwd-3.0.0.tgz. Extracting by manifest.
1676 silly tarball no local data for requires-port@https://registry.npmjs.org/requires-port/-/requires-port-1.0.0.tgz. Extracting by manifest.
1677 silly tarball no local data for require-from-string@https://registry.npmjs.org/require-from-string/-/require-from-string-2.0.2.tgz. Extracting by manifest.
1678 silly tarball no local data for require-directory@https://registry.npmjs.org/require-directory/-/require-directory-2.1.1.tgz. Extracting by manifest.
1679 silly tarball no local data for renderkid@https://registry.npmjs.org/renderkid/-/renderkid-3.0.0.tgz. Extracting by manifest.
1680 silly tarball no local data for relateurl@https://registry.npmjs.org/relateurl/-/relateurl-0.2.7.tgz. Extracting by manifest.
1681 silly tarball no local data for regjsparser@https://registry.npmjs.org/regjsparser/-/regjsparser-0.8.4.tgz. Extracting by manifest.
1682 silly tarball no local data for regjsgen@https://registry.npmjs.org/regjsgen/-/regjsgen-0.6.0.tgz. Extracting by manifest.
1683 silly tarball no local data for regexpu-core@https://registry.npmjs.org/regexpu-core/-/regexpu-core-5.0.1.tgz. Extracting by manifest.
1684 silly tarball no local data for regexpp@https://registry.npmjs.org/regexpp/-/regexpp-3.2.0.tgz. Extracting by manifest.
1685 silly tarball no local data for regexp.prototype.flags@https://registry.npmjs.org/regexp.prototype.flags/-/regexp.prototype.flags-1.4.1.tgz. Extracting by manifest.
1686 silly tarball no local data for regex-parser@https://registry.npmjs.org/regex-parser/-/regex-parser-2.2.11.tgz. Extracting by manifest.
1687 silly tarball no local data for regenerator-transform@https://registry.npmjs.org/regenerator-transform/-/regenerator-transform-0.14.5.tgz. Extracting by manifest.
1688 silly tarball no local data for regenerator-runtime@https://registry.npmjs.org/regenerator-runtime/-/regenerator-runtime-0.13.9.tgz. Extracting by manifest.
1689 silly tarball no local data for regenerate-unicode-properties@https://registry.npmjs.org/regenerate-unicode-properties/-/regenerate-unicode-properties-10.0.1.tgz. Extracting by manifest.
1690 silly tarball no local data for regenerate@https://registry.npmjs.org/regenerate/-/regenerate-1.4.2.tgz. Extracting by manifest.
1691 silly tarball no local data for recursive-readdir@https://registry.npmjs.org/recursive-readdir/-/recursive-readdir-2.2.2.tgz. Extracting by manifest.
1692 silly tarball no local data for readdirp@https://registry.npmjs.org/readdirp/-/readdirp-3.6.0.tgz. Extracting by manifest.
1693 silly tarball no local data for readable-stream@https://registry.npmjs.org/readable-stream/-/readable-stream-3.6.0.tgz. Extracting by manifest.
1694 silly tarball no local data for react-router-dom@https://registry.npmjs.org/react-router-dom/-/react-router-dom-6.2.2.tgz. Extracting by manifest.
1695 silly tarball no local data for redent@https://registry.npmjs.org/redent/-/redent-3.0.0.tgz. Extracting by manifest.
1696 silly tarball no local data for react-router@https://registry.npmjs.org/react-router/-/react-router-6.2.2.tgz. Extracting by manifest.
1697 silly tarball no local data for react-is@https://registry.npmjs.org/react-is/-/react-is-17.0.2.tgz. Extracting by manifest.
1698 silly tarball no local data for react-scripts@https://registry.npmjs.org/react-scripts/-/react-scripts-5.0.0.tgz. Extracting by manifest.
1699 silly tarball no local data for react-refresh@https://registry.npmjs.org/react-refresh/-/react-refresh-0.11.0.tgz. Extracting by manifest.
1700 silly tarball no local data for react-icons@https://registry.npmjs.org/react-icons/-/react-icons-4.3.1.tgz. Extracting by manifest.
1701 silly tarball no local data for react-dom@https://registry.npmjs.org/react-dom/-/react-dom-17.0.2.tgz. Extracting by manifest.
1702 silly tarball no local data for react-app-polyfill@https://registry.npmjs.org/react-app-polyfill/-/react-app-polyfill-3.0.0.tgz. Extracting by manifest.
1703 silly tarball no local data for react@https://registry.npmjs.org/react/-/react-17.0.2.tgz. Extracting by manifest.
1704 silly tarball no local data for react-dev-utils@https://registry.npmjs.org/react-dev-utils/-/react-dev-utils-12.0.0.tgz. Extracting by manifest.
1705 silly tarball no local data for raw-body@https://registry.npmjs.org/raw-body/-/raw-body-2.4.3.tgz. Extracting by manifest.
1706 silly tarball no local data for range-parser@https://registry.npmjs.org/range-parser/-/range-parser-1.2.1.tgz. Extracting by manifest.
1707 silly tarball no local data for randombytes@https://registry.npmjs.org/randombytes/-/randombytes-2.1.0.tgz. Extracting by manifest.
1708 silly tarball no local data for react-error-overlay@https://registry.npmjs.org/react-error-overlay/-/react-error-overlay-6.0.10.tgz. Extracting by manifest.
1709 silly tarball no local data for raf@https://registry.npmjs.org/raf/-/raf-3.4.1.tgz. Extracting by manifest.
1710 silly tarball no local data for quick-lru@https://registry.npmjs.org/quick-lru/-/quick-lru-5.1.1.tgz. Extracting by manifest.
1711 silly tarball no local data for queue-microtask@https://registry.npmjs.org/queue-microtask/-/queue-microtask-1.2.3.tgz. Extracting by manifest.
1712 silly tarball no local data for qs@https://registry.npmjs.org/qs/-/qs-6.9.7.tgz. Extracting by manifest.
1713 silly tarball no local data for q@https://registry.npmjs.org/q/-/q-1.5.1.tgz. Extracting by manifest.
1714 silly tarball no local data for punycode@https://registry.npmjs.org/punycode/-/punycode-2.1.1.tgz. Extracting by manifest.
1715 silly tarball no local data for proxy-addr@https://registry.npmjs.org/proxy-addr/-/proxy-addr-2.0.7.tgz. Extracting by manifest.
1716 silly tarball no local data for psl@https://registry.npmjs.org/psl/-/psl-1.8.0.tgz. Extracting by manifest.
1717 silly tarball no local data for protobufjs@https://registry.npmjs.org/protobufjs/-/protobufjs-6.11.3.tgz. Extracting by manifest.
1718 silly tarball no local data for prop-types@https://registry.npmjs.org/prop-types/-/prop-types-15.8.1.tgz. Extracting by manifest.
1719 silly tarball no local data for prompts@https://registry.npmjs.org/prompts/-/prompts-2.4.2.tgz. Extracting by manifest.
1720 silly tarball no local data for promise@https://registry.npmjs.org/promise/-/promise-8.1.0.tgz. Extracting by manifest.
1721 silly tarball no local data for process-nextick-args@https://registry.npmjs.org/process-nextick-args/-/process-nextick-args-2.0.1.tgz. Extracting by manifest.
1722 silly tarball no local data for pretty-format@https://registry.npmjs.org/pretty-format/-/pretty-format-27.5.1.tgz. Extracting by manifest.
1723 silly tarball no local data for pretty-error@https://registry.npmjs.org/pretty-error/-/pretty-error-4.0.0.tgz. Extracting by manifest.
1724 silly tarball no local data for pretty-bytes@https://registry.npmjs.org/pretty-bytes/-/pretty-bytes-5.6.0.tgz. Extracting by manifest.
1725 silly tarball no local data for prelude-ls@https://registry.npmjs.org/prelude-ls/-/prelude-ls-1.2.1.tgz. Extracting by manifest.
1726 silly tarball no local data for postcss-unique-selectors@https://registry.npmjs.org/postcss-unique-selectors/-/postcss-unique-selectors-5.1.1.tgz. Extracting by manifest.
1727 silly tarball no local data for postcss-svgo@https://registry.npmjs.org/postcss-svgo/-/postcss-svgo-5.1.0.tgz. Extracting by manifest.
1728 silly tarball no local data for postcss-selector-parser@https://registry.npmjs.org/postcss-selector-parser/-/postcss-selector-parser-6.0.9.tgz. Extracting by manifest.
1729 silly tarball no local data for postcss-selector-not@https://registry.npmjs.org/postcss-selector-not/-/postcss-selector-not-5.0.0.tgz. Extracting by manifest.
1730 silly tarball no local data for postcss-value-parser@https://registry.npmjs.org/postcss-value-parser/-/postcss-value-parser-4.2.0.tgz. Extracting by manifest.
1731 silly tarball no local data for postcss-replace-overflow-wrap@https://registry.npmjs.org/postcss-replace-overflow-wrap/-/postcss-replace-overflow-wrap-4.0.0.tgz. Extracting by manifest.
1732 silly tarball no local data for postcss-reduce-transforms@https://registry.npmjs.org/postcss-reduce-transforms/-/postcss-reduce-transforms-5.1.0.tgz. Extracting by manifest.
1733 silly tarball no local data for postcss-reduce-initial@https://registry.npmjs.org/postcss-reduce-initial/-/postcss-reduce-initial-5.1.0.tgz. Extracting by manifest.
1734 silly tarball no local data for promise-polyfill@https://registry.npmjs.org/promise-polyfill/-/promise-polyfill-8.1.3.tgz. Extracting by manifest.
1735 silly tarball no local data for postcss-pseudo-class-any-link@https://registry.npmjs.org/postcss-pseudo-class-any-link/-/postcss-pseudo-class-any-link-7.1.1.tgz. Extracting by manifest.
1736 silly tarball no local data for postcss-preset-env@https://registry.npmjs.org/postcss-preset-env/-/postcss-preset-env-7.4.2.tgz. Extracting by manifest.
1737 silly tarball no local data for postcss-place@https://registry.npmjs.org/postcss-place/-/postcss-place-7.0.4.tgz. Extracting by manifest.
1738 silly tarball no local data for postcss-page-break@https://registry.npmjs.org/postcss-page-break/-/postcss-page-break-3.0.4.tgz. Extracting by manifest.
1739 silly tarball no local data for postcss-overflow-shorthand@https://registry.npmjs.org/postcss-overflow-shorthand/-/postcss-overflow-shorthand-3.0.3.tgz. Extracting by manifest.
1740 silly tarball no local data for postcss-ordered-values@https://registry.npmjs.org/postcss-ordered-values/-/postcss-ordered-values-5.1.0.tgz. Extracting by manifest.
1741 silly tarball no local data for postcss-opacity-percentage@https://registry.npmjs.org/postcss-opacity-percentage/-/postcss-opacity-percentage-1.1.2.tgz. Extracting by manifest.
1742 silly tarball no local data for postcss-normalize-whitespace@https://registry.npmjs.org/postcss-normalize-whitespace/-/postcss-normalize-whitespace-5.1.1.tgz. Extracting by manifest.
1743 silly tarball no local data for postcss-normalize-url@https://registry.npmjs.org/postcss-normalize-url/-/postcss-normalize-url-5.1.0.tgz. Extracting by manifest.
1744 silly tarball no local data for postcss-normalize-unicode@https://registry.npmjs.org/postcss-normalize-unicode/-/postcss-normalize-unicode-5.1.0.tgz. Extracting by manifest.
1745 silly tarball no local data for postcss-normalize-timing-functions@https://registry.npmjs.org/postcss-normalize-timing-functions/-/postcss-normalize-timing-functions-5.1.0.tgz. Extracting by manifest.
1746 silly tarball no local data for postcss-normalize-repeat-style@https://registry.npmjs.org/postcss-normalize-repeat-style/-/postcss-normalize-repeat-style-5.1.0.tgz. Extracting by manifest.
1747 silly tarball no local data for postcss-normalize-positions@https://registry.npmjs.org/postcss-normalize-positions/-/postcss-normalize-positions-5.1.0.tgz. Extracting by manifest.
1748 silly tarball no local data for postcss-normalize-string@https://registry.npmjs.org/postcss-normalize-string/-/postcss-normalize-string-5.1.0.tgz. Extracting by manifest.
1749 silly tarball no local data for postcss-normalize-display-values@https://registry.npmjs.org/postcss-normalize-display-values/-/postcss-normalize-display-values-5.1.0.tgz. Extracting by manifest.
1750 silly tarball no local data for postcss-normalize-charset@https://registry.npmjs.org/postcss-normalize-charset/-/postcss-normalize-charset-5.1.0.tgz. Extracting by manifest.
1751 silly tarball no local data for postcss-normalize@https://registry.npmjs.org/postcss-normalize/-/postcss-normalize-10.0.1.tgz. Extracting by manifest.
1752 silly tarball no local data for postcss-nesting@https://registry.npmjs.org/postcss-nesting/-/postcss-nesting-10.1.3.tgz. Extracting by manifest.
1753 silly tarball no local data for postcss-modules-values@https://registry.npmjs.org/postcss-modules-values/-/postcss-modules-values-4.0.0.tgz. Extracting by manifest.
1754 silly tarball no local data for postcss-modules-scope@https://registry.npmjs.org/postcss-modules-scope/-/postcss-modules-scope-3.0.0.tgz. Extracting by manifest.
1755 silly tarball no local data for postcss-modules-local-by-default@https://registry.npmjs.org/postcss-modules-local-by-default/-/postcss-modules-local-by-default-4.0.0.tgz. Extracting by manifest.
1756 silly tarball no local data for postcss-modules-extract-imports@https://registry.npmjs.org/postcss-modules-extract-imports/-/postcss-modules-extract-imports-3.0.0.tgz. Extracting by manifest.
1757 silly tarball no local data for postcss-minify-params@https://registry.npmjs.org/postcss-minify-params/-/postcss-minify-params-5.1.1.tgz. Extracting by manifest.
1758 silly tarball no local data for postcss-nested@https://registry.npmjs.org/postcss-nested/-/postcss-nested-5.0.6.tgz. Extracting by manifest.
1759 silly tarball no local data for postcss-minify-font-values@https://registry.npmjs.org/postcss-minify-font-values/-/postcss-minify-font-values-5.1.0.tgz. Extracting by manifest.
1760 silly tarball no local data for postcss-merge-rules@https://registry.npmjs.org/postcss-merge-rules/-/postcss-merge-rules-5.1.0.tgz. Extracting by manifest.
1761 silly tarball no local data for postcss-minify-selectors@https://registry.npmjs.org/postcss-minify-selectors/-/postcss-minify-selectors-5.2.0.tgz. Extracting by manifest.
1762 silly tarball no local data for postcss-minify-gradients@https://registry.npmjs.org/postcss-minify-gradients/-/postcss-minify-gradients-5.1.0.tgz. Extracting by manifest.
1763 silly tarball no local data for postcss-merge-longhand@https://registry.npmjs.org/postcss-merge-longhand/-/postcss-merge-longhand-5.1.0.tgz. Extracting by manifest.
1764 silly tarball no local data for postcss-media-minmax@https://registry.npmjs.org/postcss-media-minmax/-/postcss-media-minmax-5.0.0.tgz. Extracting by manifest.
1765 silly tarball no local data for postcss-logical@https://registry.npmjs.org/postcss-logical/-/postcss-logical-5.0.4.tgz. Extracting by manifest.
1766 silly tarball no local data for postcss-loader@https://registry.npmjs.org/postcss-loader/-/postcss-loader-6.2.1.tgz. Extracting by manifest.
1767 silly tarball no local data for postcss-load-config@https://registry.npmjs.org/postcss-load-config/-/postcss-load-config-3.1.3.tgz. Extracting by manifest.
1768 silly tarball no local data for postcss-lab-function@https://registry.npmjs.org/postcss-lab-function/-/postcss-lab-function-4.1.2.tgz. Extracting by manifest.
1769 silly tarball no local data for postcss-js@https://registry.npmjs.org/postcss-js/-/postcss-js-4.0.0.tgz. Extracting by manifest.
1770 silly tarball no local data for postcss-initial@https://registry.npmjs.org/postcss-initial/-/postcss-initial-4.0.1.tgz. Extracting by manifest.
1771 silly tarball no local data for postcss-image-set-function@https://registry.npmjs.org/postcss-image-set-function/-/postcss-image-set-function-4.0.6.tgz. Extracting by manifest.
1772 silly tarball no local data for postcss-font-variant@https://registry.npmjs.org/postcss-font-variant/-/postcss-font-variant-5.0.0.tgz. Extracting by manifest.
1773 silly tarball no local data for postcss-gap-properties@https://registry.npmjs.org/postcss-gap-properties/-/postcss-gap-properties-3.0.3.tgz. Extracting by manifest.
1774 silly tarball no local data for postcss-focus-within@https://registry.npmjs.org/postcss-focus-within/-/postcss-focus-within-5.0.4.tgz. Extracting by manifest.
1775 silly tarball no local data for postcss-focus-visible@https://registry.npmjs.org/postcss-focus-visible/-/postcss-focus-visible-6.0.4.tgz. Extracting by manifest.
1776 silly tarball no local data for postcss-flexbugs-fixes@https://registry.npmjs.org/postcss-flexbugs-fixes/-/postcss-flexbugs-fixes-5.0.2.tgz. Extracting by manifest.
1777 silly tarball no local data for postcss-env-function@https://registry.npmjs.org/postcss-env-function/-/postcss-env-function-4.0.5.tgz. Extracting by manifest.
1778 silly tarball no local data for postcss-discard-overridden@https://registry.npmjs.org/postcss-discard-overridden/-/postcss-discard-overridden-5.1.0.tgz. Extracting by manifest.
1779 silly tarball no local data for postcss-double-position-gradients@https://registry.npmjs.org/postcss-double-position-gradients/-/postcss-double-position-gradients-3.1.1.tgz. Extracting by manifest.
1780 silly tarball no local data for postcss-discard-empty@https://registry.npmjs.org/postcss-discard-empty/-/postcss-discard-empty-5.1.1.tgz. Extracting by manifest.
1781 silly tarball no local data for postcss-discard-duplicates@https://registry.npmjs.org/postcss-discard-duplicates/-/postcss-discard-duplicates-5.1.0.tgz. Extracting by manifest.
1782 silly tarball no local data for postcss-discard-comments@https://registry.npmjs.org/postcss-discard-comments/-/postcss-discard-comments-5.1.1.tgz. Extracting by manifest.
1783 silly tarball no local data for postcss-dir-pseudo-class@https://registry.npmjs.org/postcss-dir-pseudo-class/-/postcss-dir-pseudo-class-6.0.4.tgz. Extracting by manifest.
1784 silly tarball no local data for postcss-custom-media@https://registry.npmjs.org/postcss-custom-media/-/postcss-custom-media-8.0.0.tgz. Extracting by manifest.
1785 silly tarball no local data for postcss-convert-values@https://registry.npmjs.org/postcss-convert-values/-/postcss-convert-values-5.1.0.tgz. Extracting by manifest.
1786 silly tarball no local data for postcss-colormin@https://registry.npmjs.org/postcss-colormin/-/postcss-colormin-5.3.0.tgz. Extracting by manifest.
1787 silly tarball no local data for postcss-custom-properties@https://registry.npmjs.org/postcss-custom-properties/-/postcss-custom-properties-12.1.4.tgz. Extracting by manifest.
1788 silly tarball no local data for postcss-custom-selectors@https://registry.npmjs.org/postcss-custom-selectors/-/postcss-custom-selectors-6.0.0.tgz. Extracting by manifest.
1789 silly tarball no local data for postcss-color-rebeccapurple@https://registry.npmjs.org/postcss-color-rebeccapurple/-/postcss-color-rebeccapurple-7.0.2.tgz. Extracting by manifest.
1790 silly tarball no local data for postcss-color-functional-notation@https://registry.npmjs.org/postcss-color-functional-notation/-/postcss-color-functional-notation-4.2.2.tgz. Extracting by manifest.
1791 silly tarball no local data for postcss-calc@https://registry.npmjs.org/postcss-calc/-/postcss-calc-8.2.4.tgz. Extracting by manifest.
1792 silly tarball no local data for postcss-color-hex-alpha@https://registry.npmjs.org/postcss-color-hex-alpha/-/postcss-color-hex-alpha-8.0.3.tgz. Extracting by manifest.
1793 silly tarball no local data for postcss-attribute-case-insensitive@https://registry.npmjs.org/postcss-attribute-case-insensitive/-/postcss-attribute-case-insensitive-5.0.0.tgz. Extracting by manifest.
1794 silly tarball no local data for postcss@https://registry.npmjs.org/postcss/-/postcss-8.4.8.tgz. Extracting by manifest.
1795 silly tarball no local data for portfinder@https://registry.npmjs.org/portfinder/-/portfinder-1.0.28.tgz. Extracting by manifest.
1796 silly tarball no local data for pkg-up@https://registry.npmjs.org/pkg-up/-/pkg-up-3.1.0.tgz. Extracting by manifest.
1797 silly tarball no local data for pirates@https://registry.npmjs.org/pirates/-/pirates-4.0.5.tgz. Extracting by manifest.
1798 silly tarball no local data for postcss-browser-comments@https://registry.npmjs.org/postcss-browser-comments/-/postcss-browser-comments-4.0.0.tgz. Extracting by manifest.
1799 silly tarball no local data for picomatch@https://registry.npmjs.org/picomatch/-/picomatch-2.3.1.tgz. Extracting by manifest.
1800 silly tarball no local data for picocolors@https://registry.npmjs.org/picocolors/-/picocolors-1.0.0.tgz. Extracting by manifest.
1801 silly tarball no local data for performance-now@https://registry.npmjs.org/performance-now/-/performance-now-2.1.0.tgz. Extracting by manifest.
1802 silly tarball no local data for path-type@https://registry.npmjs.org/path-type/-/path-type-4.0.0.tgz. Extracting by manifest.
1803 silly tarball no local data for pkg-dir@https://registry.npmjs.org/pkg-dir/-/pkg-dir-4.2.0.tgz. Extracting by manifest.
1804 silly tarball no local data for path-parse@https://registry.npmjs.org/path-parse/-/path-parse-1.0.7.tgz. Extracting by manifest.
1805 silly tarball no local data for path-exists@https://registry.npmjs.org/path-exists/-/path-exists-4.0.0.tgz. Extracting by manifest.
1806 silly tarball no local data for path-to-regexp@https://registry.npmjs.org/path-to-regexp/-/path-to-regexp-0.1.7.tgz. Extracting by manifest.
1807 silly tarball no local data for path-is-absolute@https://registry.npmjs.org/path-is-absolute/-/path-is-absolute-1.0.1.tgz. Extracting by manifest.
1808 silly tarball no local data for parse5@https://registry.npmjs.org/parse5/-/parse5-6.0.1.tgz. Extracting by manifest.
1809 silly tarball no local data for pascal-case@https://registry.npmjs.org/pascal-case/-/pascal-case-3.1.2.tgz. Extracting by manifest.
1810 silly tarball no local data for parseurl@https://registry.npmjs.org/parseurl/-/parseurl-1.3.3.tgz. Extracting by manifest.
1811 silly tarball no local data for parse-json@https://registry.npmjs.org/parse-json/-/parse-json-5.2.0.tgz. Extracting by manifest.
1812 silly tarball no local data for path-key@https://registry.npmjs.org/path-key/-/path-key-3.1.1.tgz. Extracting by manifest.
1813 silly tarball no local data for parent-module@https://registry.npmjs.org/parent-module/-/parent-module-1.0.1.tgz. Extracting by manifest.
1814 silly tarball no local data for param-case@https://registry.npmjs.org/param-case/-/param-case-3.0.4.tgz. Extracting by manifest.
1815 silly tarball no local data for p-try@https://registry.npmjs.org/p-try/-/p-try-2.2.0.tgz. Extracting by manifest.
1816 silly tarball no local data for p-retry@https://registry.npmjs.org/p-retry/-/p-retry-4.6.1.tgz. Extracting by manifest.
1817 silly tarball no local data for p-map@https://registry.npmjs.org/p-map/-/p-map-4.0.0.tgz. Extracting by manifest.
1818 silly tarball no local data for p-locate@https://registry.npmjs.org/p-locate/-/p-locate-5.0.0.tgz. Extracting by manifest.
1819 silly tarball no local data for pako@https://registry.npmjs.org/pako/-/pako-1.0.11.tgz. Extracting by manifest.
1820 silly tarball no local data for p-limit@https://registry.npmjs.org/p-limit/-/p-limit-3.1.0.tgz. Extracting by manifest.
1821 silly tarball no local data for open@https://registry.npmjs.org/open/-/open-8.4.0.tgz. Extracting by manifest.
1822 silly tarball no local data for onetime@https://registry.npmjs.org/onetime/-/onetime-5.1.2.tgz. Extracting by manifest.
1823 silly tarball no local data for once@https://registry.npmjs.org/once/-/once-1.4.0.tgz. Extracting by manifest.
1824 silly tarball no local data for on-finished@https://registry.npmjs.org/on-finished/-/on-finished-2.3.0.tgz. Extracting by manifest.
1825 silly tarball no local data for optionator@https://registry.npmjs.org/optionator/-/optionator-0.9.1.tgz. Extracting by manifest.
1826 silly tarball no local data for obuf@https://registry.npmjs.org/obuf/-/obuf-1.1.2.tgz. Extracting by manifest.
1827 silly tarball no local data for on-headers@https://registry.npmjs.org/on-headers/-/on-headers-1.0.2.tgz. Extracting by manifest.
1828 silly tarball no local data for object.hasown@https://registry.npmjs.org/object.hasown/-/object.hasown-1.1.0.tgz. Extracting by manifest.
1829 silly tarball no local data for object.values@https://registry.npmjs.org/object.values/-/object.values-1.1.5.tgz. Extracting by manifest.
1830 silly tarball no local data for object.fromentries@https://registry.npmjs.org/object.fromentries/-/object.fromentries-2.0.5.tgz. Extracting by manifest.
1831 silly tarball no local data for object.getownpropertydescriptors@https://registry.npmjs.org/object.getownpropertydescriptors/-/object.getownpropertydescriptors-2.1.3.tgz. Extracting by manifest.
1832 silly tarball no local data for object.entries@https://registry.npmjs.org/object.entries/-/object.entries-1.1.5.tgz. Extracting by manifest.
1833 silly tarball no local data for object.assign@https://registry.npmjs.org/object.assign/-/object.assign-4.1.2.tgz. Extracting by manifest.
1834 silly tarball no local data for object-keys@https://registry.npmjs.org/object-keys/-/object-keys-1.1.1.tgz. Extracting by manifest.
1835 silly tarball no local data for object-is@https://registry.npmjs.org/object-is/-/object-is-1.1.5.tgz. Extracting by manifest.
1836 silly tarball no local data for object-inspect@https://registry.npmjs.org/object-inspect/-/object-inspect-1.12.0.tgz. Extracting by manifest.
1837 silly tarball no local data for object-hash@https://registry.npmjs.org/object-hash/-/object-hash-2.2.0.tgz. Extracting by manifest.
1838 silly tarball no local data for object-assign@https://registry.npmjs.org/object-assign/-/object-assign-4.1.1.tgz. Extracting by manifest.
1839 silly tarball no local data for nwsapi@https://registry.npmjs.org/nwsapi/-/nwsapi-2.2.0.tgz. Extracting by manifest.
1840 silly tarball no local data for nth-check@https://registry.npmjs.org/nth-check/-/nth-check-2.0.1.tgz. Extracting by manifest.
1841 silly tarball no local data for npm-run-path@https://registry.npmjs.org/npm-run-path/-/npm-run-path-4.0.1.tgz. Extracting by manifest.
1842 silly tarball no local data for normalize-range@https://registry.npmjs.org/normalize-range/-/normalize-range-0.1.2.tgz. Extracting by manifest.
1843 silly tarball no local data for normalize-path@https://registry.npmjs.org/normalize-path/-/normalize-path-3.0.0.tgz. Extracting by manifest.
1844 silly tarball no local data for node-releases@https://registry.npmjs.org/node-releases/-/node-releases-2.0.2.tgz. Extracting by manifest.
1845 silly tarball no local data for node-int64@https://registry.npmjs.org/node-int64/-/node-int64-0.4.0.tgz. Extracting by manifest.
1846 silly tarball no local data for normalize-url@https://registry.npmjs.org/normalize-url/-/normalize-url-6.1.0.tgz. Extracting by manifest.
1847 silly tarball no local data for node-fetch@https://registry.npmjs.org/node-fetch/-/node-fetch-2.6.7.tgz. Extracting by manifest.
1848 silly tarball no local data for node-forge@https://registry.npmjs.org/node-forge/-/node-forge-1.2.1.tgz. Extracting by manifest.
1849 silly tarball no local data for natural-compare@https://registry.npmjs.org/natural-compare/-/natural-compare-1.4.0.tgz. Extracting by manifest.
1850 silly tarball no local data for neo-async@https://registry.npmjs.org/neo-async/-/neo-async-2.6.2.tgz. Extracting by manifest.
1851 silly tarball no local data for negotiator@https://registry.npmjs.org/negotiator/-/negotiator-0.6.3.tgz. Extracting by manifest.
1852 silly tarball no local data for nanoid@https://registry.npmjs.org/nanoid/-/nanoid-3.3.1.tgz. Extracting by manifest.
1853 silly tarball no local data for multicast-dns-service-types@https://registry.npmjs.org/multicast-dns-service-types/-/multicast-dns-service-types-1.1.0.tgz. Extracting by manifest.
1854 silly tarball no local data for multicast-dns@https://registry.npmjs.org/multicast-dns/-/multicast-dns-6.2.3.tgz. Extracting by manifest.
1855 silly tarball no local data for ms@https://registry.npmjs.org/ms/-/ms-2.1.2.tgz. Extracting by manifest.
1856 silly tarball no local data for no-case@https://registry.npmjs.org/no-case/-/no-case-3.0.4.tgz. Extracting by manifest.
1857 silly tarball no local data for mkdirp@https://registry.npmjs.org/mkdirp/-/mkdirp-0.5.5.tgz. Extracting by manifest.
1858 silly tarball no local data for minimist@https://registry.npmjs.org/minimist/-/minimist-1.2.5.tgz. Extracting by manifest.
1859 silly tarball no local data for minimatch@https://registry.npmjs.org/minimatch/-/minimatch-3.1.2.tgz. Extracting by manifest.
1860 silly tarball no local data for mini-css-extract-plugin@https://registry.npmjs.org/mini-css-extract-plugin/-/mini-css-extract-plugin-2.6.0.tgz. Extracting by manifest.
1861 silly tarball no local data for minimalistic-assert@https://registry.npmjs.org/minimalistic-assert/-/minimalistic-assert-1.0.1.tgz. Extracting by manifest.
1862 silly tarball no local data for min-indent@https://registry.npmjs.org/min-indent/-/min-indent-1.0.1.tgz. Extracting by manifest.
1863 silly tarball no local data for mimic-fn@https://registry.npmjs.org/mimic-fn/-/mimic-fn-2.1.0.tgz. Extracting by manifest.
1864 silly tarball no local data for mime-types@https://registry.npmjs.org/mime-types/-/mime-types-2.1.34.tgz. Extracting by manifest.
1865 silly tarball no local data for mime@https://registry.npmjs.org/mime/-/mime-1.6.0.tgz. Extracting by manifest.
1866 silly tarball no local data for mime-db@https://registry.npmjs.org/mime-db/-/mime-db-1.51.0.tgz. Extracting by manifest.
1867 silly tarball no local data for micromatch@https://registry.npmjs.org/micromatch/-/micromatch-4.0.4.tgz. Extracting by manifest.
1868 silly tarball no local data for methods@https://registry.npmjs.org/methods/-/methods-1.1.2.tgz. Extracting by manifest.
1869 silly tarball no local data for merge2@https://registry.npmjs.org/merge2/-/merge2-1.4.1.tgz. Extracting by manifest.
1870 silly tarball no local data for merge-stream@https://registry.npmjs.org/merge-stream/-/merge-stream-2.0.0.tgz. Extracting by manifest.
1871 silly tarball no local data for merge-descriptors@https://registry.npmjs.org/merge-descriptors/-/merge-descriptors-1.0.1.tgz. Extracting by manifest.
1872 silly tarball no local data for memfs@https://registry.npmjs.org/memfs/-/memfs-3.4.1.tgz. Extracting by manifest.
1873 silly tarball no local data for media-typer@https://registry.npmjs.org/media-typer/-/media-typer-0.3.0.tgz. Extracting by manifest.
1874 silly tarball no local data for mdn-data@https://registry.npmjs.org/mdn-data/-/mdn-data-2.0.4.tgz. Extracting by manifest.
1875 silly tarball no local data for makeerror@https://registry.npmjs.org/makeerror/-/makeerror-1.0.12.tgz. Extracting by manifest.
1876 silly tarball no local data for make-dir@https://registry.npmjs.org/make-dir/-/make-dir-3.1.0.tgz. Extracting by manifest.
1877 silly tarball no local data for magic-string@https://registry.npmjs.org/magic-string/-/magic-string-0.25.9.tgz. Extracting by manifest.
1878 silly tarball no local data for lz-string@https://registry.npmjs.org/lz-string/-/lz-string-1.4.4.tgz. Extracting by manifest.
1879 silly tarball no local data for lru-cache@https://registry.npmjs.org/lru-cache/-/lru-cache-6.0.0.tgz. Extracting by manifest.
1880 silly tarball no local data for lower-case@https://registry.npmjs.org/lower-case/-/lower-case-2.0.2.tgz. Extracting by manifest.
1881 silly tarball no local data for long@https://registry.npmjs.org/long/-/long-4.0.0.tgz. Extracting by manifest.
1882 silly tarball no local data for loose-envify@https://registry.npmjs.org/loose-envify/-/loose-envify-1.4.0.tgz. Extracting by manifest.
1883 silly tarball no local data for lodash.sortby@https://registry.npmjs.org/lodash.sortby/-/lodash.sortby-4.7.0.tgz. Extracting by manifest.
1884 silly tarball no local data for lodash.merge@https://registry.npmjs.org/lodash.merge/-/lodash.merge-4.6.2.tgz. Extracting by manifest.
1885 silly tarball no local data for lodash.camelcase@https://registry.npmjs.org/lodash.camelcase/-/lodash.camelcase-4.3.0.tgz. Extracting by manifest.
1886 silly tarball no local data for lodash.memoize@https://registry.npmjs.org/lodash.memoize/-/lodash.memoize-4.1.2.tgz. Extracting by manifest.
1887 silly tarball no local data for lodash.uniq@https://registry.npmjs.org/lodash.uniq/-/lodash.uniq-4.5.0.tgz. Extracting by manifest.
1888 silly tarball no local data for lodash@https://registry.npmjs.org/lodash/-/lodash-4.17.21.tgz. Extracting by manifest.
1889 silly tarball no local data for locate-path@https://registry.npmjs.org/locate-path/-/locate-path-6.0.0.tgz. Extracting by manifest.
1890 silly tarball no local data for loader-runner@https://registry.npmjs.org/loader-runner/-/loader-runner-4.2.0.tgz. Extracting by manifest.
1891 silly tarball no local data for lodash.debounce@https://registry.npmjs.org/lodash.debounce/-/lodash.debounce-4.0.8.tgz. Extracting by manifest.
1892 silly tarball no local data for loader-utils@https://registry.npmjs.org/loader-utils/-/loader-utils-2.0.2.tgz. Extracting by manifest.
1893 silly tarball no local data for lie@https://registry.npmjs.org/lie/-/lie-3.3.0.tgz. Extracting by manifest.
1894 silly tarball no local data for lilconfig@https://registry.npmjs.org/lilconfig/-/lilconfig-2.0.4.tgz. Extracting by manifest.
1895 silly tarball no local data for levn@https://registry.npmjs.org/levn/-/levn-0.4.1.tgz. Extracting by manifest.
1896 silly tarball no local data for language-tags@https://registry.npmjs.org/language-tags/-/language-tags-1.0.5.tgz. Extracting by manifest.
1897 silly tarball no local data for leven@https://registry.npmjs.org/leven/-/leven-3.1.0.tgz. Extracting by manifest.
1898 silly tarball no local data for lines-and-columns@https://registry.npmjs.org/lines-and-columns/-/lines-and-columns-1.2.4.tgz. Extracting by manifest.
1899 silly tarball no local data for language-subtag-registry@https://registry.npmjs.org/language-subtag-registry/-/language-subtag-registry-0.3.21.tgz. Extracting by manifest.
1900 silly tarball no local data for klona@https://registry.npmjs.org/klona/-/klona-2.0.5.tgz. Extracting by manifest.
1901 silly tarball no local data for kind-of@https://registry.npmjs.org/kind-of/-/kind-of-6.0.3.tgz. Extracting by manifest.
1902 silly tarball no local data for jszip@https://registry.npmjs.org/jszip/-/jszip-3.10.0.tgz. Extracting by manifest.
1903 silly tarball no local data for jsx-ast-utils@https://registry.npmjs.org/jsx-ast-utils/-/jsx-ast-utils-3.2.1.tgz. Extracting by manifest.
1904 silly tarball no local data for jsonpointer@https://registry.npmjs.org/jsonpointer/-/jsonpointer-5.0.0.tgz. Extracting by manifest.
1905 silly tarball no local data for jsonfile@https://registry.npmjs.org/jsonfile/-/jsonfile-6.1.0.tgz. Extracting by manifest.
1906 silly tarball no local data for json5@https://registry.npmjs.org/json5/-/json5-2.2.0.tgz. Extracting by manifest.
1907 silly tarball no local data for json-stable-stringify-without-jsonify@https://registry.npmjs.org/json-stable-stringify-without-jsonify/-/json-stable-stringify-without-jsonify-1.0.1.tgz. Extracting by manifest.
1908 silly tarball no local data for json-schema@https://registry.npmjs.org/json-schema/-/json-schema-0.4.0.tgz. Extracting by manifest.
1909 silly tarball no local data for json-schema-traverse@https://registry.npmjs.org/json-schema-traverse/-/json-schema-traverse-0.4.1.tgz. Extracting by manifest.
1910 silly tarball no local data for json-parse-even-better-errors@https://registry.npmjs.org/json-parse-even-better-errors/-/json-parse-even-better-errors-2.3.1.tgz. Extracting by manifest.
1911 silly tarball no local data for json-parse-better-errors@https://registry.npmjs.org/json-parse-better-errors/-/json-parse-better-errors-1.0.2.tgz. Extracting by manifest.
1912 silly tarball no local data for jsesc@https://registry.npmjs.org/jsesc/-/jsesc-2.5.2.tgz. Extracting by manifest.
1913 silly tarball no local data for jsdom@https://registry.npmjs.org/jsdom/-/jsdom-16.7.0.tgz. Extracting by manifest.
1914 silly tarball no local data for kleur@https://registry.npmjs.org/kleur/-/kleur-3.0.3.tgz. Extracting by manifest.
1915 silly tarball no local data for js-yaml@https://registry.npmjs.org/js-yaml/-/js-yaml-3.14.1.tgz. Extracting by manifest.
1916 silly tarball no local data for js-tokens@https://registry.npmjs.org/js-tokens/-/js-tokens-4.0.0.tgz. Extracting by manifest.
1917 silly tarball no local data for jest-worker@https://registry.npmjs.org/jest-worker/-/jest-worker-27.5.1.tgz. Extracting by manifest.
1918 silly tarball no local data for jest-validate@https://registry.npmjs.org/jest-validate/-/jest-validate-27.5.1.tgz. Extracting by manifest.
1919 silly tarball no local data for jest-watcher@https://registry.npmjs.org/jest-watcher/-/jest-watcher-27.5.1.tgz. Extracting by manifest.
1920 silly tarball no local data for jest-util@https://registry.npmjs.org/jest-util/-/jest-util-27.5.1.tgz. Extracting by manifest.
1921 silly tarball no local data for jest-watch-typeahead@https://registry.npmjs.org/jest-watch-typeahead/-/jest-watch-typeahead-1.0.0.tgz. Extracting by manifest.
1922 silly tarball no local data for jest-snapshot@https://registry.npmjs.org/jest-snapshot/-/jest-snapshot-27.5.1.tgz. Extracting by manifest.
1923 silly tarball no local data for jest-serializer@https://registry.npmjs.org/jest-serializer/-/jest-serializer-27.5.1.tgz. Extracting by manifest.
1924 silly tarball no local data for jest-runtime@https://registry.npmjs.org/jest-runtime/-/jest-runtime-27.5.1.tgz. Extracting by manifest.
1925 silly tarball no local data for jest-runner@https://registry.npmjs.org/jest-runner/-/jest-runner-27.5.1.tgz. Extracting by manifest.
1926 silly tarball no local data for jest-resolve-dependencies@https://registry.npmjs.org/jest-resolve-dependencies/-/jest-resolve-dependencies-27.5.1.tgz. Extracting by manifest.
1927 silly tarball no local data for jest-regex-util@https://registry.npmjs.org/jest-regex-util/-/jest-regex-util-27.5.1.tgz. Extracting by manifest.
1928 silly tarball no local data for jest-mock@https://registry.npmjs.org/jest-mock/-/jest-mock-27.5.1.tgz. Extracting by manifest.
1929 silly tarball no local data for jest-pnp-resolver@https://registry.npmjs.org/jest-pnp-resolver/-/jest-pnp-resolver-1.2.2.tgz. Extracting by manifest.
1930 silly tarball no local data for jest-resolve@https://registry.npmjs.org/jest-resolve/-/jest-resolve-27.5.1.tgz. Extracting by manifest.
1931 silly tarball no local data for jest-matcher-utils@https://registry.npmjs.org/jest-matcher-utils/-/jest-matcher-utils-27.5.1.tgz. Extracting by manifest.
1932 silly tarball no local data for jest-jasmine2@https://registry.npmjs.org/jest-jasmine2/-/jest-jasmine2-27.5.1.tgz. Extracting by manifest.
1933 silly tarball no local data for jest-leak-detector@https://registry.npmjs.org/jest-leak-detector/-/jest-leak-detector-27.5.1.tgz. Extracting by manifest.
1934 silly tarball no local data for jest-haste-map@https://registry.npmjs.org/jest-haste-map/-/jest-haste-map-27.5.1.tgz. Extracting by manifest.
1935 silly tarball no local data for jest-message-util@https://registry.npmjs.org/jest-message-util/-/jest-message-util-27.5.1.tgz. Extracting by manifest.
1936 silly tarball no local data for jest-environment-jsdom@https://registry.npmjs.org/jest-environment-jsdom/-/jest-environment-jsdom-27.5.1.tgz. Extracting by manifest.
1937 silly tarball no local data for jest-get-type@https://registry.npmjs.org/jest-get-type/-/jest-get-type-27.5.1.tgz. Extracting by manifest.
1938 silly tarball no local data for jest-environment-node@https://registry.npmjs.org/jest-environment-node/-/jest-environment-node-27.5.1.tgz. Extracting by manifest.
1939 silly tarball no local data for jest-each@https://registry.npmjs.org/jest-each/-/jest-each-27.5.1.tgz. Extracting by manifest.
1940 silly tarball no local data for jest-diff@https://registry.npmjs.org/jest-diff/-/jest-diff-27.5.1.tgz. Extracting by manifest.
1941 silly tarball no local data for jest-docblock@https://registry.npmjs.org/jest-docblock/-/jest-docblock-27.5.1.tgz. Extracting by manifest.
1942 silly tarball no local data for jest-config@https://registry.npmjs.org/jest-config/-/jest-config-27.5.1.tgz. Extracting by manifest.
1943 silly tarball no local data for jest-cli@https://registry.npmjs.org/jest-cli/-/jest-cli-27.5.1.tgz. Extracting by manifest.
1944 silly tarball no local data for jest-changed-files@https://registry.npmjs.org/jest-changed-files/-/jest-changed-files-27.5.1.tgz. Extracting by manifest.
1945 silly tarball no local data for jake@https://registry.npmjs.org/jake/-/jake-10.8.2.tgz. Extracting by manifest.
1946 silly tarball no local data for istanbul-reports@https://registry.npmjs.org/istanbul-reports/-/istanbul-reports-3.1.4.tgz. Extracting by manifest.
1947 silly tarball no local data for jest@https://registry.npmjs.org/jest/-/jest-27.5.1.tgz. Extracting by manifest.
1948 silly tarball no local data for jest-circus@https://registry.npmjs.org/jest-circus/-/jest-circus-27.5.1.tgz. Extracting by manifest.
1949 silly tarball no local data for istanbul-lib-instrument@https://registry.npmjs.org/istanbul-lib-instrument/-/istanbul-lib-instrument-5.1.0.tgz. Extracting by manifest.
1950 silly tarball no local data for istanbul-lib-coverage@https://registry.npmjs.org/istanbul-lib-coverage/-/istanbul-lib-coverage-3.2.0.tgz. Extracting by manifest.
1951 silly tarball no local data for istanbul-lib-source-maps@https://registry.npmjs.org/istanbul-lib-source-maps/-/istanbul-lib-source-maps-4.0.1.tgz. Extracting by manifest.
1952 silly tarball no local data for isexe@https://registry.npmjs.org/isexe/-/isexe-2.0.0.tgz. Extracting by manifest.
1953 silly tarball no local data for isarray@https://registry.npmjs.org/isarray/-/isarray-1.0.0.tgz. Extracting by manifest.
1954 silly tarball no local data for is-wsl@https://registry.npmjs.org/is-wsl/-/is-wsl-2.2.0.tgz. Extracting by manifest.
1955 silly tarball no local data for istanbul-lib-report@https://registry.npmjs.org/istanbul-lib-report/-/istanbul-lib-report-3.0.0.tgz. Extracting by manifest.
1956 silly tarball no local data for is-symbol@https://registry.npmjs.org/is-symbol/-/is-symbol-1.0.4.tgz. Extracting by manifest.
1957 silly tarball no local data for is-typedarray@https://registry.npmjs.org/is-typedarray/-/is-typedarray-1.0.0.tgz. Extracting by manifest.
1958 silly tarball no local data for is-weakref@https://registry.npmjs.org/is-weakref/-/is-weakref-1.0.2.tgz. Extracting by manifest.
1959 silly tarball no local data for is-string@https://registry.npmjs.org/is-string/-/is-string-1.0.7.tgz. Extracting by manifest.
1960 silly tarball no local data for is-shared-array-buffer@https://registry.npmjs.org/is-shared-array-buffer/-/is-shared-array-buffer-1.0.1.tgz. Extracting by manifest.
1961 silly tarball no local data for is-regexp@https://registry.npmjs.org/is-regexp/-/is-regexp-1.0.0.tgz. Extracting by manifest.
1962 silly tarball no local data for is-stream@https://registry.npmjs.org/is-stream/-/is-stream-2.0.1.tgz. Extracting by manifest.
1963 silly tarball no local data for is-regex@https://registry.npmjs.org/is-regex/-/is-regex-1.1.4.tgz. Extracting by manifest.
1964 silly tarball no local data for is-root@https://registry.npmjs.org/is-root/-/is-root-2.1.0.tgz. Extracting by manifest.
1965 silly tarball no local data for is-potential-custom-element-name@https://registry.npmjs.org/is-potential-custom-element-name/-/is-potential-custom-element-name-1.0.1.tgz. Extracting by manifest.
1966 silly tarball no local data for is-plain-obj@https://registry.npmjs.org/is-plain-obj/-/is-plain-obj-3.0.0.tgz. Extracting by manifest.
1967 silly tarball no local data for is-path-inside@https://registry.npmjs.org/is-path-inside/-/is-path-inside-3.0.3.tgz. Extracting by manifest.
1968 silly tarball no local data for is-path-cwd@https://registry.npmjs.org/is-path-cwd/-/is-path-cwd-2.2.0.tgz. Extracting by manifest.
1969 silly tarball no local data for is-number-object@https://registry.npmjs.org/is-number-object/-/is-number-object-1.0.6.tgz. Extracting by manifest.
1970 silly tarball no local data for is-obj@https://registry.npmjs.org/is-obj/-/is-obj-1.0.1.tgz. Extracting by manifest.
1971 silly tarball no local data for is-number@https://registry.npmjs.org/is-number/-/is-number-7.0.0.tgz. Extracting by manifest.
1972 silly tarball no local data for is-negative-zero@https://registry.npmjs.org/is-negative-zero/-/is-negative-zero-2.0.2.tgz. Extracting by manifest.
1973 silly tarball no local data for is-generator-fn@https://registry.npmjs.org/is-generator-fn/-/is-generator-fn-2.1.0.tgz. Extracting by manifest.
1974 silly tarball no local data for is-fullwidth-code-point@https://registry.npmjs.org/is-fullwidth-code-point/-/is-fullwidth-code-point-3.0.0.tgz. Extracting by manifest.
1975 silly tarball no local data for is-extglob@https://registry.npmjs.org/is-extglob/-/is-extglob-2.1.1.tgz. Extracting by manifest.
1976 silly tarball no local data for is-module@https://registry.npmjs.org/is-module/-/is-module-1.0.0.tgz. Extracting by manifest.
1977 silly tarball no local data for is-docker@https://registry.npmjs.org/is-docker/-/is-docker-2.2.1.tgz. Extracting by manifest.
1978 silly tarball no local data for is-date-object@https://registry.npmjs.org/is-date-object/-/is-date-object-1.0.5.tgz. Extracting by manifest.
1979 silly tarball no local data for is-core-module@https://registry.npmjs.org/is-core-module/-/is-core-module-2.8.1.tgz. Extracting by manifest.
1980 silly tarball no local data for is-callable@https://registry.npmjs.org/is-callable/-/is-callable-1.2.4.tgz. Extracting by manifest.
1981 silly tarball no local data for is-boolean-object@https://registry.npmjs.org/is-boolean-object/-/is-boolean-object-1.1.2.tgz. Extracting by manifest.
1982 silly tarball no local data for is-binary-path@https://registry.npmjs.org/is-binary-path/-/is-binary-path-2.1.0.tgz. Extracting by manifest.
1983 silly tarball no local data for is-bigint@https://registry.npmjs.org/is-bigint/-/is-bigint-1.0.4.tgz. Extracting by manifest.
1984 silly tarball no local data for is-arrayish@https://registry.npmjs.org/is-arrayish/-/is-arrayish-0.2.1.tgz. Extracting by manifest.
1985 silly tarball no local data for is-arguments@https://registry.npmjs.org/is-arguments/-/is-arguments-1.1.1.tgz. Extracting by manifest.
1986 silly tarball no local data for ipaddr.js@https://registry.npmjs.org/ipaddr.js/-/ipaddr.js-2.0.1.tgz. Extracting by manifest.
1987 silly tarball no local data for ip@https://registry.npmjs.org/ip/-/ip-1.1.5.tgz. Extracting by manifest.
1988 silly tarball no local data for internal-slot@https://registry.npmjs.org/internal-slot/-/internal-slot-1.0.3.tgz. Extracting by manifest.
1989 silly tarball no local data for ini@https://registry.npmjs.org/ini/-/ini-1.3.8.tgz. Extracting by manifest.
1990 silly tarball no local data for inherits@https://registry.npmjs.org/inherits/-/inherits-2.0.4.tgz. Extracting by manifest.
1991 silly tarball no local data for inflight@https://registry.npmjs.org/inflight/-/inflight-1.0.6.tgz. Extracting by manifest.
1992 silly tarball no local data for indent-string@https://registry.npmjs.org/indent-string/-/indent-string-4.0.0.tgz. Extracting by manifest.
1993 silly tarball no local data for is-glob@https://registry.npmjs.org/is-glob/-/is-glob-4.0.3.tgz. Extracting by manifest.
1994 silly tarball no local data for import-local@https://registry.npmjs.org/import-local/-/import-local-3.1.0.tgz. Extracting by manifest.
1995 silly tarball no local data for import-fresh@https://registry.npmjs.org/import-fresh/-/import-fresh-3.3.0.tgz. Extracting by manifest.
1996 silly tarball no local data for immediate@https://registry.npmjs.org/immediate/-/immediate-3.0.6.tgz. Extracting by manifest.
1997 silly tarball no local data for ignore@https://registry.npmjs.org/ignore/-/ignore-5.2.0.tgz. Extracting by manifest.
1998 silly tarball no local data for immer@https://registry.npmjs.org/immer/-/immer-9.0.12.tgz. Extracting by manifest.
1999 silly tarball no local data for identity-obj-proxy@https://registry.npmjs.org/identity-obj-proxy/-/identity-obj-proxy-3.0.0.tgz. Extracting by manifest.
2000 silly tarball no local data for idb@https://registry.npmjs.org/idb/-/idb-6.1.5.tgz. Extracting by manifest.
2001 silly tarball no local data for icss-utils@https://registry.npmjs.org/icss-utils/-/icss-utils-5.1.0.tgz. Extracting by manifest.
2002 silly tarball no local data for iconv-lite@https://registry.npmjs.org/iconv-lite/-/iconv-lite-0.6.3.tgz. Extracting by manifest.
2003 silly tarball no local data for human-signals@https://registry.npmjs.org/human-signals/-/human-signals-2.1.0.tgz. Extracting by manifest.
2004 silly tarball no local data for https-proxy-agent@https://registry.npmjs.org/https-proxy-agent/-/https-proxy-agent-5.0.0.tgz. Extracting by manifest.
2005 silly tarball no local data for imurmurhash@https://registry.npmjs.org/imurmurhash/-/imurmurhash-0.1.4.tgz. Extracting by manifest.
2006 silly tarball no local data for http-proxy-middleware@https://registry.npmjs.org/http-proxy-middleware/-/http-proxy-middleware-2.0.3.tgz. Extracting by manifest.
2007 silly tarball no local data for http-proxy-agent@https://registry.npmjs.org/http-proxy-agent/-/http-proxy-agent-4.0.1.tgz. Extracting by manifest.
2008 silly tarball no local data for http-proxy@https://registry.npmjs.org/http-proxy/-/http-proxy-1.18.1.tgz. Extracting by manifest.
2009 silly tarball no local data for http-parser-js@https://registry.npmjs.org/http-parser-js/-/http-parser-js-0.5.6.tgz. Extracting by manifest.
2010 silly tarball no local data for http-errors@https://registry.npmjs.org/http-errors/-/http-errors-1.8.1.tgz. Extracting by manifest.
2011 silly tarball no local data for http-deceiver@https://registry.npmjs.org/http-deceiver/-/http-deceiver-1.2.7.tgz. Extracting by manifest.
2012 silly tarball no local data for htmlparser2@https://registry.npmjs.org/htmlparser2/-/htmlparser2-6.1.0.tgz. Extracting by manifest.
2013 silly tarball no local data for html-webpack-plugin@https://registry.npmjs.org/html-webpack-plugin/-/html-webpack-plugin-5.5.0.tgz. Extracting by manifest.
2014 silly tarball no local data for html-escaper@https://registry.npmjs.org/html-escaper/-/html-escaper-2.0.2.tgz. Extracting by manifest.
2015 silly tarball no local data for html-entities@https://registry.npmjs.org/html-entities/-/html-entities-2.3.2.tgz. Extracting by manifest.
2016 silly tarball no local data for html-encoding-sniffer@https://registry.npmjs.org/html-encoding-sniffer/-/html-encoding-sniffer-2.0.1.tgz. Extracting by manifest.
2017 silly tarball no local data for html-minifier-terser@https://registry.npmjs.org/html-minifier-terser/-/html-minifier-terser-6.1.0.tgz. Extracting by manifest.
2018 silly tarball no local data for hpack.js@https://registry.npmjs.org/hpack.js/-/hpack.js-2.1.6.tgz. Extracting by manifest.
2019 silly tarball no local data for he@https://registry.npmjs.org/he/-/he-1.2.0.tgz. Extracting by manifest.
2020 silly tarball no local data for hoopy@https://registry.npmjs.org/hoopy/-/hoopy-0.1.4.tgz. Extracting by manifest.
2021 silly tarball no local data for has-symbols@https://registry.npmjs.org/has-symbols/-/has-symbols-1.0.3.tgz. Extracting by manifest.
2022 silly tarball no local data for has-flag@https://registry.npmjs.org/has-flag/-/has-flag-3.0.0.tgz. Extracting by manifest.
2023 silly tarball no local data for has-tostringtag@https://registry.npmjs.org/has-tostringtag/-/has-tostringtag-1.0.0.tgz. Extracting by manifest.
2024 silly tarball no local data for has@https://registry.npmjs.org/has/-/has-1.0.3.tgz. Extracting by manifest.
2025 silly tarball no local data for harmony-reflect@https://registry.npmjs.org/harmony-reflect/-/harmony-reflect-1.6.2.tgz. Extracting by manifest.
2026 silly tarball no local data for handle-thing@https://registry.npmjs.org/handle-thing/-/handle-thing-2.0.1.tgz. Extracting by manifest.
2027 silly tarball no local data for gzip-size@https://registry.npmjs.org/gzip-size/-/gzip-size-6.0.0.tgz. Extracting by manifest.
2028 silly tarball no local data for has-bigints@https://registry.npmjs.org/has-bigints/-/has-bigints-1.0.1.tgz. Extracting by manifest.
2029 silly tarball no local data for globby@https://registry.npmjs.org/globby/-/globby-11.1.0.tgz. Extracting by manifest.
2030 silly tarball no local data for globals@https://registry.npmjs.org/globals/-/globals-11.12.0.tgz. Extracting by manifest.
2031 silly tarball no local data for graceful-fs@https://registry.npmjs.org/graceful-fs/-/graceful-fs-4.2.9.tgz. Extracting by manifest.
2032 silly tarball no local data for global-modules@https://registry.npmjs.org/global-modules/-/global-modules-2.0.0.tgz. Extracting by manifest.
2033 silly tarball no local data for glob-parent@https://registry.npmjs.org/glob-parent/-/glob-parent-6.0.2.tgz. Extracting by manifest.
2034 silly tarball no local data for glob-to-regexp@https://registry.npmjs.org/glob-to-regexp/-/glob-to-regexp-0.4.1.tgz. Extracting by manifest.
2035 silly tarball no local data for global-prefix@https://registry.npmjs.org/global-prefix/-/global-prefix-3.0.0.tgz. Extracting by manifest.
2036 silly tarball no local data for get-symbol-description@https://registry.npmjs.org/get-symbol-description/-/get-symbol-description-1.0.0.tgz. Extracting by manifest.
2037 silly tarball no local data for glob@https://registry.npmjs.org/glob/-/glob-7.2.0.tgz. Extracting by manifest.
2038 silly tarball no local data for get-stream@https://registry.npmjs.org/get-stream/-/get-stream-6.0.1.tgz. Extracting by manifest.
2039 silly tarball no local data for get-package-type@https://registry.npmjs.org/get-package-type/-/get-package-type-0.1.0.tgz. Extracting by manifest.
2040 silly tarball no local data for get-own-enumerable-property-symbols@https://registry.npmjs.org/get-own-enumerable-property-symbols/-/get-own-enumerable-property-symbols-3.0.2.tgz. Extracting by manifest.
2041 silly tarball no local data for get-intrinsic@https://registry.npmjs.org/get-intrinsic/-/get-intrinsic-1.1.1.tgz. Extracting by manifest.
2042 silly tarball no local data for get-caller-file@https://registry.npmjs.org/get-caller-file/-/get-caller-file-2.0.5.tgz. Extracting by manifest.
2043 silly tarball no local data for functional-red-black-tree@https://registry.npmjs.org/functional-red-black-tree/-/functional-red-black-tree-1.0.1.tgz. Extracting by manifest.
2044 silly tarball no local data for gensync@https://registry.npmjs.org/gensync/-/gensync-1.0.0-beta.2.tgz. Extracting by manifest.
2045 silly tarball no local data for function-bind@https://registry.npmjs.org/function-bind/-/function-bind-1.1.1.tgz. Extracting by manifest.
2046 silly tarball no local data for fsevents@https://registry.npmjs.org/fsevents/-/fsevents-2.3.2.tgz. Extracting by manifest.
2047 silly tarball no local data for fs.realpath@https://registry.npmjs.org/fs.realpath/-/fs.realpath-1.0.0.tgz. Extracting by manifest.
2048 silly tarball no local data for fs-monkey@https://registry.npmjs.org/fs-monkey/-/fs-monkey-1.0.3.tgz. Extracting by manifest.
2049 silly tarball no local data for fs-extra@https://registry.npmjs.org/fs-extra/-/fs-extra-10.0.1.tgz. Extracting by manifest.
2050 silly tarball no local data for fresh@https://registry.npmjs.org/fresh/-/fresh-0.5.2.tgz. Extracting by manifest.
2051 silly tarball no local data for fraction.js@https://registry.npmjs.org/fraction.js/-/fraction.js-4.2.0.tgz. Extracting by manifest.
2052 silly tarball no local data for forwarded@https://registry.npmjs.org/forwarded/-/forwarded-0.2.0.tgz. Extracting by manifest.
2053 silly tarball no local data for form-data@https://registry.npmjs.org/form-data/-/form-data-3.0.1.tgz. Extracting by manifest.
2054 silly tarball no local data for fork-ts-checker-webpack-plugin@https://registry.npmjs.org/fork-ts-checker-webpack-plugin/-/fork-ts-checker-webpack-plugin-6.5.0.tgz. Extracting by manifest.
2055 silly tarball no local data for follow-redirects@https://registry.npmjs.org/follow-redirects/-/follow-redirects-1.14.9.tgz. Extracting by manifest.
2056 silly tarball no local data for flatted@https://registry.npmjs.org/flatted/-/flatted-3.2.5.tgz. Extracting by manifest.
2057 silly tarball no local data for flat-cache@https://registry.npmjs.org/flat-cache/-/flat-cache-3.0.4.tgz. Extracting by manifest.
2058 silly tarball no local data for finalhandler@https://registry.npmjs.org/finalhandler/-/finalhandler-1.1.2.tgz. Extracting by manifest.
2059 silly tarball no local data for firebase@https://registry.npmjs.org/firebase/-/firebase-9.8.4.tgz. Extracting by manifest.
2060 silly tarball no local data for find-cache-dir@https://registry.npmjs.org/find-cache-dir/-/find-cache-dir-3.3.2.tgz. Extracting by manifest.
2061 silly tarball no local data for fill-range@https://registry.npmjs.org/fill-range/-/fill-range-7.0.1.tgz. Extracting by manifest.
2062 silly tarball no local data for filelist@https://registry.npmjs.org/filelist/-/filelist-1.0.2.tgz. Extracting by manifest.
2063 silly tarball no local data for find-up@https://registry.npmjs.org/find-up/-/find-up-5.0.0.tgz. Extracting by manifest.
2064 silly tarball no local data for file-entry-cache@https://registry.npmjs.org/file-entry-cache/-/file-entry-cache-6.0.1.tgz. Extracting by manifest.
2065 silly tarball no local data for file-loader@https://registry.npmjs.org/file-loader/-/file-loader-6.2.0.tgz. Extracting by manifest.
2066 silly tarball no local data for filesize@https://registry.npmjs.org/filesize/-/filesize-8.0.7.tgz. Extracting by manifest.
2067 silly tarball no local data for faye-websocket@https://registry.npmjs.org/faye-websocket/-/faye-websocket-0.11.4.tgz. Extracting by manifest.
2068 silly tarball no local data for fastq@https://registry.npmjs.org/fastq/-/fastq-1.13.0.tgz. Extracting by manifest.
2069 silly tarball no local data for fast-json-stable-stringify@https://registry.npmjs.org/fast-json-stable-stringify/-/fast-json-stable-stringify-2.1.0.tgz. Extracting by manifest.
2070 silly tarball no local data for fast-glob@https://registry.npmjs.org/fast-glob/-/fast-glob-3.2.11.tgz. Extracting by manifest.
2071 silly tarball no local data for fb-watchman@https://registry.npmjs.org/fb-watchman/-/fb-watchman-2.0.1.tgz. Extracting by manifest.
2072 silly tarball no local data for fast-levenshtein@https://registry.npmjs.org/fast-levenshtein/-/fast-levenshtein-2.0.6.tgz. Extracting by manifest.
2073 silly tarball no local data for express@https://registry.npmjs.org/express/-/express-4.17.3.tgz. Extracting by manifest.
2074 silly tarball no local data for expect@https://registry.npmjs.org/expect/-/expect-27.5.1.tgz. Extracting by manifest.
2075 silly tarball no local data for exit@https://registry.npmjs.org/exit/-/exit-0.1.2.tgz. Extracting by manifest.
2076 silly tarball no local data for execa@https://registry.npmjs.org/execa/-/execa-5.1.1.tgz. Extracting by manifest.
2077 silly tarball no local data for events@https://registry.npmjs.org/events/-/events-3.3.0.tgz. Extracting by manifest.
2078 silly tarball no local data for eventemitter3@https://registry.npmjs.org/eventemitter3/-/eventemitter3-4.0.7.tgz. Extracting by manifest.
2079 silly tarball no local data for etag@https://registry.npmjs.org/etag/-/etag-1.8.1.tgz. Extracting by manifest.
2080 silly tarball no local data for esutils@https://registry.npmjs.org/esutils/-/esutils-2.0.3.tgz. Extracting by manifest.
2081 silly tarball no local data for fast-deep-equal@https://registry.npmjs.org/fast-deep-equal/-/fast-deep-equal-3.1.3.tgz. Extracting by manifest.
2082 silly tarball no local data for estree-walker@https://registry.npmjs.org/estree-walker/-/estree-walker-1.0.1.tgz. Extracting by manifest.
2083 silly tarball no local data for esrecurse@https://registry.npmjs.org/esrecurse/-/esrecurse-4.3.0.tgz. Extracting by manifest.
2084 silly tarball no local data for estraverse@https://registry.npmjs.org/estraverse/-/estraverse-5.3.0.tgz. Extracting by manifest.
2085 silly tarball no local data for esquery@https://registry.npmjs.org/esquery/-/esquery-1.4.0.tgz. Extracting by manifest.
2086 silly tarball no local data for esprima@https://registry.npmjs.org/esprima/-/esprima-4.0.1.tgz. Extracting by manifest.
2087 silly tarball no local data for eslint-webpack-plugin@https://registry.npmjs.org/eslint-webpack-plugin/-/eslint-webpack-plugin-3.1.1.tgz. Extracting by manifest.
2088 silly tarball no local data for espree@https://registry.npmjs.org/espree/-/espree-9.3.1.tgz. Extracting by manifest.
2089 silly tarball no local data for eslint-visitor-keys@https://registry.npmjs.org/eslint-visitor-keys/-/eslint-visitor-keys-3.3.0.tgz. Extracting by manifest.
2090 silly tarball no local data for eslint-scope@https://registry.npmjs.org/eslint-scope/-/eslint-scope-7.1.1.tgz. Extracting by manifest.
2091 silly tarball no local data for eslint-utils@https://registry.npmjs.org/eslint-utils/-/eslint-utils-3.0.0.tgz. Extracting by manifest.
2092 silly tarball no local data for eslint-plugin-react-hooks@https://registry.npmjs.org/eslint-plugin-react-hooks/-/eslint-plugin-react-hooks-4.3.0.tgz. Extracting by manifest.
2093 silly tarball no local data for eslint-plugin-testing-library@https://registry.npmjs.org/eslint-plugin-testing-library/-/eslint-plugin-testing-library-5.0.6.tgz. Extracting by manifest.
2094 silly tarball no local data for eslint-plugin-react@https://registry.npmjs.org/eslint-plugin-react/-/eslint-plugin-react-7.29.3.tgz. Extracting by manifest.
2095 silly tarball no local data for eslint-plugin-jsx-a11y@https://registry.npmjs.org/eslint-plugin-jsx-a11y/-/eslint-plugin-jsx-a11y-6.5.1.tgz. Extracting by manifest.
2096 silly tarball no local data for eslint-plugin-import@https://registry.npmjs.org/eslint-plugin-import/-/eslint-plugin-import-2.25.4.tgz. Extracting by manifest.
2097 silly tarball no local data for eslint-plugin-jest@https://registry.npmjs.org/eslint-plugin-jest/-/eslint-plugin-jest-25.7.0.tgz. Extracting by manifest.
2098 silly tarball no local data for eslint-plugin-flowtype@https://registry.npmjs.org/eslint-plugin-flowtype/-/eslint-plugin-flowtype-8.0.3.tgz. Extracting by manifest.
2099 silly tarball no local data for eslint-module-utils@https://registry.npmjs.org/eslint-module-utils/-/eslint-module-utils-2.7.3.tgz. Extracting by manifest.
2100 silly tarball no local data for eslint-config-react-app@https://registry.npmjs.org/eslint-config-react-app/-/eslint-config-react-app-7.0.0.tgz. Extracting by manifest.
2101 silly tarball no local data for eslint@https://registry.npmjs.org/eslint/-/eslint-8.10.0.tgz. Extracting by manifest.
2102 silly tarball no local data for escodegen@https://registry.npmjs.org/escodegen/-/escodegen-2.0.0.tgz. Extracting by manifest.
2103 silly tarball no local data for escape-string-regexp@https://registry.npmjs.org/escape-string-regexp/-/escape-string-regexp-1.0.5.tgz. Extracting by manifest.
2104 silly tarball no local data for escape-html@https://registry.npmjs.org/escape-html/-/escape-html-1.0.3.tgz. Extracting by manifest.
2105 silly tarball no local data for escalade@https://registry.npmjs.org/escalade/-/escalade-3.1.1.tgz. Extracting by manifest.
2106 silly tarball no local data for es-to-primitive@https://registry.npmjs.org/es-to-primitive/-/es-to-primitive-1.2.1.tgz. Extracting by manifest.
2107 silly tarball no local data for es-module-lexer@https://registry.npmjs.org/es-module-lexer/-/es-module-lexer-0.9.3.tgz. Extracting by manifest.
2108 silly tarball no local data for es-abstract@https://registry.npmjs.org/es-abstract/-/es-abstract-1.19.1.tgz. Extracting by manifest.
2109 silly tarball no local data for error-stack-parser@https://registry.npmjs.org/error-stack-parser/-/error-stack-parser-2.0.7.tgz. Extracting by manifest.
2110 silly tarball no local data for error-ex@https://registry.npmjs.org/error-ex/-/error-ex-1.3.2.tgz. Extracting by manifest.
2111 silly tarball no local data for entities@https://registry.npmjs.org/entities/-/entities-2.2.0.tgz. Extracting by manifest.
2112 silly tarball no local data for emojis-list@https://registry.npmjs.org/emojis-list/-/emojis-list-3.0.0.tgz. Extracting by manifest.
2113 silly tarball no local data for enhanced-resolve@https://registry.npmjs.org/enhanced-resolve/-/enhanced-resolve-5.9.2.tgz. Extracting by manifest.
2114 silly tarball no local data for encodeurl@https://registry.npmjs.org/encodeurl/-/encodeurl-1.0.2.tgz. Extracting by manifest.
2115 silly tarball no local data for emittery@https://registry.npmjs.org/emittery/-/emittery-0.8.1.tgz. Extracting by manifest.
2116 silly tarball no local data for eslint-import-resolver-node@https://registry.npmjs.org/eslint-import-resolver-node/-/eslint-import-resolver-node-0.3.6.tgz. Extracting by manifest.
2117 silly tarball no local data for electron-to-chromium@https://registry.npmjs.org/electron-to-chromium/-/electron-to-chromium-1.4.81.tgz. Extracting by manifest.
2118 silly tarball no local data for ee-first@https://registry.npmjs.org/ee-first/-/ee-first-1.1.1.tgz. Extracting by manifest.
2119 silly tarball no local data for duplexer@https://registry.npmjs.org/duplexer/-/duplexer-0.1.2.tgz. Extracting by manifest.
2120 silly tarball no local data for dotenv-expand@https://registry.npmjs.org/dotenv-expand/-/dotenv-expand-5.1.0.tgz. Extracting by manifest.
2121 silly tarball no local data for dotenv@https://registry.npmjs.org/dotenv/-/dotenv-10.0.0.tgz. Extracting by manifest.
2122 silly tarball no local data for ejs@https://registry.npmjs.org/ejs/-/ejs-3.1.6.tgz. Extracting by manifest.
2123 silly tarball no local data for dot-case@https://registry.npmjs.org/dot-case/-/dot-case-3.0.4.tgz. Extracting by manifest.
2124 silly tarball no local data for domhandler@https://registry.npmjs.org/domhandler/-/domhandler-4.3.0.tgz. Extracting by manifest.
2125 silly tarball no local data for domutils@https://registry.npmjs.org/domutils/-/domutils-2.8.0.tgz. Extracting by manifest.
2126 silly tarball no local data for domelementtype@https://registry.npmjs.org/domelementtype/-/domelementtype-2.2.0.tgz. Extracting by manifest.
2127 silly tarball no local data for emoji-regex@https://registry.npmjs.org/emoji-regex/-/emoji-regex-9.2.2.tgz. Extracting by manifest.
2128 silly tarball no local data for domexception@https://registry.npmjs.org/domexception/-/domexception-2.0.1.tgz. Extracting by manifest.
2129 silly tarball no local data for dom-serializer@https://registry.npmjs.org/dom-serializer/-/dom-serializer-1.3.2.tgz. Extracting by manifest.
2130 silly tarball no local data for dom-converter@https://registry.npmjs.org/dom-converter/-/dom-converter-0.2.0.tgz. Extracting by manifest.
2131 silly tarball no local data for doctrine@https://registry.npmjs.org/doctrine/-/doctrine-3.0.0.tgz. Extracting by manifest.
2132 silly tarball no local data for dom-accessibility-api@https://registry.npmjs.org/dom-accessibility-api/-/dom-accessibility-api-0.5.13.tgz. Extracting by manifest.
2133 silly tarball no local data for dns-txt@https://registry.npmjs.org/dns-txt/-/dns-txt-2.0.2.tgz. Extracting by manifest.
2134 silly tarball no local data for dns-equal@https://registry.npmjs.org/dns-equal/-/dns-equal-1.0.0.tgz. Extracting by manifest.
2135 silly tarball no local data for dns-packet@https://registry.npmjs.org/dns-packet/-/dns-packet-1.3.4.tgz. Extracting by manifest.
2136 silly tarball no local data for dlv@https://registry.npmjs.org/dlv/-/dlv-1.1.3.tgz. Extracting by manifest.
2137 silly tarball no local data for dir-glob@https://registry.npmjs.org/dir-glob/-/dir-glob-3.0.1.tgz. Extracting by manifest.
2138 silly tarball no local data for didyoumean@https://registry.npmjs.org/didyoumean/-/didyoumean-1.2.2.tgz. Extracting by manifest.
2139 silly tarball no local data for diff-sequences@https://registry.npmjs.org/diff-sequences/-/diff-sequences-27.5.1.tgz. Extracting by manifest.
2140 silly tarball no local data for detective@https://registry.npmjs.org/detective/-/detective-5.2.0.tgz. Extracting by manifest.
2141 silly tarball no local data for detect-node@https://registry.npmjs.org/detect-node/-/detect-node-2.1.0.tgz. Extracting by manifest.
2142 silly tarball no local data for detect-port-alt@https://registry.npmjs.org/detect-port-alt/-/detect-port-alt-1.1.6.tgz. Extracting by manifest.
2143 silly tarball no local data for destroy@https://registry.npmjs.org/destroy/-/destroy-1.0.4.tgz. Extracting by manifest.
2144 silly tarball no local data for depd@https://registry.npmjs.org/depd/-/depd-1.1.2.tgz. Extracting by manifest.
2145 silly tarball no local data for delayed-stream@https://registry.npmjs.org/delayed-stream/-/delayed-stream-1.0.0.tgz. Extracting by manifest.
2146 silly tarball no local data for detect-newline@https://registry.npmjs.org/detect-newline/-/detect-newline-3.1.0.tgz. Extracting by manifest.
2147 silly tarball no local data for defined@https://registry.npmjs.org/defined/-/defined-1.0.0.tgz. Extracting by manifest.
2148 silly tarball no local data for del@https://registry.npmjs.org/del/-/del-6.0.0.tgz. Extracting by manifest.
2149 silly tarball no local data for define-lazy-prop@https://registry.npmjs.org/define-lazy-prop/-/define-lazy-prop-2.0.0.tgz. Extracting by manifest.
2150 silly tarball no local data for default-gateway@https://registry.npmjs.org/default-gateway/-/default-gateway-6.0.3.tgz. Extracting by manifest.
2151 silly tarball no local data for deep-is@https://registry.npmjs.org/deep-is/-/deep-is-0.1.4.tgz. Extracting by manifest.
2152 silly tarball no local data for deep-equal@https://registry.npmjs.org/deep-equal/-/deep-equal-1.1.1.tgz. Extracting by manifest.
2153 silly tarball no local data for dedent@https://registry.npmjs.org/dedent/-/dedent-0.7.0.tgz. Extracting by manifest.
2154 silly tarball no local data for define-properties@https://registry.npmjs.org/define-properties/-/define-properties-1.1.3.tgz. Extracting by manifest.
2155 silly tarball no local data for decode-uri-component@https://registry.npmjs.org/decode-uri-component/-/decode-uri-component-0.2.0.tgz. Extracting by manifest.
2156 silly tarball no local data for deepmerge@https://registry.npmjs.org/deepmerge/-/deepmerge-4.2.2.tgz. Extracting by manifest.
2157 silly tarball no local data for debug@https://registry.npmjs.org/debug/-/debug-4.3.3.tgz. Extracting by manifest.
2158 silly tarball no local data for data-urls@https://registry.npmjs.org/data-urls/-/data-urls-2.0.0.tgz. Extracting by manifest.
2159 silly tarball no local data for decimal.js@https://registry.npmjs.org/decimal.js/-/decimal.js-10.3.1.tgz. Extracting by manifest.
2160 silly tarball no local data for cssstyle@https://registry.npmjs.org/cssstyle/-/cssstyle-2.3.0.tgz. Extracting by manifest.
2161 silly tarball no local data for csstype@https://registry.npmjs.org/csstype/-/csstype-3.0.11.tgz. Extracting by manifest.
2162 silly tarball no local data for csso@https://registry.npmjs.org/csso/-/csso-4.2.0.tgz. Extracting by manifest.
2163 silly tarball no local data for cssom@https://registry.npmjs.org/cssom/-/cssom-0.4.4.tgz. Extracting by manifest.
2164 silly tarball no local data for damerau-levenshtein@https://registry.npmjs.org/damerau-levenshtein/-/damerau-levenshtein-1.0.8.tgz. Extracting by manifest.
2165 silly tarball no local data for cssnano-utils@https://registry.npmjs.org/cssnano-utils/-/cssnano-utils-3.1.0.tgz. Extracting by manifest.
2166 silly tarball no local data for cssnano@https://registry.npmjs.org/cssnano/-/cssnano-5.1.2.tgz. Extracting by manifest.
2167 silly tarball no local data for cssesc@https://registry.npmjs.org/cssesc/-/cssesc-3.0.0.tgz. Extracting by manifest.
2168 silly tarball no local data for cssnano-preset-default@https://registry.npmjs.org/cssnano-preset-default/-/cssnano-preset-default-5.2.2.tgz. Extracting by manifest.
2169 silly tarball no local data for cssdb@https://registry.npmjs.org/cssdb/-/cssdb-6.4.1.tgz. Extracting by manifest.
2170 silly tarball no local data for css.escape@https://registry.npmjs.org/css.escape/-/css.escape-1.5.1.tgz. Extracting by manifest.
2171 silly tarball no local data for css-what@https://registry.npmjs.org/css-what/-/css-what-5.1.0.tgz. Extracting by manifest.
2172 silly tarball no local data for css-tree@https://registry.npmjs.org/css-tree/-/css-tree-1.0.0-alpha.37.tgz. Extracting by manifest.
2173 silly tarball no local data for css-select-base-adapter@https://registry.npmjs.org/css-select-base-adapter/-/css-select-base-adapter-0.1.1.tgz. Extracting by manifest.
2174 silly tarball no local data for css-select@https://registry.npmjs.org/css-select/-/css-select-4.2.1.tgz. Extracting by manifest.
2175 silly tarball no local data for css-prefers-color-scheme@https://registry.npmjs.org/css-prefers-color-scheme/-/css-prefers-color-scheme-6.0.3.tgz. Extracting by manifest.
2176 silly tarball no local data for css-minimizer-webpack-plugin@https://registry.npmjs.org/css-minimizer-webpack-plugin/-/css-minimizer-webpack-plugin-3.4.1.tgz. Extracting by manifest.
2177 silly tarball no local data for css-loader@https://registry.npmjs.org/css-loader/-/css-loader-6.7.1.tgz. Extracting by manifest.
2178 silly tarball no local data for css-has-pseudo@https://registry.npmjs.org/css-has-pseudo/-/css-has-pseudo-3.0.4.tgz. Extracting by manifest.
2179 silly tarball no local data for css-declaration-sorter@https://registry.npmjs.org/css-declaration-sorter/-/css-declaration-sorter-6.1.4.tgz. Extracting by manifest.
2180 silly tarball no local data for css-blank-pseudo@https://registry.npmjs.org/css-blank-pseudo/-/css-blank-pseudo-3.0.3.tgz. Extracting by manifest.
2181 silly tarball no local data for crypto-random-string@https://registry.npmjs.org/crypto-random-string/-/crypto-random-string-2.0.0.tgz. Extracting by manifest.
2182 silly tarball no local data for cosmiconfig@https://registry.npmjs.org/cosmiconfig/-/cosmiconfig-7.0.1.tgz. Extracting by manifest.
2183 silly tarball no local data for css@https://registry.npmjs.org/css/-/css-3.0.0.tgz. Extracting by manifest.
2184 silly tarball no local data for core-util-is@https://registry.npmjs.org/core-util-is/-/core-util-is-1.0.3.tgz. Extracting by manifest.
2185 silly tarball no local data for core-js-pure@https://registry.npmjs.org/core-js-pure/-/core-js-pure-3.21.1.tgz. Extracting by manifest.
2186 silly tarball no local data for core-js-compat@https://registry.npmjs.org/core-js-compat/-/core-js-compat-3.21.1.tgz. Extracting by manifest.
2187 silly tarball no local data for core-js@https://registry.npmjs.org/core-js/-/core-js-3.21.1.tgz. Extracting by manifest.
2188 silly tarball no local data for cookie-signature@https://registry.npmjs.org/cookie-signature/-/cookie-signature-1.0.6.tgz. Extracting by manifest.
2189 silly tarball no local data for cookie@https://registry.npmjs.org/cookie/-/cookie-0.4.2.tgz. Extracting by manifest.
2190 silly tarball no local data for convert-source-map@https://registry.npmjs.org/convert-source-map/-/convert-source-map-1.8.0.tgz. Extracting by manifest.
2191 silly tarball no local data for content-type@https://registry.npmjs.org/content-type/-/content-type-1.0.4.tgz. Extracting by manifest.
2192 silly tarball no local data for cross-spawn@https://registry.npmjs.org/cross-spawn/-/cross-spawn-7.0.3.tgz. Extracting by manifest.
2193 silly tarball no local data for confusing-browser-globals@https://registry.npmjs.org/confusing-browser-globals/-/confusing-browser-globals-1.0.11.tgz. Extracting by manifest.
2194 silly tarball no local data for concat-map@https://registry.npmjs.org/concat-map/-/concat-map-0.0.1.tgz. Extracting by manifest.
2195 silly tarball no local data for compression@https://registry.npmjs.org/compression/-/compression-1.7.4.tgz. Extracting by manifest.
2196 silly tarball no local data for connect-history-api-fallback@https://registry.npmjs.org/connect-history-api-fallback/-/connect-history-api-fallback-1.6.0.tgz. Extracting by manifest.
2197 silly tarball no local data for compressible@https://registry.npmjs.org/compressible/-/compressible-2.0.18.tgz. Extracting by manifest.
2198 silly tarball no local data for commondir@https://registry.npmjs.org/commondir/-/commondir-1.0.1.tgz. Extracting by manifest.
2199 silly tarball no local data for content-disposition@https://registry.npmjs.org/content-disposition/-/content-disposition-0.5.4.tgz. Extracting by manifest.
2200 silly tarball no local data for common-path-prefix@https://registry.npmjs.org/common-path-prefix/-/common-path-prefix-3.0.0.tgz. Extracting by manifest.
2201 silly tarball no local data for common-tags@https://registry.npmjs.org/common-tags/-/common-tags-1.8.2.tgz. Extracting by manifest.
2202 silly tarball no local data for commander@https://registry.npmjs.org/commander/-/commander-8.3.0.tgz. Extracting by manifest.
2203 silly tarball no local data for combined-stream@https://registry.npmjs.org/combined-stream/-/combined-stream-1.0.8.tgz. Extracting by manifest.
2204 silly tarball no local data for colord@https://registry.npmjs.org/colord/-/colord-2.9.2.tgz. Extracting by manifest.
2205 silly tarball no local data for colorette@https://registry.npmjs.org/colorette/-/colorette-2.0.16.tgz. Extracting by manifest.
2206 silly tarball no local data for color-name@https://registry.npmjs.org/color-name/-/color-name-1.1.3.tgz. Extracting by manifest.
2207 silly tarball no local data for color-convert@https://registry.npmjs.org/color-convert/-/color-convert-1.9.3.tgz. Extracting by manifest.
2208 silly tarball no local data for co@https://registry.npmjs.org/co/-/co-4.6.0.tgz. Extracting by manifest.
2209 silly tarball no local data for cliui@https://registry.npmjs.org/cliui/-/cliui-7.0.4.tgz. Extracting by manifest.
2210 silly tarball no local data for collect-v8-coverage@https://registry.npmjs.org/collect-v8-coverage/-/collect-v8-coverage-1.0.1.tgz. Extracting by manifest.
2211 silly tarball no local data for clean-stack@https://registry.npmjs.org/clean-stack/-/clean-stack-2.2.0.tgz. Extracting by manifest.
2212 silly tarball no local data for clean-css@https://registry.npmjs.org/clean-css/-/clean-css-5.2.4.tgz. Extracting by manifest.
2213 silly tarball no local data for cjs-module-lexer@https://registry.npmjs.org/cjs-module-lexer/-/cjs-module-lexer-1.2.2.tgz. Extracting by manifest.
2214 silly tarball no local data for ci-info@https://registry.npmjs.org/ci-info/-/ci-info-3.3.0.tgz. Extracting by manifest.
2215 silly tarball no local data for chrome-trace-event@https://registry.npmjs.org/chrome-trace-event/-/chrome-trace-event-1.0.3.tgz. Extracting by manifest.
2216 silly tarball no local data for chokidar@https://registry.npmjs.org/chokidar/-/chokidar-3.5.3.tgz. Extracting by manifest.
2217 silly tarball no local data for check-types@https://registry.npmjs.org/check-types/-/check-types-11.1.2.tgz. Extracting by manifest.
2218 silly tarball no local data for charcodes@https://registry.npmjs.org/charcodes/-/charcodes-0.2.0.tgz. Extracting by manifest.
2219 silly tarball no local data for chalk@https://registry.npmjs.org/chalk/-/chalk-2.4.2.tgz. Extracting by manifest.
2220 silly tarball no local data for coa@https://registry.npmjs.org/coa/-/coa-2.0.2.tgz. Extracting by manifest.
2221 silly tarball no local data for case-sensitive-paths-webpack-plugin@https://registry.npmjs.org/case-sensitive-paths-webpack-plugin/-/case-sensitive-paths-webpack-plugin-2.4.0.tgz. Extracting by manifest.
2222 silly tarball no local data for caniuse-lite@https://registry.npmjs.org/caniuse-lite/-/caniuse-lite-1.0.30001314.tgz. Extracting by manifest.
2223 silly tarball no local data for caniuse-api@https://registry.npmjs.org/caniuse-api/-/caniuse-api-3.0.0.tgz. Extracting by manifest.
2224 silly tarball no local data for camelcase@https://registry.npmjs.org/camelcase/-/camelcase-6.3.0.tgz. Extracting by manifest.
2225 silly tarball no local data for char-regex@https://registry.npmjs.org/char-regex/-/char-regex-1.0.2.tgz. Extracting by manifest.
2226 silly tarball no local data for camel-case@https://registry.npmjs.org/camel-case/-/camel-case-4.1.2.tgz. Extracting by manifest.
2227 silly tarball no local data for callsites@https://registry.npmjs.org/callsites/-/callsites-3.1.0.tgz. Extracting by manifest.
2228 silly tarball no local data for call-bind@https://registry.npmjs.org/call-bind/-/call-bind-1.0.2.tgz. Extracting by manifest.
2229 silly tarball no local data for builtin-modules@https://registry.npmjs.org/builtin-modules/-/builtin-modules-3.2.0.tgz. Extracting by manifest.
2230 silly tarball no local data for bytes@https://registry.npmjs.org/bytes/-/bytes-3.0.0.tgz. Extracting by manifest.
2231 silly tarball no local data for camelcase-css@https://registry.npmjs.org/camelcase-css/-/camelcase-css-2.0.1.tgz. Extracting by manifest.
2232 silly tarball no local data for buffer-from@https://registry.npmjs.org/buffer-from/-/buffer-from-1.1.2.tgz. Extracting by manifest.
2233 silly tarball no local data for buffer-indexof@https://registry.npmjs.org/buffer-indexof/-/buffer-indexof-1.1.1.tgz. Extracting by manifest.
2234 silly tarball no local data for browserslist@https://registry.npmjs.org/browserslist/-/browserslist-4.20.0.tgz. Extracting by manifest.
2235 silly tarball no local data for bser@https://registry.npmjs.org/bser/-/bser-2.1.1.tgz. Extracting by manifest.
2236 silly tarball no local data for braces@https://registry.npmjs.org/braces/-/braces-3.0.2.tgz. Extracting by manifest.
2237 silly tarball no local data for brace-expansion@https://registry.npmjs.org/brace-expansion/-/brace-expansion-1.1.11.tgz. Extracting by manifest.
2238 silly tarball no local data for boolbase@https://registry.npmjs.org/boolbase/-/boolbase-1.0.0.tgz. Extracting by manifest.
2239 silly tarball no local data for bonjour@https://registry.npmjs.org/bonjour/-/bonjour-3.5.0.tgz. Extracting by manifest.
2240 silly tarball no local data for body-parser@https://registry.npmjs.org/body-parser/-/body-parser-1.19.2.tgz. Extracting by manifest.
2241 silly tarball no local data for bluebird@https://registry.npmjs.org/bluebird/-/bluebird-3.7.2.tgz. Extracting by manifest.
2242 silly tarball no local data for browser-process-hrtime@https://registry.npmjs.org/browser-process-hrtime/-/browser-process-hrtime-1.0.0.tgz. Extracting by manifest.
2243 silly tarball no local data for bfj@https://registry.npmjs.org/bfj/-/bfj-7.0.2.tgz. Extracting by manifest.
2244 silly tarball no local data for big.js@https://registry.npmjs.org/big.js/-/big.js-5.2.2.tgz. Extracting by manifest.
2245 silly tarball no local data for binary-extensions@https://registry.npmjs.org/binary-extensions/-/binary-extensions-2.2.0.tgz. Extracting by manifest.
2246 silly tarball no local data for batch@https://registry.npmjs.org/batch/-/batch-0.6.1.tgz. Extracting by manifest.
2247 silly tarball no local data for balanced-match@https://registry.npmjs.org/balanced-match/-/balanced-match-1.0.2.tgz. Extracting by manifest.
2248 silly tarball no local data for babel-preset-react-app@https://registry.npmjs.org/babel-preset-react-app/-/babel-preset-react-app-10.0.1.tgz. Extracting by manifest.
2249 silly tarball no local data for babel-preset-current-node-syntax@https://registry.npmjs.org/babel-preset-current-node-syntax/-/babel-preset-current-node-syntax-1.0.1.tgz. Extracting by manifest.
2250 silly tarball no local data for babel-preset-jest@https://registry.npmjs.org/babel-preset-jest/-/babel-preset-jest-27.5.1.tgz. Extracting by manifest.
2251 silly tarball no local data for babel-plugin-transform-react-remove-prop-types@https://registry.npmjs.org/babel-plugin-transform-react-remove-prop-types/-/babel-plugin-transform-react-remove-prop-types-0.4.24.tgz. Extracting by manifest.
2252 silly tarball no local data for babel-plugin-polyfill-regenerator@https://registry.npmjs.org/babel-plugin-polyfill-regenerator/-/babel-plugin-polyfill-regenerator-0.3.1.tgz. Extracting by manifest.
2253 silly tarball no local data for babel-plugin-polyfill-corejs3@https://registry.npmjs.org/babel-plugin-polyfill-corejs3/-/babel-plugin-polyfill-corejs3-0.5.2.tgz. Extracting by manifest.
2254 silly tarball no local data for babel-plugin-polyfill-corejs2@https://registry.npmjs.org/babel-plugin-polyfill-corejs2/-/babel-plugin-polyfill-corejs2-0.3.1.tgz. Extracting by manifest.
2255 silly tarball no local data for babel-plugin-named-asset-import@https://registry.npmjs.org/babel-plugin-named-asset-import/-/babel-plugin-named-asset-import-0.3.8.tgz. Extracting by manifest.
2256 silly tarball no local data for babel-plugin-macros@https://registry.npmjs.org/babel-plugin-macros/-/babel-plugin-macros-3.1.0.tgz. Extracting by manifest.
2257 silly tarball no local data for babel-plugin-jest-hoist@https://registry.npmjs.org/babel-plugin-jest-hoist/-/babel-plugin-jest-hoist-27.5.1.tgz. Extracting by manifest.
2258 silly tarball no local data for babel-plugin-istanbul@https://registry.npmjs.org/babel-plugin-istanbul/-/babel-plugin-istanbul-6.1.1.tgz. Extracting by manifest.
2259 silly tarball no local data for babel-plugin-dynamic-import-node@https://registry.npmjs.org/babel-plugin-dynamic-import-node/-/babel-plugin-dynamic-import-node-2.3.3.tgz. Extracting by manifest.
2260 silly tarball no local data for babel-loader@https://registry.npmjs.org/babel-loader/-/babel-loader-8.2.3.tgz. Extracting by manifest.
2261 silly tarball no local data for axobject-query@https://registry.npmjs.org/axobject-query/-/axobject-query-2.2.0.tgz. Extracting by manifest.
2262 silly tarball no local data for axe-core@https://registry.npmjs.org/axe-core/-/axe-core-4.4.1.tgz. Extracting by manifest.
2263 silly tarball no local data for babel-jest@https://registry.npmjs.org/babel-jest/-/babel-jest-27.5.1.tgz. Extracting by manifest.
2264 silly tarball no local data for autoprefixer@https://registry.npmjs.org/autoprefixer/-/autoprefixer-10.4.2.tgz. Extracting by manifest.
2265 silly tarball no local data for atob@https://registry.npmjs.org/atob/-/atob-2.1.2.tgz. Extracting by manifest.
2266 silly tarball no local data for asynckit@https://registry.npmjs.org/asynckit/-/asynckit-0.4.0.tgz. Extracting by manifest.
2267 silly tarball no local data for ast-types-flow@https://registry.npmjs.org/ast-types-flow/-/ast-types-flow-0.0.7.tgz. Extracting by manifest.
2268 silly tarball no local data for async@https://registry.npmjs.org/async/-/async-2.6.3.tgz. Extracting by manifest.
2269 silly tarball no local data for asap@https://registry.npmjs.org/asap/-/asap-2.0.6.tgz. Extracting by manifest.
2270 silly tarball no local data for array.prototype.flat@https://registry.npmjs.org/array.prototype.flat/-/array.prototype.flat-1.2.5.tgz. Extracting by manifest.
2271 silly tarball no local data for at-least-node@https://registry.npmjs.org/at-least-node/-/at-least-node-1.0.0.tgz. Extracting by manifest.
2272 silly tarball no local data for array-includes@https://registry.npmjs.org/array-includes/-/array-includes-3.1.4.tgz. Extracting by manifest.
2273 silly tarball no local data for array-union@https://registry.npmjs.org/array-union/-/array-union-2.1.0.tgz. Extracting by manifest.
2274 silly tarball no local data for aria-query@https://registry.npmjs.org/aria-query/-/aria-query-4.2.2.tgz. Extracting by manifest.
2275 silly tarball no local data for argparse@https://registry.npmjs.org/argparse/-/argparse-1.0.10.tgz. Extracting by manifest.
2276 silly tarball no local data for arg@https://registry.npmjs.org/arg/-/arg-5.0.1.tgz. Extracting by manifest.
2277 silly tarball no local data for array-flatten@https://registry.npmjs.org/array-flatten/-/array-flatten-2.1.2.tgz. Extracting by manifest.
2278 silly tarball no local data for anymatch@https://registry.npmjs.org/anymatch/-/anymatch-3.1.2.tgz. Extracting by manifest.
2279 silly tarball no local data for ansi-styles@https://registry.npmjs.org/ansi-styles/-/ansi-styles-3.2.1.tgz. Extracting by manifest.
2280 silly tarball no local data for array.prototype.flatmap@https://registry.npmjs.org/array.prototype.flatmap/-/array.prototype.flatmap-1.2.5.tgz. Extracting by manifest.
2281 silly tarball no local data for ansi-escapes@https://registry.npmjs.org/ansi-escapes/-/ansi-escapes-4.3.2.tgz. Extracting by manifest.
2282 silly tarball no local data for ansi-html-community@https://registry.npmjs.org/ansi-html-community/-/ansi-html-community-0.0.8.tgz. Extracting by manifest.
2283 silly tarball no local data for ajv-keywords@https://registry.npmjs.org/ajv-keywords/-/ajv-keywords-3.5.2.tgz. Extracting by manifest.
2284 silly tarball no local data for ajv-formats@https://registry.npmjs.org/ajv-formats/-/ajv-formats-2.1.1.tgz. Extracting by manifest.
2285 silly tarball no local data for ajv@https://registry.npmjs.org/ajv/-/ajv-6.12.6.tgz. Extracting by manifest.
2286 silly tarball no local data for aggregate-error@https://registry.npmjs.org/aggregate-error/-/aggregate-error-3.1.0.tgz. Extracting by manifest.
2287 silly tarball no local data for agent-base@https://registry.npmjs.org/agent-base/-/agent-base-6.0.2.tgz. Extracting by manifest.
2288 silly tarball no local data for ansi-regex@https://registry.npmjs.org/ansi-regex/-/ansi-regex-5.0.1.tgz. Extracting by manifest.
2289 silly tarball no local data for address@https://registry.npmjs.org/address/-/address-1.1.2.tgz. Extracting by manifest.
2290 silly tarball no local data for acorn-walk@https://registry.npmjs.org/acorn-walk/-/acorn-walk-7.2.0.tgz. Extracting by manifest.
2291 silly tarball no local data for acorn-node@https://registry.npmjs.org/acorn-node/-/acorn-node-1.8.2.tgz. Extracting by manifest.
2292 silly tarball no local data for acorn-jsx@https://registry.npmjs.org/acorn-jsx/-/acorn-jsx-5.3.2.tgz. Extracting by manifest.
2293 silly tarball no local data for acorn-globals@https://registry.npmjs.org/acorn-globals/-/acorn-globals-6.0.0.tgz. Extracting by manifest.
2294 silly tarball no local data for acorn-import-assertions@https://registry.npmjs.org/acorn-import-assertions/-/acorn-import-assertions-1.8.0.tgz. Extracting by manifest.
2295 silly tarball no local data for acorn@https://registry.npmjs.org/acorn/-/acorn-8.7.0.tgz. Extracting by manifest.
2296 silly tarball no local data for accepts@https://registry.npmjs.org/accepts/-/accepts-1.3.8.tgz. Extracting by manifest.
2297 silly tarball no local data for abab@https://registry.npmjs.org/abab/-/abab-2.0.5.tgz. Extracting by manifest.
2298 silly tarball no local data for @xtuc/long@https://registry.npmjs.org/@xtuc/long/-/long-4.2.2.tgz. Extracting by manifest.
2299 silly tarball no local data for @webassemblyjs/wast-printer@https://registry.npmjs.org/@webassemblyjs/wast-printer/-/wast-printer-1.11.1.tgz. Extracting by manifest.
2300 silly tarball no local data for @webassemblyjs/wasm-parser@https://registry.npmjs.org/@webassemblyjs/wasm-parser/-/wasm-parser-1.11.1.tgz. Extracting by manifest.
2301 silly tarball no local data for @xtuc/ieee754@https://registry.npmjs.org/@xtuc/ieee754/-/ieee754-1.2.0.tgz. Extracting by manifest.
2302 silly tarball no local data for adjust-sourcemap-loader@https://registry.npmjs.org/adjust-sourcemap-loader/-/adjust-sourcemap-loader-4.0.0.tgz. Extracting by manifest.
2303 silly tarball no local data for @webassemblyjs/wasm-gen@https://registry.npmjs.org/@webassemblyjs/wasm-gen/-/wasm-gen-1.11.1.tgz. Extracting by manifest.
2304 silly tarball no local data for @webassemblyjs/wasm-opt@https://registry.npmjs.org/@webassemblyjs/wasm-opt/-/wasm-opt-1.11.1.tgz. Extracting by manifest.
2305 silly tarball no local data for @webassemblyjs/wasm-edit@https://registry.npmjs.org/@webassemblyjs/wasm-edit/-/wasm-edit-1.11.1.tgz. Extracting by manifest.
2306 silly tarball no local data for @webassemblyjs/utf8@https://registry.npmjs.org/@webassemblyjs/utf8/-/utf8-1.11.1.tgz. Extracting by manifest.
2307 silly tarball no local data for @webassemblyjs/ieee754@https://registry.npmjs.org/@webassemblyjs/ieee754/-/ieee754-1.11.1.tgz. Extracting by manifest.
2308 silly tarball no local data for @webassemblyjs/helper-wasm-section@https://registry.npmjs.org/@webassemblyjs/helper-wasm-section/-/helper-wasm-section-1.11.1.tgz. Extracting by manifest.
2309 silly tarball no local data for @webassemblyjs/helper-wasm-bytecode@https://registry.npmjs.org/@webassemblyjs/helper-wasm-bytecode/-/helper-wasm-bytecode-1.11.1.tgz. Extracting by manifest.
2310 silly tarball no local data for @webassemblyjs/helper-numbers@https://registry.npmjs.org/@webassemblyjs/helper-numbers/-/helper-numbers-1.11.1.tgz. Extracting by manifest.
2311 silly tarball no local data for @webassemblyjs/helper-api-error@https://registry.npmjs.org/@webassemblyjs/helper-api-error/-/helper-api-error-1.11.1.tgz. Extracting by manifest.
2312 silly tarball no local data for @webassemblyjs/helper-buffer@https://registry.npmjs.org/@webassemblyjs/helper-buffer/-/helper-buffer-1.11.1.tgz. Extracting by manifest.
2313 silly tarball no local data for @webassemblyjs/floating-point-hex-parser@https://registry.npmjs.org/@webassemblyjs/floating-point-hex-parser/-/floating-point-hex-parser-1.11.1.tgz. Extracting by manifest.
2314 silly tarball no local data for @webassemblyjs/ast@https://registry.npmjs.org/@webassemblyjs/ast/-/ast-1.11.1.tgz. Extracting by manifest.
2315 silly tarball no local data for @typescript-eslint/visitor-keys@https://registry.npmjs.org/@typescript-eslint/visitor-keys/-/visitor-keys-5.14.0.tgz. Extracting by manifest.
2316 silly tarball no local data for @typescript-eslint/utils@https://registry.npmjs.org/@typescript-eslint/utils/-/utils-5.14.0.tgz. Extracting by manifest.
2317 silly tarball no local data for @typescript-eslint/typescript-estree@https://registry.npmjs.org/@typescript-eslint/typescript-estree/-/typescript-estree-5.14.0.tgz. Extracting by manifest.
2318 silly tarball no local data for @typescript-eslint/types@https://registry.npmjs.org/@typescript-eslint/types/-/types-5.14.0.tgz. Extracting by manifest.
2319 silly tarball no local data for @typescript-eslint/type-utils@https://registry.npmjs.org/@typescript-eslint/type-utils/-/type-utils-5.14.0.tgz. Extracting by manifest.
2320 silly tarball no local data for @typescript-eslint/scope-manager@https://registry.npmjs.org/@typescript-eslint/scope-manager/-/scope-manager-5.14.0.tgz. Extracting by manifest.
2321 silly tarball no local data for @typescript-eslint/experimental-utils@https://registry.npmjs.org/@typescript-eslint/experimental-utils/-/experimental-utils-5.14.0.tgz. Extracting by manifest.
2322 silly tarball no local data for @typescript-eslint/parser@https://registry.npmjs.org/@typescript-eslint/parser/-/parser-5.14.0.tgz. Extracting by manifest.
2323 silly tarball no local data for @typescript-eslint/eslint-plugin@https://registry.npmjs.org/@typescript-eslint/eslint-plugin/-/eslint-plugin-5.14.0.tgz. Extracting by manifest.
2324 silly tarball no local data for @types/yargs-parser@https://registry.npmjs.org/@types/yargs-parser/-/yargs-parser-21.0.0.tgz. Extracting by manifest.
2325 silly tarball no local data for @types/yargs@https://registry.npmjs.org/@types/yargs/-/yargs-16.0.4.tgz. Extracting by manifest.
2326 silly tarball no local data for @webassemblyjs/leb128@https://registry.npmjs.org/@webassemblyjs/leb128/-/leb128-1.11.1.tgz. Extracting by manifest.
2327 silly tarball no local data for @types/ws@https://registry.npmjs.org/@types/ws/-/ws-8.5.2.tgz. Extracting by manifest.
2328 silly tarball no local data for @types/trusted-types@https://registry.npmjs.org/@types/trusted-types/-/trusted-types-2.0.2.tgz. Extracting by manifest.
2329 silly tarball no local data for @types/testing-library__jest-dom@https://registry.npmjs.org/@types/testing-library__jest-dom/-/testing-library__jest-dom-5.14.3.tgz. Extracting by manifest.
2330 silly tarball no local data for @types/serve-static@https://registry.npmjs.org/@types/serve-static/-/serve-static-1.13.10.tgz. Extracting by manifest.
2331 silly tarball no local data for @types/serve-index@https://registry.npmjs.org/@types/serve-index/-/serve-index-1.9.1.tgz. Extracting by manifest.
2332 silly tarball no local data for @types/sockjs@https://registry.npmjs.org/@types/sockjs/-/sockjs-0.3.33.tgz. Extracting by manifest.
2333 silly tarball no local data for @types/stack-utils@https://registry.npmjs.org/@types/stack-utils/-/stack-utils-2.0.1.tgz. Extracting by manifest.
2334 silly tarball no local data for @types/scheduler@https://registry.npmjs.org/@types/scheduler/-/scheduler-0.16.2.tgz. Extracting by manifest.
2335 silly tarball no local data for @types/retry@https://registry.npmjs.org/@types/retry/-/retry-0.12.1.tgz. Extracting by manifest.
2336 silly tarball no local data for @types/react@https://registry.npmjs.org/@types/react/-/react-17.0.40.tgz. Extracting by manifest.
2337 silly tarball no local data for @types/range-parser@https://registry.npmjs.org/@types/range-parser/-/range-parser-1.2.4.tgz. Extracting by manifest.
2338 silly tarball no local data for @types/react-dom@https://registry.npmjs.org/@types/react-dom/-/react-dom-17.0.13.tgz. Extracting by manifest.
2339 silly tarball no local data for @types/resolve@https://registry.npmjs.org/@types/resolve/-/resolve-1.17.1.tgz. Extracting by manifest.
2340 silly tarball no local data for @types/qs@https://registry.npmjs.org/@types/qs/-/qs-6.9.7.tgz. Extracting by manifest.
2341 silly tarball no local data for @types/prop-types@https://registry.npmjs.org/@types/prop-types/-/prop-types-15.7.4.tgz. Extracting by manifest.
2342 silly tarball no local data for @types/node@https://registry.npmjs.org/@types/node/-/node-17.0.21.tgz. Extracting by manifest.
2343 silly tarball no local data for @types/parse-json@https://registry.npmjs.org/@types/parse-json/-/parse-json-4.0.0.tgz. Extracting by manifest.
2344 silly tarball no local data for @types/mime@https://registry.npmjs.org/@types/mime/-/mime-1.3.2.tgz. Extracting by manifest.
2345 silly tarball no local data for @types/q@https://registry.npmjs.org/@types/q/-/q-1.5.5.tgz. Extracting by manifest.
2346 silly tarball no local data for @types/json5@https://registry.npmjs.org/@types/json5/-/json5-0.0.29.tgz. Extracting by manifest.
2347 silly tarball no local data for @types/json-schema@https://registry.npmjs.org/@types/json-schema/-/json-schema-7.0.9.tgz. Extracting by manifest.
2348 silly tarball no local data for @types/long@https://registry.npmjs.org/@types/long/-/long-4.0.2.tgz. Extracting by manifest.
2349 silly tarball no local data for @types/jest@https://registry.npmjs.org/@types/jest/-/jest-27.4.1.tgz. Extracting by manifest.
2350 silly tarball no local data for @types/prettier@https://registry.npmjs.org/@types/prettier/-/prettier-2.4.4.tgz. Extracting by manifest.
2351 silly tarball no local data for @types/istanbul-reports@https://registry.npmjs.org/@types/istanbul-reports/-/istanbul-reports-3.0.1.tgz. Extracting by manifest.
2352 silly tarball no local data for @types/istanbul-lib-report@https://registry.npmjs.org/@types/istanbul-lib-report/-/istanbul-lib-report-3.0.0.tgz. Extracting by manifest.
2353 silly tarball no local data for @types/istanbul-lib-coverage@https://registry.npmjs.org/@types/istanbul-lib-coverage/-/istanbul-lib-coverage-2.0.4.tgz. Extracting by manifest.
2354 silly tarball no local data for @types/http-proxy@https://registry.npmjs.org/@types/http-proxy/-/http-proxy-1.17.8.tgz. Extracting by manifest.
2355 silly tarball no local data for @types/graceful-fs@https://registry.npmjs.org/@types/graceful-fs/-/graceful-fs-4.1.5.tgz. Extracting by manifest.
2356 silly tarball no local data for @types/html-minifier-terser@https://registry.npmjs.org/@types/html-minifier-terser/-/html-minifier-terser-6.1.0.tgz. Extracting by manifest.
2357 silly tarball no local data for @types/express-serve-static-core@https://registry.npmjs.org/@types/express-serve-static-core/-/express-serve-static-core-4.17.28.tgz. Extracting by manifest.
2358 silly tarball no local data for @types/express@https://registry.npmjs.org/@types/express/-/express-4.17.13.tgz. Extracting by manifest.
2359 silly tarball no local data for @types/eslint-scope@https://registry.npmjs.org/@types/eslint-scope/-/eslint-scope-3.7.3.tgz. Extracting by manifest.
2360 silly tarball no local data for @types/eslint@https://registry.npmjs.org/@types/eslint/-/eslint-7.29.0.tgz. Extracting by manifest.
2361 silly tarball no local data for @types/connect-history-api-fallback@https://registry.npmjs.org/@types/connect-history-api-fallback/-/connect-history-api-fallback-1.3.5.tgz. Extracting by manifest.
2362 silly tarball no local data for @types/estree@https://registry.npmjs.org/@types/estree/-/estree-0.0.51.tgz. Extracting by manifest.
2363 silly tarball no local data for @types/connect@https://registry.npmjs.org/@types/connect/-/connect-3.4.35.tgz. Extracting by manifest.
2364 silly tarball no local data for @types/body-parser@https://registry.npmjs.org/@types/body-parser/-/body-parser-1.19.2.tgz. Extracting by manifest.
2365 silly tarball no local data for @types/babel__traverse@https://registry.npmjs.org/@types/babel__traverse/-/babel__traverse-7.14.2.tgz. Extracting by manifest.
2366 silly tarball no local data for @types/babel__template@https://registry.npmjs.org/@types/babel__template/-/babel__template-7.4.1.tgz. Extracting by manifest.
2367 silly tarball no local data for @types/babel__generator@https://registry.npmjs.org/@types/babel__generator/-/babel__generator-7.6.4.tgz. Extracting by manifest.
2368 silly tarball no local data for @types/babel__core@https://registry.npmjs.org/@types/babel__core/-/babel__core-7.1.18.tgz. Extracting by manifest.
2369 silly tarball no local data for @types/aria-query@https://registry.npmjs.org/@types/aria-query/-/aria-query-4.2.2.tgz. Extracting by manifest.
2370 silly tarball no local data for @trysound/sax@https://registry.npmjs.org/@trysound/sax/-/sax-0.2.0.tgz. Extracting by manifest.
2371 silly tarball no local data for @tootallnate/once@https://registry.npmjs.org/@tootallnate/once/-/once-1.1.2.tgz. Extracting by manifest.
2372 silly tarball no local data for @testing-library/user-event@https://registry.npmjs.org/@testing-library/user-event/-/user-event-13.5.0.tgz. Extracting by manifest.
2373 silly tarball no local data for @testing-library/react@https://registry.npmjs.org/@testing-library/react/-/react-12.1.4.tgz. Extracting by manifest.
2374 silly tarball no local data for @testing-library/jest-dom@https://registry.npmjs.org/@testing-library/jest-dom/-/jest-dom-5.16.2.tgz. Extracting by manifest.
2375 silly tarball no local data for @testing-library/dom@https://registry.npmjs.org/@testing-library/dom/-/dom-8.11.3.tgz. Extracting by manifest.
2376 silly tarball no local data for @svgr/webpack@https://registry.npmjs.org/@svgr/webpack/-/webpack-5.5.0.tgz. Extracting by manifest.
2377 silly tarball no local data for @svgr/plugin-svgo@https://registry.npmjs.org/@svgr/plugin-svgo/-/plugin-svgo-5.5.0.tgz. Extracting by manifest.
2378 silly tarball no local data for @types/bonjour@https://registry.npmjs.org/@types/bonjour/-/bonjour-3.5.10.tgz. Extracting by manifest.
2379 silly tarball no local data for @svgr/hast-util-to-babel-ast@https://registry.npmjs.org/@svgr/hast-util-to-babel-ast/-/hast-util-to-babel-ast-5.5.0.tgz. Extracting by manifest.
2380 silly tarball no local data for @svgr/core@https://registry.npmjs.org/@svgr/core/-/core-5.5.0.tgz. Extracting by manifest.
2381 silly tarball no local data for @svgr/babel-preset@https://registry.npmjs.org/@svgr/babel-preset/-/babel-preset-5.5.0.tgz. Extracting by manifest.
2382 silly tarball no local data for @svgr/babel-plugin-transform-svg-component@https://registry.npmjs.org/@svgr/babel-plugin-transform-svg-component/-/babel-plugin-transform-svg-component-5.5.0.tgz. Extracting by manifest.
2383 silly tarball no local data for @svgr/babel-plugin-transform-react-native-svg@https://registry.npmjs.org/@svgr/babel-plugin-transform-react-native-svg/-/babel-plugin-transform-react-native-svg-5.4.0.tgz. Extracting by manifest.
2384 silly tarball no local data for @svgr/babel-plugin-svg-em-dimensions@https://registry.npmjs.org/@svgr/babel-plugin-svg-em-dimensions/-/babel-plugin-svg-em-dimensions-5.4.0.tgz. Extracting by manifest.
2385 silly tarball no local data for @svgr/babel-plugin-replace-jsx-attribute-value@https://registry.npmjs.org/@svgr/babel-plugin-replace-jsx-attribute-value/-/babel-plugin-replace-jsx-attribute-value-5.0.1.tgz. Extracting by manifest.
2386 silly tarball no local data for @svgr/babel-plugin-remove-jsx-empty-expression@https://registry.npmjs.org/@svgr/babel-plugin-remove-jsx-empty-expression/-/babel-plugin-remove-jsx-empty-expression-5.0.1.tgz. Extracting by manifest.
2387 silly tarball no local data for @svgr/plugin-jsx@https://registry.npmjs.org/@svgr/plugin-jsx/-/plugin-jsx-5.5.0.tgz. Extracting by manifest.
2388 silly tarball no local data for @svgr/babel-plugin-svg-dynamic-title@https://registry.npmjs.org/@svgr/babel-plugin-svg-dynamic-title/-/babel-plugin-svg-dynamic-title-5.4.0.tgz. Extracting by manifest.
2389 silly tarball no local data for @svgr/babel-plugin-remove-jsx-attribute@https://registry.npmjs.org/@svgr/babel-plugin-remove-jsx-attribute/-/babel-plugin-remove-jsx-attribute-5.4.0.tgz. Extracting by manifest.
2390 silly tarball no local data for @surma/rollup-plugin-off-main-thread@https://registry.npmjs.org/@surma/rollup-plugin-off-main-thread/-/rollup-plugin-off-main-thread-2.2.3.tgz. Extracting by manifest.
2391 silly tarball no local data for @sinonjs/fake-timers@https://registry.npmjs.org/@sinonjs/fake-timers/-/fake-timers-8.1.0.tgz. Extracting by manifest.
2392 silly tarball no local data for @sinonjs/commons@https://registry.npmjs.org/@sinonjs/commons/-/commons-1.8.3.tgz. Extracting by manifest.
2393 silly tarball no local data for @svgr/babel-plugin-add-jsx-attribute@https://registry.npmjs.org/@svgr/babel-plugin-add-jsx-attribute/-/babel-plugin-add-jsx-attribute-5.4.0.tgz. Extracting by manifest.
2394 silly tarball no local data for @rollup/pluginutils@https://registry.npmjs.org/@rollup/pluginutils/-/pluginutils-3.1.0.tgz. Extracting by manifest.
2395 silly tarball no local data for @rushstack/eslint-patch@https://registry.npmjs.org/@rushstack/eslint-patch/-/eslint-patch-1.1.0.tgz. Extracting by manifest.
2396 silly tarball no local data for @rollup/plugin-babel@https://registry.npmjs.org/@rollup/plugin-babel/-/plugin-babel-5.3.1.tgz. Extracting by manifest.
2397 silly tarball no local data for @protobufjs/utf8@https://registry.npmjs.org/@protobufjs/utf8/-/utf8-1.1.0.tgz. Extracting by manifest.
2398 silly tarball no local data for @protobufjs/pool@https://registry.npmjs.org/@protobufjs/pool/-/pool-1.1.0.tgz. Extracting by manifest.
2399 silly tarball no local data for @rollup/plugin-replace@https://registry.npmjs.org/@rollup/plugin-replace/-/plugin-replace-2.4.2.tgz. Extracting by manifest.
2400 silly tarball no local data for @protobufjs/path@https://registry.npmjs.org/@protobufjs/path/-/path-1.1.2.tgz. Extracting by manifest.
2401 silly tarball no local data for @protobufjs/fetch@https://registry.npmjs.org/@protobufjs/fetch/-/fetch-1.1.0.tgz. Extracting by manifest.
2402 silly tarball no local data for @protobufjs/float@https://registry.npmjs.org/@protobufjs/float/-/float-1.0.2.tgz. Extracting by manifest.
2403 silly tarball no local data for @rollup/plugin-node-resolve@https://registry.npmjs.org/@rollup/plugin-node-resolve/-/plugin-node-resolve-11.2.1.tgz. Extracting by manifest.
2404 silly tarball no local data for @protobufjs/inquire@https://registry.npmjs.org/@protobufjs/inquire/-/inquire-1.1.0.tgz. Extracting by manifest.
2405 silly tarball no local data for @protobufjs/eventemitter@https://registry.npmjs.org/@protobufjs/eventemitter/-/eventemitter-1.1.0.tgz. Extracting by manifest.
2406 silly tarball no local data for @protobufjs/codegen@https://registry.npmjs.org/@protobufjs/codegen/-/codegen-2.0.4.tgz. Extracting by manifest.
2407 silly tarball no local data for @protobufjs/aspromise@https://registry.npmjs.org/@protobufjs/aspromise/-/aspromise-1.1.2.tgz. Extracting by manifest.
2408 silly tarball no local data for @pmmmwh/react-refresh-webpack-plugin@https://registry.npmjs.org/@pmmmwh/react-refresh-webpack-plugin/-/react-refresh-webpack-plugin-0.5.4.tgz. Extracting by manifest.
2409 silly tarball no local data for @nodelib/fs.walk@https://registry.npmjs.org/@nodelib/fs.walk/-/fs.walk-1.2.8.tgz. Extracting by manifest.
2410 silly tarball no local data for @protobufjs/base64@https://registry.npmjs.org/@protobufjs/base64/-/base64-1.1.2.tgz. Extracting by manifest.
2411 silly tarball no local data for @nodelib/fs.stat@https://registry.npmjs.org/@nodelib/fs.stat/-/fs.stat-2.0.5.tgz. Extracting by manifest.
2412 silly tarball no local data for @jridgewell/trace-mapping@https://registry.npmjs.org/@jridgewell/trace-mapping/-/trace-mapping-0.3.4.tgz. Extracting by manifest.
2413 silly tarball no local data for @nodelib/fs.scandir@https://registry.npmjs.org/@nodelib/fs.scandir/-/fs.scandir-2.1.5.tgz. Extracting by manifest.
2414 silly tarball no local data for @jridgewell/sourcemap-codec@https://registry.npmjs.org/@jridgewell/sourcemap-codec/-/sourcemap-codec-1.4.11.tgz. Extracting by manifest.
2415 silly tarball no local data for @jest/types@https://registry.npmjs.org/@jest/types/-/types-27.5.1.tgz. Extracting by manifest.
2416 silly tarball no local data for @jest/transform@https://registry.npmjs.org/@jest/transform/-/transform-27.5.1.tgz. Extracting by manifest.
2417 silly tarball no local data for @jest/test-sequencer@https://registry.npmjs.org/@jest/test-sequencer/-/test-sequencer-27.5.1.tgz. Extracting by manifest.
2418 silly tarball no local data for @jridgewell/resolve-uri@https://registry.npmjs.org/@jridgewell/resolve-uri/-/resolve-uri-3.0.5.tgz. Extracting by manifest.
2419 silly tarball no local data for @jest/source-map@https://registry.npmjs.org/@jest/source-map/-/source-map-27.5.1.tgz. Extracting by manifest.
2420 silly tarball no local data for @jest/reporters@https://registry.npmjs.org/@jest/reporters/-/reporters-27.5.1.tgz. Extracting by manifest.
2421 silly tarball no local data for @jest/test-result@https://registry.npmjs.org/@jest/test-result/-/test-result-27.5.1.tgz. Extracting by manifest.
2422 silly tarball no local data for @jest/fake-timers@https://registry.npmjs.org/@jest/fake-timers/-/fake-timers-27.5.1.tgz. Extracting by manifest.
2423 silly tarball no local data for @jest/globals@https://registry.npmjs.org/@jest/globals/-/globals-27.5.1.tgz. Extracting by manifest.
2424 silly tarball no local data for @jest/environment@https://registry.npmjs.org/@jest/environment/-/environment-27.5.1.tgz. Extracting by manifest.
2425 silly tarball no local data for @jest/console@https://registry.npmjs.org/@jest/console/-/console-27.5.1.tgz. Extracting by manifest.
2426 silly tarball no local data for @istanbuljs/schema@https://registry.npmjs.org/@istanbuljs/schema/-/schema-0.1.3.tgz. Extracting by manifest.
2427 silly tarball no local data for @humanwhocodes/object-schema@https://registry.npmjs.org/@humanwhocodes/object-schema/-/object-schema-1.2.1.tgz. Extracting by manifest.
2428 silly tarball no local data for @humanwhocodes/config-array@https://registry.npmjs.org/@humanwhocodes/config-array/-/config-array-0.9.5.tgz. Extracting by manifest.
2429 silly tarball no local data for @grpc/proto-loader@https://registry.npmjs.org/@grpc/proto-loader/-/proto-loader-0.6.13.tgz. Extracting by manifest.
2430 silly tarball no local data for @grpc/grpc-js@https://registry.npmjs.org/@grpc/grpc-js/-/grpc-js-1.6.7.tgz. Extracting by manifest.
2431 silly tarball no local data for @jest/core@https://registry.npmjs.org/@jest/core/-/core-27.5.1.tgz. Extracting by manifest.
2432 silly tarball no local data for @firebase/webchannel-wrapper@https://registry.npmjs.org/@firebase/webchannel-wrapper/-/webchannel-wrapper-0.6.2.tgz. Extracting by manifest.
2433 silly tarball no local data for @firebase/util@https://registry.npmjs.org/@firebase/util/-/util-1.6.2.tgz. Extracting by manifest.
2434 silly tarball no local data for @firebase/storage-types@https://registry.npmjs.org/@firebase/storage-types/-/storage-types-0.6.0.tgz. Extracting by manifest.
2435 silly tarball no local data for @istanbuljs/load-nyc-config@https://registry.npmjs.org/@istanbuljs/load-nyc-config/-/load-nyc-config-1.1.0.tgz. Extracting by manifest.
2436 silly tarball no local data for @firebase/storage-compat@https://registry.npmjs.org/@firebase/storage-compat/-/storage-compat-0.1.16.tgz. Extracting by manifest.
2437 silly tarball no local data for @firebase/remote-config-types@https://registry.npmjs.org/@firebase/remote-config-types/-/remote-config-types-0.2.0.tgz. Extracting by manifest.
2438 silly tarball no local data for @firebase/remote-config-compat@https://registry.npmjs.org/@firebase/remote-config-compat/-/remote-config-compat-0.1.11.tgz. Extracting by manifest.
2439 silly tarball no local data for @firebase/remote-config@https://registry.npmjs.org/@firebase/remote-config/-/remote-config-0.3.10.tgz. Extracting by manifest.
2440 silly tarball no local data for @firebase/storage@https://registry.npmjs.org/@firebase/storage/-/storage-0.9.8.tgz. Extracting by manifest.
2441 silly tarball no local data for @firebase/polyfill@https://registry.npmjs.org/@firebase/polyfill/-/polyfill-0.3.36.tgz. Extracting by manifest.
2442 silly tarball no local data for @firebase/performance-types@https://registry.npmjs.org/@firebase/performance-types/-/performance-types-0.1.0.tgz. Extracting by manifest.
2443 silly tarball no local data for @firebase/performance@https://registry.npmjs.org/@firebase/performance/-/performance-0.5.11.tgz. Extracting by manifest.
2444 silly tarball no local data for @firebase/messaging-interop-types@https://registry.npmjs.org/@firebase/messaging-interop-types/-/messaging-interop-types-0.1.0.tgz. Extracting by manifest.
2445 silly tarball no local data for @firebase/messaging-compat@https://registry.npmjs.org/@firebase/messaging-compat/-/messaging-compat-0.1.15.tgz. Extracting by manifest.
2446 silly tarball no local data for @firebase/messaging@https://registry.npmjs.org/@firebase/messaging/-/messaging-0.9.15.tgz. Extracting by manifest.
2447 silly tarball no local data for @firebase/performance-compat@https://registry.npmjs.org/@firebase/performance-compat/-/performance-compat-0.1.11.tgz. Extracting by manifest.
2448 silly tarball no local data for @firebase/logger@https://registry.npmjs.org/@firebase/logger/-/logger-0.3.3.tgz. Extracting by manifest.
2449 silly tarball no local data for @firebase/installations@https://registry.npmjs.org/@firebase/installations/-/installations-0.5.11.tgz. Extracting by manifest.
2450 silly tarball no local data for @firebase/functions-compat@https://registry.npmjs.org/@firebase/functions-compat/-/functions-compat-0.2.3.tgz. Extracting by manifest.
2451 silly tarball no local data for @firebase/functions@https://registry.npmjs.org/@firebase/functions/-/functions-0.8.3.tgz. Extracting by manifest.
2452 silly tarball no local data for @firebase/firestore-types@https://registry.npmjs.org/@firebase/firestore-types/-/firestore-types-2.5.0.tgz. Extracting by manifest.
2453 silly tarball no local data for @firebase/functions-types@https://registry.npmjs.org/@firebase/functions-types/-/functions-types-0.5.0.tgz. Extracting by manifest.
2454 silly tarball no local data for @firebase/firestore@https://registry.npmjs.org/@firebase/firestore/-/firestore-3.4.11.tgz. Extracting by manifest.
2455 silly tarball no local data for @firebase/database-types@https://registry.npmjs.org/@firebase/database-types/-/database-types-0.9.10.tgz. Extracting by manifest.
2456 silly tarball no local data for @firebase/firestore-compat@https://registry.npmjs.org/@firebase/firestore-compat/-/firestore-compat-0.1.20.tgz. Extracting by manifest.
2457 silly tarball no local data for @firebase/database@https://registry.npmjs.org/@firebase/database/-/database-0.13.2.tgz. Extracting by manifest.
2458 silly tarball no local data for @firebase/database-compat@https://registry.npmjs.org/@firebase/database-compat/-/database-compat-0.2.2.tgz. Extracting by manifest.
2459 silly tarball no local data for @firebase/component@https://registry.npmjs.org/@firebase/component/-/component-0.5.16.tgz. Extracting by manifest.
2460 silly tarball no local data for @firebase/auth-interop-types@https://registry.npmjs.org/@firebase/auth-interop-types/-/auth-interop-types-0.1.6.tgz. Extracting by manifest.
2461 silly tarball no local data for @firebase/auth-compat@https://registry.npmjs.org/@firebase/auth-compat/-/auth-compat-0.2.17.tgz. Extracting by manifest.
2462 silly tarball no local data for @firebase/auth@https://registry.npmjs.org/@firebase/auth/-/auth-0.20.4.tgz. Extracting by manifest.
2463 silly tarball no local data for @firebase/auth-types@https://registry.npmjs.org/@firebase/auth-types/-/auth-types-0.11.0.tgz. Extracting by manifest.
2464 silly tarball no local data for @firebase/app-compat@https://registry.npmjs.org/@firebase/app-compat/-/app-compat-0.1.28.tgz. Extracting by manifest.
2465 silly tarball no local data for @firebase/app-types@https://registry.npmjs.org/@firebase/app-types/-/app-types-0.7.0.tgz. Extracting by manifest.
2466 silly tarball no local data for @firebase/app-check-interop-types@https://registry.npmjs.org/@firebase/app-check-interop-types/-/app-check-interop-types-0.1.0.tgz. Extracting by manifest.
2467 silly tarball no local data for @firebase/app-check-compat@https://registry.npmjs.org/@firebase/app-check-compat/-/app-check-compat-0.2.10.tgz. Extracting by manifest.
2468 silly tarball no local data for @firebase/app-check@https://registry.npmjs.org/@firebase/app-check/-/app-check-0.5.10.tgz. Extracting by manifest.
2469 silly tarball no local data for @firebase/app@https://registry.npmjs.org/@firebase/app/-/app-0.7.27.tgz. Extracting by manifest.
2470 silly tarball no local data for @firebase/analytics-compat@https://registry.npmjs.org/@firebase/analytics-compat/-/analytics-compat-0.1.12.tgz. Extracting by manifest.
2471 silly tarball no local data for @firebase/analytics@https://registry.npmjs.org/@firebase/analytics/-/analytics-0.7.11.tgz. Extracting by manifest.
2472 silly tarball no local data for @eslint/eslintrc@https://registry.npmjs.org/@eslint/eslintrc/-/eslintrc-1.2.0.tgz. Extracting by manifest.
2473 silly tarball no local data for @firebase/app-check-types@https://registry.npmjs.org/@firebase/app-check-types/-/app-check-types-0.4.0.tgz. Extracting by manifest.
2474 silly tarball no local data for @csstools/postcss-progressive-custom-properties@https://registry.npmjs.org/@csstools/postcss-progressive-custom-properties/-/postcss-progressive-custom-properties-1.3.0.tgz. Extracting by manifest.
2475 silly tarball no local data for @firebase/analytics-types@https://registry.npmjs.org/@firebase/analytics-types/-/analytics-types-0.7.0.tgz. Extracting by manifest.
2476 silly tarball no local data for @csstools/postcss-oklab-function@https://registry.npmjs.org/@csstools/postcss-oklab-function/-/postcss-oklab-function-1.0.2.tgz. Extracting by manifest.
2477 silly tarball no local data for @csstools/postcss-normalize-display-values@https://registry.npmjs.org/@csstools/postcss-normalize-display-values/-/postcss-normalize-display-values-1.0.0.tgz. Extracting by manifest.
2478 silly tarball no local data for @csstools/postcss-ic-unit@https://registry.npmjs.org/@csstools/postcss-ic-unit/-/postcss-ic-unit-1.0.0.tgz. Extracting by manifest.
2479 silly tarball no local data for @csstools/postcss-is-pseudo-class@https://registry.npmjs.org/@csstools/postcss-is-pseudo-class/-/postcss-is-pseudo-class-2.0.1.tgz. Extracting by manifest.
2480 silly tarball no local data for @csstools/postcss-hwb-function@https://registry.npmjs.org/@csstools/postcss-hwb-function/-/postcss-hwb-function-1.0.0.tgz. Extracting by manifest.
2481 silly tarball no local data for @csstools/postcss-font-format-keywords@https://registry.npmjs.org/@csstools/postcss-font-format-keywords/-/postcss-font-format-keywords-1.0.0.tgz. Extracting by manifest.
2482 silly tarball no local data for @bcoe/v8-coverage@https://registry.npmjs.org/@bcoe/v8-coverage/-/v8-coverage-0.2.3.tgz. Extracting by manifest.
2483 silly tarball no local data for @babel/types@https://registry.npmjs.org/@babel/types/-/types-7.17.0.tgz. Extracting by manifest.
2484 silly tarball no local data for @babel/traverse@https://registry.npmjs.org/@babel/traverse/-/traverse-7.17.3.tgz. Extracting by manifest.
2485 silly tarball no local data for @csstools/postcss-color-function@https://registry.npmjs.org/@csstools/postcss-color-function/-/postcss-color-function-1.0.3.tgz. Extracting by manifest.
2486 silly tarball no local data for @babel/template@https://registry.npmjs.org/@babel/template/-/template-7.16.7.tgz. Extracting by manifest.
2487 silly tarball no local data for @babel/runtime-corejs3@https://registry.npmjs.org/@babel/runtime-corejs3/-/runtime-corejs3-7.17.2.tgz. Extracting by manifest.
2488 silly tarball no local data for @babel/runtime@https://registry.npmjs.org/@babel/runtime/-/runtime-7.17.2.tgz. Extracting by manifest.
2489 silly tarball no local data for @babel/preset-react@https://registry.npmjs.org/@babel/preset-react/-/preset-react-7.16.7.tgz. Extracting by manifest.
2490 silly tarball no local data for @csstools/normalize.css@https://registry.npmjs.org/@csstools/normalize.css/-/normalize.css-12.0.0.tgz. Extracting by manifest.
2491 silly tarball no local data for @babel/preset-modules@https://registry.npmjs.org/@babel/preset-modules/-/preset-modules-0.1.5.tgz. Extracting by manifest.
2492 silly tarball no local data for @babel/preset-typescript@https://registry.npmjs.org/@babel/preset-typescript/-/preset-typescript-7.16.7.tgz. Extracting by manifest.
2493 silly tarball no local data for @babel/preset-env@https://registry.npmjs.org/@babel/preset-env/-/preset-env-7.16.11.tgz. Extracting by manifest.
2494 silly tarball no local data for @babel/plugin-transform-unicode-escapes@https://registry.npmjs.org/@babel/plugin-transform-unicode-escapes/-/plugin-transform-unicode-escapes-7.16.7.tgz. Extracting by manifest.
2495 silly tarball no local data for @babel/plugin-transform-unicode-regex@https://registry.npmjs.org/@babel/plugin-transform-unicode-regex/-/plugin-transform-unicode-regex-7.16.7.tgz. Extracting by manifest.
2496 silly tarball no local data for @babel/plugin-transform-typescript@https://registry.npmjs.org/@babel/plugin-transform-typescript/-/plugin-transform-typescript-7.16.8.tgz. Extracting by manifest.
2497 silly tarball no local data for @babel/plugin-transform-typeof-symbol@https://registry.npmjs.org/@babel/plugin-transform-typeof-symbol/-/plugin-transform-typeof-symbol-7.16.7.tgz. Extracting by manifest.
2498 silly tarball no local data for @babel/plugin-transform-sticky-regex@https://registry.npmjs.org/@babel/plugin-transform-sticky-regex/-/plugin-transform-sticky-regex-7.16.7.tgz. Extracting by manifest.
2499 silly tarball no local data for @babel/plugin-transform-template-literals@https://registry.npmjs.org/@babel/plugin-transform-template-literals/-/plugin-transform-template-literals-7.16.7.tgz. Extracting by manifest.
2500 silly tarball no local data for @babel/plugin-transform-spread@https://registry.npmjs.org/@babel/plugin-transform-spread/-/plugin-transform-spread-7.16.7.tgz. Extracting by manifest.
2501 silly tarball no local data for @babel/plugin-transform-shorthand-properties@https://registry.npmjs.org/@babel/plugin-transform-shorthand-properties/-/plugin-transform-shorthand-properties-7.16.7.tgz. Extracting by manifest.
2502 silly tarball no local data for @babel/plugin-transform-runtime@https://registry.npmjs.org/@babel/plugin-transform-runtime/-/plugin-transform-runtime-7.17.0.tgz. Extracting by manifest.
2503 silly tarball no local data for @babel/plugin-transform-reserved-words@https://registry.npmjs.org/@babel/plugin-transform-reserved-words/-/plugin-transform-reserved-words-7.16.7.tgz. Extracting by manifest.
2504 silly tarball no local data for @babel/plugin-transform-regenerator@https://registry.npmjs.org/@babel/plugin-transform-regenerator/-/plugin-transform-regenerator-7.16.7.tgz. Extracting by manifest.
2505 silly tarball no local data for @babel/plugin-transform-react-jsx@https://registry.npmjs.org/@babel/plugin-transform-react-jsx/-/plugin-transform-react-jsx-7.17.3.tgz. Extracting by manifest.
2506 silly tarball no local data for @babel/plugin-transform-react-pure-annotations@https://registry.npmjs.org/@babel/plugin-transform-react-pure-annotations/-/plugin-transform-react-pure-annotations-7.16.7.tgz. Extracting by manifest.
2507 silly tarball no local data for @babel/plugin-transform-react-jsx-development@https://registry.npmjs.org/@babel/plugin-transform-react-jsx-development/-/plugin-transform-react-jsx-development-7.16.7.tgz. Extracting by manifest.
2508 silly tarball no local data for @babel/plugin-transform-react-constant-elements@https://registry.npmjs.org/@babel/plugin-transform-react-constant-elements/-/plugin-transform-react-constant-elements-7.17.6.tgz. Extracting by manifest.
2509 silly tarball no local data for @babel/plugin-transform-property-literals@https://registry.npmjs.org/@babel/plugin-transform-property-literals/-/plugin-transform-property-literals-7.16.7.tgz. Extracting by manifest.
2510 silly tarball no local data for @babel/plugin-transform-parameters@https://registry.npmjs.org/@babel/plugin-transform-parameters/-/plugin-transform-parameters-7.16.7.tgz. Extracting by manifest.
2511 silly tarball no local data for @babel/plugin-transform-object-super@https://registry.npmjs.org/@babel/plugin-transform-object-super/-/plugin-transform-object-super-7.16.7.tgz. Extracting by manifest.
2512 silly tarball no local data for @babel/plugin-transform-named-capturing-groups-regex@https://registry.npmjs.org/@babel/plugin-transform-named-capturing-groups-regex/-/plugin-transform-named-capturing-groups-regex-7.16.8.tgz. Extracting by manifest.
2513 silly tarball no local data for @babel/plugin-transform-react-display-name@https://registry.npmjs.org/@babel/plugin-transform-react-display-name/-/plugin-transform-react-display-name-7.16.7.tgz. Extracting by manifest.
2514 silly tarball no local data for @babel/plugin-transform-modules-umd@https://registry.npmjs.org/@babel/plugin-transform-modules-umd/-/plugin-transform-modules-umd-7.16.7.tgz. Extracting by manifest.
2515 silly tarball no local data for @babel/plugin-transform-new-target@https://registry.npmjs.org/@babel/plugin-transform-new-target/-/plugin-transform-new-target-7.16.7.tgz. Extracting by manifest.
2516 silly tarball no local data for @babel/plugin-transform-modules-amd@https://registry.npmjs.org/@babel/plugin-transform-modules-amd/-/plugin-transform-modules-amd-7.16.7.tgz. Extracting by manifest.
2517 silly tarball no local data for @babel/plugin-transform-modules-commonjs@https://registry.npmjs.org/@babel/plugin-transform-modules-commonjs/-/plugin-transform-modules-commonjs-7.16.8.tgz. Extracting by manifest.
2518 silly tarball no local data for @babel/plugin-transform-member-expression-literals@https://registry.npmjs.org/@babel/plugin-transform-member-expression-literals/-/plugin-transform-member-expression-literals-7.16.7.tgz. Extracting by manifest.
2519 silly tarball no local data for @babel/plugin-transform-literals@https://registry.npmjs.org/@babel/plugin-transform-literals/-/plugin-transform-literals-7.16.7.tgz. Extracting by manifest.
2520 silly tarball no local data for @babel/plugin-transform-function-name@https://registry.npmjs.org/@babel/plugin-transform-function-name/-/plugin-transform-function-name-7.16.7.tgz. Extracting by manifest.
2521 silly tarball no local data for @babel/plugin-transform-flow-strip-types@https://registry.npmjs.org/@babel/plugin-transform-flow-strip-types/-/plugin-transform-flow-strip-types-7.16.7.tgz. Extracting by manifest.
2522 silly tarball no local data for @babel/plugin-transform-modules-systemjs@https://registry.npmjs.org/@babel/plugin-transform-modules-systemjs/-/plugin-transform-modules-systemjs-7.16.7.tgz. Extracting by manifest.
2523 silly tarball no local data for @babel/plugin-transform-for-of@https://registry.npmjs.org/@babel/plugin-transform-for-of/-/plugin-transform-for-of-7.16.7.tgz. Extracting by manifest.
2524 silly tarball no local data for @babel/plugin-transform-exponentiation-operator@https://registry.npmjs.org/@babel/plugin-transform-exponentiation-operator/-/plugin-transform-exponentiation-operator-7.16.7.tgz. Extracting by manifest.
2525 silly tarball no local data for @babel/plugin-transform-dotall-regex@https://registry.npmjs.org/@babel/plugin-transform-dotall-regex/-/plugin-transform-dotall-regex-7.16.7.tgz. Extracting by manifest.
2526 silly tarball no local data for @babel/plugin-transform-destructuring@https://registry.npmjs.org/@babel/plugin-transform-destructuring/-/plugin-transform-destructuring-7.17.3.tgz. Extracting by manifest.
2527 silly tarball no local data for @babel/plugin-transform-computed-properties@https://registry.npmjs.org/@babel/plugin-transform-computed-properties/-/plugin-transform-computed-properties-7.16.7.tgz. Extracting by manifest.
2528 silly tarball no local data for @babel/plugin-transform-duplicate-keys@https://registry.npmjs.org/@babel/plugin-transform-duplicate-keys/-/plugin-transform-duplicate-keys-7.16.7.tgz. Extracting by manifest.
2529 silly tarball no local data for @babel/plugin-transform-classes@https://registry.npmjs.org/@babel/plugin-transform-classes/-/plugin-transform-classes-7.16.7.tgz. Extracting by manifest.
2530 silly tarball no local data for @babel/plugin-transform-block-scoping@https://registry.npmjs.org/@babel/plugin-transform-block-scoping/-/plugin-transform-block-scoping-7.16.7.tgz. Extracting by manifest.
2531 silly tarball no local data for @babel/plugin-transform-block-scoped-functions@https://registry.npmjs.org/@babel/plugin-transform-block-scoped-functions/-/plugin-transform-block-scoped-functions-7.16.7.tgz. Extracting by manifest.
2532 silly tarball no local data for @babel/plugin-transform-async-to-generator@https://registry.npmjs.org/@babel/plugin-transform-async-to-generator/-/plugin-transform-async-to-generator-7.16.8.tgz. Extracting by manifest.
2533 silly tarball no local data for @babel/plugin-transform-arrow-functions@https://registry.npmjs.org/@babel/plugin-transform-arrow-functions/-/plugin-transform-arrow-functions-7.16.7.tgz. Extracting by manifest.
2534 silly tarball no local data for @babel/plugin-syntax-typescript@https://registry.npmjs.org/@babel/plugin-syntax-typescript/-/plugin-syntax-typescript-7.16.7.tgz. Extracting by manifest.
2535 silly tarball no local data for @babel/plugin-syntax-top-level-await@https://registry.npmjs.org/@babel/plugin-syntax-top-level-await/-/plugin-syntax-top-level-await-7.14.5.tgz. Extracting by manifest.
2536 silly tarball no local data for @babel/plugin-syntax-optional-catch-binding@https://registry.npmjs.org/@babel/plugin-syntax-optional-catch-binding/-/plugin-syntax-optional-catch-binding-7.8.3.tgz. Extracting by manifest.
2537 silly tarball no local data for @babel/plugin-syntax-object-rest-spread@https://registry.npmjs.org/@babel/plugin-syntax-object-rest-spread/-/plugin-syntax-object-rest-spread-7.8.3.tgz. Extracting by manifest.
2538 silly tarball no local data for @babel/plugin-syntax-numeric-separator@https://registry.npmjs.org/@babel/plugin-syntax-numeric-separator/-/plugin-syntax-numeric-separator-7.10.4.tgz. Extracting by manifest.
2539 silly tarball no local data for @babel/plugin-syntax-optional-chaining@https://registry.npmjs.org/@babel/plugin-syntax-optional-chaining/-/plugin-syntax-optional-chaining-7.8.3.tgz. Extracting by manifest.
2540 silly tarball no local data for @babel/plugin-syntax-nullish-coalescing-operator@https://registry.npmjs.org/@babel/plugin-syntax-nullish-coalescing-operator/-/plugin-syntax-nullish-coalescing-operator-7.8.3.tgz. Extracting by manifest.
2541 silly tarball no local data for @babel/plugin-syntax-logical-assignment-operators@https://registry.npmjs.org/@babel/plugin-syntax-logical-assignment-operators/-/plugin-syntax-logical-assignment-operators-7.10.4.tgz. Extracting by manifest.
2542 silly tarball no local data for @babel/plugin-syntax-json-strings@https://registry.npmjs.org/@babel/plugin-syntax-json-strings/-/plugin-syntax-json-strings-7.8.3.tgz. Extracting by manifest.
2543 silly tarball no local data for @babel/plugin-syntax-import-meta@https://registry.npmjs.org/@babel/plugin-syntax-import-meta/-/plugin-syntax-import-meta-7.10.4.tgz. Extracting by manifest.
2544 silly tarball no local data for @babel/plugin-syntax-private-property-in-object@https://registry.npmjs.org/@babel/plugin-syntax-private-property-in-object/-/plugin-syntax-private-property-in-object-7.14.5.tgz. Extracting by manifest.
2545 silly tarball no local data for @babel/plugin-syntax-flow@https://registry.npmjs.org/@babel/plugin-syntax-flow/-/plugin-syntax-flow-7.16.7.tgz. Extracting by manifest.
2546 silly tarball no local data for @babel/plugin-syntax-jsx@https://registry.npmjs.org/@babel/plugin-syntax-jsx/-/plugin-syntax-jsx-7.16.7.tgz. Extracting by manifest.
2547 silly tarball no local data for @babel/plugin-syntax-export-namespace-from@https://registry.npmjs.org/@babel/plugin-syntax-export-namespace-from/-/plugin-syntax-export-namespace-from-7.8.3.tgz. Extracting by manifest.
2548 silly tarball no local data for @babel/plugin-syntax-dynamic-import@https://registry.npmjs.org/@babel/plugin-syntax-dynamic-import/-/plugin-syntax-dynamic-import-7.8.3.tgz. Extracting by manifest.
2549 silly tarball no local data for @babel/plugin-syntax-decorators@https://registry.npmjs.org/@babel/plugin-syntax-decorators/-/plugin-syntax-decorators-7.17.0.tgz. Extracting by manifest.
2550 silly tarball no local data for @babel/plugin-syntax-class-properties@https://registry.npmjs.org/@babel/plugin-syntax-class-properties/-/plugin-syntax-class-properties-7.12.13.tgz. Extracting by manifest.
2551 silly tarball no local data for @babel/plugin-syntax-bigint@https://registry.npmjs.org/@babel/plugin-syntax-bigint/-/plugin-syntax-bigint-7.8.3.tgz. Extracting by manifest.
2552 silly tarball no local data for @babel/plugin-syntax-async-generators@https://registry.npmjs.org/@babel/plugin-syntax-async-generators/-/plugin-syntax-async-generators-7.8.4.tgz. Extracting by manifest.
2553 silly tarball no local data for @babel/plugin-proposal-unicode-property-regex@https://registry.npmjs.org/@babel/plugin-proposal-unicode-property-regex/-/plugin-proposal-unicode-property-regex-7.16.7.tgz. Extracting by manifest.
2554 silly tarball no local data for @babel/plugin-proposal-private-property-in-object@https://registry.npmjs.org/@babel/plugin-proposal-private-property-in-object/-/plugin-proposal-private-property-in-object-7.16.7.tgz. Extracting by manifest.
2555 silly tarball no local data for @babel/plugin-proposal-private-methods@https://registry.npmjs.org/@babel/plugin-proposal-private-methods/-/plugin-proposal-private-methods-7.16.11.tgz. Extracting by manifest.
2556 silly tarball no local data for @babel/plugin-proposal-optional-chaining@https://registry.npmjs.org/@babel/plugin-proposal-optional-chaining/-/plugin-proposal-optional-chaining-7.16.7.tgz. Extracting by manifest.
2557 silly tarball no local data for @babel/plugin-proposal-optional-catch-binding@https://registry.npmjs.org/@babel/plugin-proposal-optional-catch-binding/-/plugin-proposal-optional-catch-binding-7.16.7.tgz. Extracting by manifest.
2558 silly tarball no local data for @babel/plugin-proposal-object-rest-spread@https://registry.npmjs.org/@babel/plugin-proposal-object-rest-spread/-/plugin-proposal-object-rest-spread-7.17.3.tgz. Extracting by manifest.
2559 silly tarball no local data for @babel/plugin-syntax-class-static-block@https://registry.npmjs.org/@babel/plugin-syntax-class-static-block/-/plugin-syntax-class-static-block-7.14.5.tgz. Extracting by manifest.
2560 silly tarball no local data for @babel/plugin-proposal-numeric-separator@https://registry.npmjs.org/@babel/plugin-proposal-numeric-separator/-/plugin-proposal-numeric-separator-7.16.7.tgz. Extracting by manifest.
2561 silly tarball no local data for @babel/plugin-proposal-json-strings@https://registry.npmjs.org/@babel/plugin-proposal-json-strings/-/plugin-proposal-json-strings-7.16.7.tgz. Extracting by manifest.
2562 silly tarball no local data for @babel/plugin-proposal-export-namespace-from@https://registry.npmjs.org/@babel/plugin-proposal-export-namespace-from/-/plugin-proposal-export-namespace-from-7.16.7.tgz. Extracting by manifest.
2563 silly tarball no local data for @babel/plugin-proposal-dynamic-import@https://registry.npmjs.org/@babel/plugin-proposal-dynamic-import/-/plugin-proposal-dynamic-import-7.16.7.tgz. Extracting by manifest.
2564 silly tarball no local data for @babel/plugin-proposal-decorators@https://registry.npmjs.org/@babel/plugin-proposal-decorators/-/plugin-proposal-decorators-7.17.2.tgz. Extracting by manifest.
2565 silly tarball no local data for @babel/plugin-proposal-class-static-block@https://registry.npmjs.org/@babel/plugin-proposal-class-static-block/-/plugin-proposal-class-static-block-7.17.6.tgz. Extracting by manifest.
2566 silly tarball no local data for @babel/plugin-proposal-logical-assignment-operators@https://registry.npmjs.org/@babel/plugin-proposal-logical-assignment-operators/-/plugin-proposal-logical-assignment-operators-7.16.7.tgz. Extracting by manifest.
2567 silly tarball no local data for @babel/plugin-proposal-async-generator-functions@https://registry.npmjs.org/@babel/plugin-proposal-async-generator-functions/-/plugin-proposal-async-generator-functions-7.16.8.tgz. Extracting by manifest.
2568 silly tarball no local data for @babel/plugin-proposal-class-properties@https://registry.npmjs.org/@babel/plugin-proposal-class-properties/-/plugin-proposal-class-properties-7.16.7.tgz. Extracting by manifest.
2569 silly tarball no local data for @babel/plugin-bugfix-safari-id-destructuring-collision-in-function-expression@https://registry.npmjs.org/@babel/plugin-bugfix-safari-id-destructuring-collision-in-function-expression/-/plugin-bugfix-safari-id-destructuring-collision-in-function-expression-7.16.7.tgz. Extracting by manifest.
2570 silly tarball no local data for @babel/plugin-proposal-nullish-coalescing-operator@https://registry.npmjs.org/@babel/plugin-proposal-nullish-coalescing-operator/-/plugin-proposal-nullish-coalescing-operator-7.16.7.tgz. Extracting by manifest.
2571 silly tarball no local data for @babel/helpers@https://registry.npmjs.org/@babel/helpers/-/helpers-7.17.2.tgz. Extracting by manifest.
2572 silly tarball no local data for @babel/plugin-bugfix-v8-spread-parameters-in-optional-chaining@https://registry.npmjs.org/@babel/plugin-bugfix-v8-spread-parameters-in-optional-chaining/-/plugin-bugfix-v8-spread-parameters-in-optional-chaining-7.16.7.tgz. Extracting by manifest.
2573 silly tarball no local data for @babel/highlight@https://registry.npmjs.org/@babel/highlight/-/highlight-7.16.10.tgz. Extracting by manifest.
2574 silly tarball no local data for @babel/parser@https://registry.npmjs.org/@babel/parser/-/parser-7.17.3.tgz. Extracting by manifest.
2575 silly tarball no local data for @babel/helper-validator-option@https://registry.npmjs.org/@babel/helper-validator-option/-/helper-validator-option-7.16.7.tgz. Extracting by manifest.
2576 silly tarball no local data for @babel/helper-validator-identifier@https://registry.npmjs.org/@babel/helper-validator-identifier/-/helper-validator-identifier-7.16.7.tgz. Extracting by manifest.
2577 silly tarball no local data for @babel/helper-split-export-declaration@https://registry.npmjs.org/@babel/helper-split-export-declaration/-/helper-split-export-declaration-7.16.7.tgz. Extracting by manifest.
2578 silly tarball no local data for @babel/helper-simple-access@https://registry.npmjs.org/@babel/helper-simple-access/-/helper-simple-access-7.16.7.tgz. Extracting by manifest.
2579 silly tarball no local data for @babel/helper-skip-transparent-expression-wrappers@https://registry.npmjs.org/@babel/helper-skip-transparent-expression-wrappers/-/helper-skip-transparent-expression-wrappers-7.16.0.tgz. Extracting by manifest.
2580 silly tarball no local data for @babel/helper-replace-supers@https://registry.npmjs.org/@babel/helper-replace-supers/-/helper-replace-supers-7.16.7.tgz. Extracting by manifest.
2581 silly tarball no local data for @babel/helper-wrap-function@https://registry.npmjs.org/@babel/helper-wrap-function/-/helper-wrap-function-7.16.8.tgz. Extracting by manifest.
2582 silly tarball no local data for @babel/helper-plugin-utils@https://registry.npmjs.org/@babel/helper-plugin-utils/-/helper-plugin-utils-7.16.7.tgz. Extracting by manifest.
2583 silly tarball no local data for @babel/helper-remap-async-to-generator@https://registry.npmjs.org/@babel/helper-remap-async-to-generator/-/helper-remap-async-to-generator-7.16.8.tgz. Extracting by manifest.
2584 silly tarball no local data for @babel/helper-optimise-call-expression@https://registry.npmjs.org/@babel/helper-optimise-call-expression/-/helper-optimise-call-expression-7.16.7.tgz. Extracting by manifest.
2585 silly tarball no local data for @babel/helper-module-transforms@https://registry.npmjs.org/@babel/helper-module-transforms/-/helper-module-transforms-7.17.6.tgz. Extracting by manifest.
2586 silly tarball no local data for @babel/helper-module-imports@https://registry.npmjs.org/@babel/helper-module-imports/-/helper-module-imports-7.16.7.tgz. Extracting by manifest.
2587 silly tarball no local data for @babel/helper-member-expression-to-functions@https://registry.npmjs.org/@babel/helper-member-expression-to-functions/-/helper-member-expression-to-functions-7.16.7.tgz. Extracting by manifest.
2588 silly tarball no local data for @babel/helper-hoist-variables@https://registry.npmjs.org/@babel/helper-hoist-variables/-/helper-hoist-variables-7.16.7.tgz. Extracting by manifest.
2589 silly tarball no local data for @babel/helper-get-function-arity@https://registry.npmjs.org/@babel/helper-get-function-arity/-/helper-get-function-arity-7.16.7.tgz. Extracting by manifest.
2590 silly tarball no local data for @babel/helper-explode-assignable-expression@https://registry.npmjs.org/@babel/helper-explode-assignable-expression/-/helper-explode-assignable-expression-7.16.7.tgz. Extracting by manifest.
2591 silly tarball no local data for @babel/helper-environment-visitor@https://registry.npmjs.org/@babel/helper-environment-visitor/-/helper-environment-visitor-7.16.7.tgz. Extracting by manifest.
2592 silly tarball no local data for @babel/helper-create-regexp-features-plugin@https://registry.npmjs.org/@babel/helper-create-regexp-features-plugin/-/helper-create-regexp-features-plugin-7.17.0.tgz. Extracting by manifest.
2593 silly tarball no local data for @babel/helper-define-polyfill-provider@https://registry.npmjs.org/@babel/helper-define-polyfill-provider/-/helper-define-polyfill-provider-0.3.1.tgz. Extracting by manifest.
2594 silly tarball no local data for @babel/helper-create-class-features-plugin@https://registry.npmjs.org/@babel/helper-create-class-features-plugin/-/helper-create-class-features-plugin-7.17.6.tgz. Extracting by manifest.
2595 silly tarball no local data for @babel/helper-function-name@https://registry.npmjs.org/@babel/helper-function-name/-/helper-function-name-7.16.7.tgz. Extracting by manifest.
2596 silly tarball no local data for @babel/helper-annotate-as-pure@https://registry.npmjs.org/@babel/helper-annotate-as-pure/-/helper-annotate-as-pure-7.16.7.tgz. Extracting by manifest.
2597 silly tarball no local data for @babel/generator@https://registry.npmjs.org/@babel/generator/-/generator-7.17.3.tgz. Extracting by manifest.
2598 silly tarball no local data for @babel/eslint-parser@https://registry.npmjs.org/@babel/eslint-parser/-/eslint-parser-7.17.0.tgz. Extracting by manifest.
2599 silly tarball no local data for @babel/core@https://registry.npmjs.org/@babel/core/-/core-7.17.5.tgz. Extracting by manifest.
2600 silly tarball no local data for @babel/helper-builder-binary-assignment-operator-visitor@https://registry.npmjs.org/@babel/helper-builder-binary-assignment-operator-visitor/-/helper-builder-binary-assignment-operator-visitor-7.16.7.tgz. Extracting by manifest.
2601 silly tarball no local data for @babel/compat-data@https://registry.npmjs.org/@babel/compat-data/-/compat-data-7.17.0.tgz. Extracting by manifest.
2602 silly tarball no local data for @ampproject/remapping@https://registry.npmjs.org/@ampproject/remapping/-/remapping-2.1.2.tgz. Extracting by manifest.
2603 silly tarball no local data for @babel/code-frame@https://registry.npmjs.org/@babel/code-frame/-/code-frame-7.16.7.tgz. Extracting by manifest.
2604 silly tarball no local data for webpack-sources@https://registry.npmjs.org/webpack-sources/-/webpack-sources-1.4.3.tgz. Extracting by manifest.
2605 silly tarball no local data for source-map@https://registry.npmjs.org/source-map/-/source-map-0.6.1.tgz. Extracting by manifest.
2606 silly tarball no local data for @babel/helper-compilation-targets@https://registry.npmjs.org/@babel/helper-compilation-targets/-/helper-compilation-targets-7.16.7.tgz. Extracting by manifest.
2607 silly tarball no local data for color-name@https://registry.npmjs.org/color-name/-/color-name-1.1.4.tgz. Extracting by manifest.
2608 silly tarball no local data for whatwg-url@https://registry.npmjs.org/whatwg-url/-/whatwg-url-7.1.0.tgz. Extracting by manifest.
2609 silly tarball no local data for ansi-styles@https://registry.npmjs.org/ansi-styles/-/ansi-styles-4.3.0.tgz. Extracting by manifest.
2610 silly tarball no local data for color-convert@https://registry.npmjs.org/color-convert/-/color-convert-2.0.1.tgz. Extracting by manifest.
2611 silly tarball no local data for webidl-conversions@https://registry.npmjs.org/webidl-conversions/-/webidl-conversions-4.0.2.tgz. Extracting by manifest.
2612 silly tarball no local data for source-map@https://registry.npmjs.org/source-map/-/source-map-0.8.0-beta.0.tgz. Extracting by manifest.
2613 silly tarball no local data for json-schema-traverse@https://registry.npmjs.org/json-schema-traverse/-/json-schema-traverse-1.0.0.tgz. Extracting by manifest.
2614 silly tarball no local data for fs-extra@https://registry.npmjs.org/fs-extra/-/fs-extra-9.1.0.tgz. Extracting by manifest.
2615 silly tarball no local data for tr46@https://registry.npmjs.org/tr46/-/tr46-1.0.1.tgz. Extracting by manifest.
2616 silly tarball no local data for ajv@https://registry.npmjs.org/ajv/-/ajv-8.10.0.tgz. Extracting by manifest.
2617 silly tarball no local data for @apideck/better-ajv-errors@https://registry.npmjs.org/@apideck/better-ajv-errors/-/better-ajv-errors-0.3.3.tgz. Extracting by manifest.
2618 silly tarball no local data for source-map@https://registry.npmjs.org/source-map/-/source-map-0.6.1.tgz. Extracting by manifest.
2619 silly tarball no local data for ws@https://registry.npmjs.org/ws/-/ws-8.5.0.tgz. Extracting by manifest.
2620 silly tarball no local data for strip-ansi@https://registry.npmjs.org/strip-ansi/-/strip-ansi-7.0.1.tgz. Extracting by manifest.
2621 silly tarball no local data for schema-utils@https://registry.npmjs.org/schema-utils/-/schema-utils-4.0.0.tgz. Extracting by manifest.
2622 silly tarball no local data for iconv-lite@https://registry.npmjs.org/iconv-lite/-/iconv-lite-0.4.24.tgz. Extracting by manifest.
2623 silly tarball no local data for json-schema-traverse@https://registry.npmjs.org/json-schema-traverse/-/json-schema-traverse-1.0.0.tgz. Extracting by manifest.
2624 silly tarball no local data for ajv-keywords@https://registry.npmjs.org/ajv-keywords/-/ajv-keywords-5.1.0.tgz. Extracting by manifest.
2625 silly tarball no local data for webpack-sources@https://registry.npmjs.org/webpack-sources/-/webpack-sources-2.3.1.tgz. Extracting by manifest.
2626 silly tarball no local data for ajv@https://registry.npmjs.org/ajv/-/ajv-8.10.0.tgz. Extracting by manifest.
2627 silly tarball no local data for schema-utils@https://registry.npmjs.org/schema-utils/-/schema-utils-4.0.0.tgz. Extracting by manifest.
2628 silly tarball no local data for json-schema-traverse@https://registry.npmjs.org/json-schema-traverse/-/json-schema-traverse-1.0.0.tgz. Extracting by manifest.
2629 silly tarball no local data for ajv-keywords@https://registry.npmjs.org/ajv-keywords/-/ajv-keywords-5.1.0.tgz. Extracting by manifest.
2630 silly tarball no local data for ansi-regex@https://registry.npmjs.org/ansi-regex/-/ansi-regex-6.0.1.tgz. Extracting by manifest.
2631 silly tarball no local data for ajv@https://registry.npmjs.org/ajv/-/ajv-8.10.0.tgz. Extracting by manifest.
2632 silly tarball no local data for eslint-scope@https://registry.npmjs.org/eslint-scope/-/eslint-scope-5.1.1.tgz. Extracting by manifest.
2633 silly tarball no local data for estraverse@https://registry.npmjs.org/estraverse/-/estraverse-4.3.0.tgz. Extracting by manifest.
2634 silly tarball no local data for tslib@https://registry.npmjs.org/tslib/-/tslib-1.14.1.tgz. Extracting by manifest.
2635 silly tarball no local data for json5@https://registry.npmjs.org/json5/-/json5-1.0.1.tgz. Extracting by manifest.
2636 silly tarball no local data for universalify@https://registry.npmjs.org/universalify/-/universalify-0.1.2.tgz. Extracting by manifest.
2637 silly tarball no local data for source-map@https://registry.npmjs.org/source-map/-/source-map-0.7.3.tgz. Extracting by manifest.
2638 silly tarball no local data for strip-bom@https://registry.npmjs.org/strip-bom/-/strip-bom-3.0.0.tgz. Extracting by manifest.
2639 silly tarball no local data for source-map@https://registry.npmjs.org/source-map/-/source-map-0.7.3.tgz. Extracting by manifest.
2640 silly tarball no local data for commander@https://registry.npmjs.org/commander/-/commander-2.20.3.tgz. Extracting by manifest.
2641 silly tarball no local data for supports-color@https://registry.npmjs.org/supports-color/-/supports-color-7.2.0.tgz. Extracting by manifest.
2642 silly tarball no local data for has-flag@https://registry.npmjs.org/has-flag/-/has-flag-4.0.0.tgz. Extracting by manifest.
2643 silly tarball no local data for color-name@https://registry.npmjs.org/color-name/-/color-name-1.1.4.tgz. Extracting by manifest.
2644 silly tarball no local data for source-map@https://registry.npmjs.org/source-map/-/source-map-0.6.1.tgz. Extracting by manifest.
2645 silly tarball no local data for color-convert@https://registry.npmjs.org/color-convert/-/color-convert-2.0.1.tgz. Extracting by manifest.
2646 silly tarball no local data for nth-check@https://registry.npmjs.org/nth-check/-/nth-check-1.0.2.tgz. Extracting by manifest.
2647 silly tarball no local data for chalk@https://registry.npmjs.org/chalk/-/chalk-4.1.2.tgz. Extracting by manifest.
2648 silly tarball no local data for ansi-styles@https://registry.npmjs.org/ansi-styles/-/ansi-styles-4.3.0.tgz. Extracting by manifest.
2649 silly tarball no local data for domutils@https://registry.npmjs.org/domutils/-/domutils-1.7.0.tgz. Extracting by manifest.
2650 silly tarball no local data for domelementtype@https://registry.npmjs.org/domelementtype/-/domelementtype-1.3.1.tgz. Extracting by manifest.
2651 silly tarball no local data for type-fest@https://registry.npmjs.org/type-fest/-/type-fest-0.16.0.tgz. Extracting by manifest.
2652 silly tarball no local data for dom-serializer@https://registry.npmjs.org/dom-serializer/-/dom-serializer-0.2.2.tgz. Extracting by manifest.
2653 silly tarball no local data for css-what@https://registry.npmjs.org/css-what/-/css-what-3.4.2.tgz. Extracting by manifest.
2654 silly tarball no local data for supports-color@https://registry.npmjs.org/supports-color/-/supports-color-7.2.0.tgz. Extracting by manifest.
2655 silly tarball no local data for has-flag@https://registry.npmjs.org/has-flag/-/has-flag-4.0.0.tgz. Extracting by manifest.
2656 silly tarball no local data for safe-buffer@https://registry.npmjs.org/safe-buffer/-/safe-buffer-5.2.1.tgz. Extracting by manifest.
2657 silly tarball no local data for emoji-regex@https://registry.npmjs.org/emoji-regex/-/emoji-regex-8.0.0.tgz. Extracting by manifest.
2658 silly tarball no local data for escape-string-regexp@https://registry.npmjs.org/escape-string-regexp/-/escape-string-regexp-2.0.0.tgz. Extracting by manifest.
2659 silly tarball no local data for css-select@https://registry.npmjs.org/css-select/-/css-select-2.1.0.tgz. Extracting by manifest.
2660 silly tarball no local data for setprototypeof@https://registry.npmjs.org/setprototypeof/-/setprototypeof-1.1.0.tgz. Extracting by manifest.
2661 silly tarball no local data for ms@https://registry.npmjs.org/ms/-/ms-2.0.0.tgz. Extracting by manifest.
2662 silly tarball no local data for source-map@https://registry.npmjs.org/source-map/-/source-map-0.6.1.tgz. Extracting by manifest.
2663 silly tarball no local data for http-errors@https://registry.npmjs.org/http-errors/-/http-errors-1.6.3.tgz. Extracting by manifest.
2664 silly tarball no local data for inherits@https://registry.npmjs.org/inherits/-/inherits-2.0.3.tgz. Extracting by manifest.
2665 silly tarball no local data for debug@https://registry.npmjs.org/debug/-/debug-2.6.9.tgz. Extracting by manifest.
2666 silly tarball no local data for ms@https://registry.npmjs.org/ms/-/ms-2.1.3.tgz. Extracting by manifest.
2667 silly tarball no local data for debug@https://registry.npmjs.org/debug/-/debug-2.6.9.tgz. Extracting by manifest.
2668 silly tarball no local data for supports-color@https://registry.npmjs.org/supports-color/-/supports-color-7.2.0.tgz. Extracting by manifest.
2669 silly tarball no local data for serialize-javascript@https://registry.npmjs.org/serialize-javascript/-/serialize-javascript-4.0.0.tgz. Extracting by manifest.
2670 silly tarball no local data for jest-worker@https://registry.npmjs.org/jest-worker/-/jest-worker-26.6.2.tgz. Extracting by manifest.
2671 silly tarball no local data for has-flag@https://registry.npmjs.org/has-flag/-/has-flag-4.0.0.tgz. Extracting by manifest.
2672 silly tarball no local data for postcss@https://registry.npmjs.org/postcss/-/postcss-7.0.39.tgz. Extracting by manifest.
2673 silly tarball no local data for picocolors@https://registry.npmjs.org/picocolors/-/picocolors-0.2.1.tgz. Extracting by manifest.
2674 silly tarball no local data for jsesc@https://registry.npmjs.org/jsesc/-/jsesc-0.5.0.tgz. Extracting by manifest.
2675 silly tarball no local data for minimatch@https://registry.npmjs.org/minimatch/-/minimatch-3.0.4.tgz. Extracting by manifest.
2676 silly tarball no local data for history@https://registry.npmjs.org/history/-/history-5.3.0.tgz. Extracting by manifest.
2677 silly tarball no local data for history@https://registry.npmjs.org/history/-/history-5.3.0.tgz. Extracting by manifest.
2678 silly tarball no local data for supports-color@https://registry.npmjs.org/supports-color/-/supports-color-7.2.0.tgz. Extracting by manifest.
2679 silly tarball no local data for ms@https://registry.npmjs.org/ms/-/ms-2.0.0.tgz. Extracting by manifest.
2680 silly tarball no local data for loader-utils@https://registry.npmjs.org/loader-utils/-/loader-utils-3.2.0.tgz. Extracting by manifest.
2681 silly tarball no local data for has-flag@https://registry.npmjs.org/has-flag/-/has-flag-4.0.0.tgz. Extracting by manifest.
2682 silly tarball no local data for escape-string-regexp@https://registry.npmjs.org/escape-string-regexp/-/escape-string-regexp-4.0.0.tgz. Extracting by manifest.
2683 silly tarball no local data for color-name@https://registry.npmjs.org/color-name/-/color-name-1.1.4.tgz. Extracting by manifest.
2684 silly tarball no local data for color-convert@https://registry.npmjs.org/color-convert/-/color-convert-2.0.1.tgz. Extracting by manifest.
2685 silly tarball no local data for chalk@https://registry.npmjs.org/chalk/-/chalk-4.1.2.tgz. Extracting by manifest.
2686 silly tarball no local data for ansi-styles@https://registry.npmjs.org/ansi-styles/-/ansi-styles-4.3.0.tgz. Extracting by manifest.
2687 silly tarball no local data for iconv-lite@https://registry.npmjs.org/iconv-lite/-/iconv-lite-0.4.24.tgz. Extracting by manifest.
2688 silly tarball no local data for bytes@https://registry.npmjs.org/bytes/-/bytes-3.1.2.tgz. Extracting by manifest.
2689 silly tarball no local data for ipaddr.js@https://registry.npmjs.org/ipaddr.js/-/ipaddr.js-1.9.1.tgz. Extracting by manifest.
2690 silly tarball no local data for react-is@https://registry.npmjs.org/react-is/-/react-is-16.13.1.tgz. Extracting by manifest.
2691 silly tarball no local data for source-map@https://registry.npmjs.org/source-map/-/source-map-0.6.1.tgz. Extracting by manifest.
2692 silly tarball no local data for source-map@https://registry.npmjs.org/source-map/-/source-map-0.6.1.tgz. Extracting by manifest.
2693 silly tarball no local data for ansi-styles@https://registry.npmjs.org/ansi-styles/-/ansi-styles-5.2.0.tgz. Extracting by manifest.
2694 silly tarball no local data for css-tree@https://registry.npmjs.org/css-tree/-/css-tree-1.1.3.tgz. Extracting by manifest.
2695 silly tarball no local data for svgo@https://registry.npmjs.org/svgo/-/svgo-2.8.0.tgz. Extracting by manifest.
2696 silly tarball no local data for mdn-data@https://registry.npmjs.org/mdn-data/-/mdn-data-2.0.14.tgz. Extracting by manifest.
2697 silly tarball no local data for debug@https://registry.npmjs.org/debug/-/debug-3.2.7.tgz. Extracting by manifest.
2698 silly tarball no local data for path-exists@https://registry.npmjs.org/path-exists/-/path-exists-3.0.0.tgz. Extracting by manifest.
2699 silly tarball no local data for commander@https://registry.npmjs.org/commander/-/commander-7.2.0.tgz. Extracting by manifest.
2700 silly tarball no local data for locate-path@https://registry.npmjs.org/locate-path/-/locate-path-3.0.0.tgz. Extracting by manifest.
2701 silly tarball no local data for p-locate@https://registry.npmjs.org/p-locate/-/p-locate-3.0.0.tgz. Extracting by manifest.
2702 silly tarball no local data for find-up@https://registry.npmjs.org/find-up/-/find-up-3.0.0.tgz. Extracting by manifest.
2703 silly tarball no local data for p-limit@https://registry.npmjs.org/p-limit/-/p-limit-2.3.0.tgz. Extracting by manifest.
2704 silly tarball no local data for p-limit@https://registry.npmjs.org/p-limit/-/p-limit-2.3.0.tgz. Extracting by manifest.
2705 silly tarball no local data for p-locate@https://registry.npmjs.org/p-locate/-/p-locate-4.1.0.tgz. Extracting by manifest.
2706 silly tarball no local data for find-up@https://registry.npmjs.org/find-up/-/find-up-4.1.0.tgz. Extracting by manifest.
2707 silly tarball no local data for whatwg-url@https://registry.npmjs.org/whatwg-url/-/whatwg-url-5.0.0.tgz. Extracting by manifest.
2708 silly tarball no local data for locate-path@https://registry.npmjs.org/locate-path/-/locate-path-5.0.0.tgz. Extracting by manifest.
2709 silly tarball no local data for tr46@https://registry.npmjs.org/tr46/-/tr46-0.0.3.tgz. Extracting by manifest.
2710 silly tarball no local data for webidl-conversions@https://registry.npmjs.org/webidl-conversions/-/webidl-conversions-3.0.1.tgz. Extracting by manifest.
2711 silly tarball no local data for schema-utils@https://registry.npmjs.org/schema-utils/-/schema-utils-4.0.0.tgz. Extracting by manifest.
2712 silly tarball no local data for ajv-keywords@https://registry.npmjs.org/ajv-keywords/-/ajv-keywords-5.1.0.tgz. Extracting by manifest.
2713 silly tarball no local data for semver@https://registry.npmjs.org/semver/-/semver-6.3.0.tgz. Extracting by manifest.
2714 silly tarball no local data for ajv@https://registry.npmjs.org/ajv/-/ajv-8.10.0.tgz. Extracting by manifest.
2715 silly tarball no local data for string_decoder@https://registry.npmjs.org/string_decoder/-/string_decoder-1.1.1.tgz. Extracting by manifest.
2716 silly tarball no local data for json-schema-traverse@https://registry.npmjs.org/json-schema-traverse/-/json-schema-traverse-1.0.0.tgz. Extracting by manifest.
2717 silly tarball no local data for supports-color@https://registry.npmjs.org/supports-color/-/supports-color-8.1.1.tgz. Extracting by manifest.
2718 silly tarball no local data for has-flag@https://registry.npmjs.org/has-flag/-/has-flag-4.0.0.tgz. Extracting by manifest.
2719 silly tarball no local data for supports-color@https://registry.npmjs.org/supports-color/-/supports-color-7.2.0.tgz. Extracting by manifest.
2720 silly tarball no local data for readable-stream@https://registry.npmjs.org/readable-stream/-/readable-stream-2.3.7.tgz. Extracting by manifest.
2721 silly tarball no local data for color-name@https://registry.npmjs.org/color-name/-/color-name-1.1.4.tgz. Extracting by manifest.
2722 silly tarball no local data for color-convert@https://registry.npmjs.org/color-convert/-/color-convert-2.0.1.tgz. Extracting by manifest.
2723 silly tarball no local data for has-flag@https://registry.npmjs.org/has-flag/-/has-flag-4.0.0.tgz. Extracting by manifest.
2724 silly tarball no local data for chalk@https://registry.npmjs.org/chalk/-/chalk-4.1.2.tgz. Extracting by manifest.
2725 silly tarball no local data for ansi-styles@https://registry.npmjs.org/ansi-styles/-/ansi-styles-4.3.0.tgz. Extracting by manifest.
2726 silly tarball no local data for supports-color@https://registry.npmjs.org/supports-color/-/supports-color-7.2.0.tgz. Extracting by manifest.
2727 silly tarball no local data for string-length@https://registry.npmjs.org/string-length/-/string-length-5.0.1.tgz. Extracting by manifest.
2728 silly tarball no local data for slash@https://registry.npmjs.org/slash/-/slash-4.0.0.tgz. Extracting by manifest.
2729 silly tarball no local data for has-flag@https://registry.npmjs.org/has-flag/-/has-flag-4.0.0.tgz. Extracting by manifest.
2730 silly tarball no local data for strip-ansi@https://registry.npmjs.org/strip-ansi/-/strip-ansi-7.0.1.tgz. Extracting by manifest.
2731 silly tarball no local data for color-name@https://registry.npmjs.org/color-name/-/color-name-1.1.4.tgz. Extracting by manifest.
2732 silly tarball no local data for color-convert@https://registry.npmjs.org/color-convert/-/color-convert-2.0.1.tgz. Extracting by manifest.
2733 silly tarball no local data for chalk@https://registry.npmjs.org/chalk/-/chalk-4.1.2.tgz. Extracting by manifest.
2734 silly tarball no local data for ansi-styles@https://registry.npmjs.org/ansi-styles/-/ansi-styles-4.3.0.tgz. Extracting by manifest.
2735 silly tarball no local data for ansi-regex@https://registry.npmjs.org/ansi-regex/-/ansi-regex-6.0.1.tgz. Extracting by manifest.
2736 silly tarball no local data for char-regex@https://registry.npmjs.org/char-regex/-/char-regex-2.0.1.tgz. Extracting by manifest.
2737 silly tarball no local data for supports-color@https://registry.npmjs.org/supports-color/-/supports-color-7.2.0.tgz. Extracting by manifest.
2738 silly tarball no local data for has-flag@https://registry.npmjs.org/has-flag/-/has-flag-4.0.0.tgz. Extracting by manifest.
2739 silly tarball no local data for color-name@https://registry.npmjs.org/color-name/-/color-name-1.1.4.tgz. Extracting by manifest.
2740 silly tarball no local data for chalk@https://registry.npmjs.org/chalk/-/chalk-4.1.2.tgz. Extracting by manifest.
2741 silly tarball no local data for ansi-styles@https://registry.npmjs.org/ansi-styles/-/ansi-styles-4.3.0.tgz. Extracting by manifest.
2742 silly tarball no local data for color-convert@https://registry.npmjs.org/color-convert/-/color-convert-2.0.1.tgz. Extracting by manifest.
2743 silly tarball no local data for supports-color@https://registry.npmjs.org/supports-color/-/supports-color-7.2.0.tgz. Extracting by manifest.
2744 silly tarball no local data for has-flag@https://registry.npmjs.org/has-flag/-/has-flag-4.0.0.tgz. Extracting by manifest.
2745 silly tarball no local data for chalk@https://registry.npmjs.org/chalk/-/chalk-4.1.2.tgz. Extracting by manifest.
2746 silly tarball no local data for color-convert@https://registry.npmjs.org/color-convert/-/color-convert-2.0.1.tgz. Extracting by manifest.
2747 silly tarball no local data for has-flag@https://registry.npmjs.org/has-flag/-/has-flag-4.0.0.tgz. Extracting by manifest.
2748 silly tarball no local data for supports-color@https://registry.npmjs.org/supports-color/-/supports-color-7.2.0.tgz. Extracting by manifest.
2749 silly tarball no local data for color-convert@https://registry.npmjs.org/color-convert/-/color-convert-2.0.1.tgz. Extracting by manifest.
2750 silly tarball no local data for ansi-styles@https://registry.npmjs.org/ansi-styles/-/ansi-styles-4.3.0.tgz. Extracting by manifest.
2751 silly tarball no local data for color-name@https://registry.npmjs.org/color-name/-/color-name-1.1.4.tgz. Extracting by manifest.
2752 silly tarball no local data for chalk@https://registry.npmjs.org/chalk/-/chalk-4.1.2.tgz. Extracting by manifest.
2753 silly tarball no local data for supports-color@https://registry.npmjs.org/supports-color/-/supports-color-7.2.0.tgz. Extracting by manifest.
2754 silly tarball no local data for color-name@https://registry.npmjs.org/color-name/-/color-name-1.1.4.tgz. Extracting by manifest.
2755 silly tarball no local data for has-flag@https://registry.npmjs.org/has-flag/-/has-flag-4.0.0.tgz. Extracting by manifest.
2756 silly tarball no local data for color-convert@https://registry.npmjs.org/color-convert/-/color-convert-2.0.1.tgz. Extracting by manifest.
2757 silly tarball no local data for ansi-styles@https://registry.npmjs.org/ansi-styles/-/ansi-styles-4.3.0.tgz. Extracting by manifest.
2758 silly tarball no local data for chalk@https://registry.npmjs.org/chalk/-/chalk-4.1.2.tgz. Extracting by manifest.
2759 silly tarball no local data for color-name@https://registry.npmjs.org/color-name/-/color-name-1.1.4.tgz. Extracting by manifest.
2760 silly tarball no local data for has-flag@https://registry.npmjs.org/has-flag/-/has-flag-4.0.0.tgz. Extracting by manifest.
2761 silly tarball no local data for ansi-styles@https://registry.npmjs.org/ansi-styles/-/ansi-styles-4.3.0.tgz. Extracting by manifest.
2762 silly tarball no local data for color-name@https://registry.npmjs.org/color-name/-/color-name-1.1.4.tgz. Extracting by manifest.
2763 silly tarball no local data for color-convert@https://registry.npmjs.org/color-convert/-/color-convert-2.0.1.tgz. Extracting by manifest.
2764 silly tarball no local data for ansi-styles@https://registry.npmjs.org/ansi-styles/-/ansi-styles-4.3.0.tgz. Extracting by manifest.
2765 silly tarball no local data for supports-color@https://registry.npmjs.org/supports-color/-/supports-color-7.2.0.tgz. Extracting by manifest.
2766 silly tarball no local data for supports-color@https://registry.npmjs.org/supports-color/-/supports-color-7.2.0.tgz. Extracting by manifest.
2767 silly tarball no local data for has-flag@https://registry.npmjs.org/has-flag/-/has-flag-4.0.0.tgz. Extracting by manifest.
2768 silly tarball no local data for color-name@https://registry.npmjs.org/color-name/-/color-name-1.1.4.tgz. Extracting by manifest.
2769 silly tarball no local data for color-convert@https://registry.npmjs.org/color-convert/-/color-convert-2.0.1.tgz. Extracting by manifest.
2770 silly tarball no local data for chalk@https://registry.npmjs.org/chalk/-/chalk-4.1.2.tgz. Extracting by manifest.
2771 silly tarball no local data for chalk@https://registry.npmjs.org/chalk/-/chalk-4.1.2.tgz. Extracting by manifest.
2772 silly tarball no local data for ansi-styles@https://registry.npmjs.org/ansi-styles/-/ansi-styles-4.3.0.tgz. Extracting by manifest.
2773 silly tarball no local data for supports-color@https://registry.npmjs.org/supports-color/-/supports-color-7.2.0.tgz. Extracting by manifest.
2774 silly tarball no local data for color-name@https://registry.npmjs.org/color-name/-/color-name-1.1.4.tgz. Extracting by manifest.
2775 silly tarball no local data for chalk@https://registry.npmjs.org/chalk/-/chalk-4.1.2.tgz. Extracting by manifest.
2776 silly tarball no local data for has-flag@https://registry.npmjs.org/has-flag/-/has-flag-4.0.0.tgz. Extracting by manifest.
2777 silly tarball no local data for color-convert@https://registry.npmjs.org/color-convert/-/color-convert-2.0.1.tgz. Extracting by manifest.
2778 silly tarball no local data for has-flag@https://registry.npmjs.org/has-flag/-/has-flag-4.0.0.tgz. Extracting by manifest.
2779 silly tarball no local data for color-convert@https://registry.npmjs.org/color-convert/-/color-convert-2.0.1.tgz. Extracting by manifest.
2780 silly tarball no local data for color-name@https://registry.npmjs.org/color-name/-/color-name-1.1.4.tgz. Extracting by manifest.
2781 silly tarball no local data for chalk@https://registry.npmjs.org/chalk/-/chalk-4.1.2.tgz. Extracting by manifest.
2782 silly tarball no local data for ansi-styles@https://registry.npmjs.org/ansi-styles/-/ansi-styles-4.3.0.tgz. Extracting by manifest.
2783 silly tarball no local data for ansi-styles@https://registry.npmjs.org/ansi-styles/-/ansi-styles-4.3.0.tgz. Extracting by manifest.
2784 silly tarball no local data for has-flag@https://registry.npmjs.org/has-flag/-/has-flag-4.0.0.tgz. Extracting by manifest.
2785 silly tarball no local data for supports-color@https://registry.npmjs.org/supports-color/-/supports-color-7.2.0.tgz. Extracting by manifest.
2786 silly tarball no local data for color-name@https://registry.npmjs.org/color-name/-/color-name-1.1.4.tgz. Extracting by manifest.
2787 silly tarball no local data for color-convert@https://registry.npmjs.org/color-convert/-/color-convert-2.0.1.tgz. Extracting by manifest.
2788 silly tarball no local data for chalk@https://registry.npmjs.org/chalk/-/chalk-4.1.2.tgz. Extracting by manifest.
2789 silly tarball no local data for supports-color@https://registry.npmjs.org/supports-color/-/supports-color-7.2.0.tgz. Extracting by manifest.
2790 silly tarball no local data for ansi-styles@https://registry.npmjs.org/ansi-styles/-/ansi-styles-4.3.0.tgz. Extracting by manifest.
2791 silly tarball no local data for supports-color@https://registry.npmjs.org/supports-color/-/supports-color-7.2.0.tgz. Extracting by manifest.
2792 silly tarball no local data for has-flag@https://registry.npmjs.org/has-flag/-/has-flag-4.0.0.tgz. Extracting by manifest.
2793 silly tarball no local data for color-convert@https://registry.npmjs.org/color-convert/-/color-convert-2.0.1.tgz. Extracting by manifest.
2794 silly tarball no local data for chalk@https://registry.npmjs.org/chalk/-/chalk-4.1.2.tgz. Extracting by manifest.
2795 silly tarball no local data for supports-color@https://registry.npmjs.org/supports-color/-/supports-color-7.2.0.tgz. Extracting by manifest.
2796 silly tarball no local data for color-name@https://registry.npmjs.org/color-name/-/color-name-1.1.4.tgz. Extracting by manifest.
2797 silly tarball no local data for has-flag@https://registry.npmjs.org/has-flag/-/has-flag-4.0.0.tgz. Extracting by manifest.
2798 silly tarball no local data for color-name@https://registry.npmjs.org/color-name/-/color-name-1.1.4.tgz. Extracting by manifest.
2799 silly tarball no local data for color-convert@https://registry.npmjs.org/color-convert/-/color-convert-2.0.1.tgz. Extracting by manifest.
2800 silly tarball no local data for ansi-styles@https://registry.npmjs.org/ansi-styles/-/ansi-styles-4.3.0.tgz. Extracting by manifest.
2801 silly tarball no local data for chalk@https://registry.npmjs.org/chalk/-/chalk-4.1.2.tgz. Extracting by manifest.
2802 silly tarball no local data for ansi-styles@https://registry.npmjs.org/ansi-styles/-/ansi-styles-4.3.0.tgz. Extracting by manifest.
2803 silly tarball no local data for has-flag@https://registry.npmjs.org/has-flag/-/has-flag-4.0.0.tgz. Extracting by manifest.
2804 silly tarball no local data for supports-color@https://registry.npmjs.org/supports-color/-/supports-color-7.2.0.tgz. Extracting by manifest.
2805 silly tarball no local data for color-convert@https://registry.npmjs.org/color-convert/-/color-convert-2.0.1.tgz. Extracting by manifest.
2806 silly tarball no local data for color-name@https://registry.npmjs.org/color-name/-/color-name-1.1.4.tgz. Extracting by manifest.
2807 silly tarball no local data for ansi-styles@https://registry.npmjs.org/ansi-styles/-/ansi-styles-4.3.0.tgz. Extracting by manifest.
2808 silly tarball no local data for supports-color@https://registry.npmjs.org/supports-color/-/supports-color-7.2.0.tgz. Extracting by manifest.
2809 silly tarball no local data for has-flag@https://registry.npmjs.org/has-flag/-/has-flag-4.0.0.tgz. Extracting by manifest.
2810 silly tarball no local data for chalk@https://registry.npmjs.org/chalk/-/chalk-4.1.2.tgz. Extracting by manifest.
2811 silly tarball no local data for color-convert@https://registry.npmjs.org/color-convert/-/color-convert-2.0.1.tgz. Extracting by manifest.
2812 silly tarball no local data for chalk@https://registry.npmjs.org/chalk/-/chalk-4.1.2.tgz. Extracting by manifest.
2813 silly tarball no local data for color-name@https://registry.npmjs.org/color-name/-/color-name-1.1.4.tgz. Extracting by manifest.
2814 silly tarball no local data for ansi-styles@https://registry.npmjs.org/ansi-styles/-/ansi-styles-4.3.0.tgz. Extracting by manifest.
2815 silly tarball no local data for supports-color@https://registry.npmjs.org/supports-color/-/supports-color-7.2.0.tgz. Extracting by manifest.
2816 silly tarball no local data for color-name@https://registry.npmjs.org/color-name/-/color-name-1.1.4.tgz. Extracting by manifest.
2817 silly tarball no local data for chalk@https://registry.npmjs.org/chalk/-/chalk-4.1.2.tgz. Extracting by manifest.
2818 silly tarball no local data for ansi-styles@https://registry.npmjs.org/ansi-styles/-/ansi-styles-4.3.0.tgz. Extracting by manifest.
2819 silly tarball no local data for async@https://registry.npmjs.org/async/-/async-0.9.2.tgz. Extracting by manifest.
2820 silly tarball no local data for source-map@https://registry.npmjs.org/source-map/-/source-map-0.6.1.tgz. Extracting by manifest.
2821 silly tarball no local data for has-flag@https://registry.npmjs.org/has-flag/-/has-flag-4.0.0.tgz. Extracting by manifest.
2822 silly tarball no local data for has-flag@https://registry.npmjs.org/has-flag/-/has-flag-4.0.0.tgz. Extracting by manifest.
2823 silly tarball no local data for color-convert@https://registry.npmjs.org/color-convert/-/color-convert-2.0.1.tgz. Extracting by manifest.
2824 silly tarball no local data for supports-color@https://registry.npmjs.org/supports-color/-/supports-color-7.2.0.tgz. Extracting by manifest.
2825 silly tarball no local data for semver@https://registry.npmjs.org/semver/-/semver-6.3.0.tgz. Extracting by manifest.
2826 silly tarball no local data for string_decoder@https://registry.npmjs.org/string_decoder/-/string_decoder-1.1.1.tgz. Extracting by manifest.
2827 silly tarball no local data for readable-stream@https://registry.npmjs.org/readable-stream/-/readable-stream-2.3.7.tgz. Extracting by manifest.
2828 silly tarball no local data for which@https://registry.npmjs.org/which/-/which-1.3.1.tgz. Extracting by manifest.
2829 silly tarball no local data for resolve-from@https://registry.npmjs.org/resolve-from/-/resolve-from-4.0.0.tgz. Extracting by manifest.
2830 silly tarball no local data for supports-color@https://registry.npmjs.org/supports-color/-/supports-color-7.2.0.tgz. Extracting by manifest.
2831 silly tarball no local data for tapable@https://registry.npmjs.org/tapable/-/tapable-1.1.3.tgz. Extracting by manifest.
2832 silly tarball no local data for has-flag@https://registry.npmjs.org/has-flag/-/has-flag-4.0.0.tgz. Extracting by manifest.
2833 silly tarball no local data for schema-utils@https://registry.npmjs.org/schema-utils/-/schema-utils-2.7.0.tgz. Extracting by manifest.
2834 silly tarball no local data for fs-extra@https://registry.npmjs.org/fs-extra/-/fs-extra-9.1.0.tgz. Extracting by manifest.
2835 silly tarball no local data for color-name@https://registry.npmjs.org/color-name/-/color-name-1.1.4.tgz. Extracting by manifest.
2836 silly tarball no local data for color-convert@https://registry.npmjs.org/color-convert/-/color-convert-2.0.1.tgz. Extracting by manifest.
2837 silly tarball no local data for cosmiconfig@https://registry.npmjs.org/cosmiconfig/-/cosmiconfig-6.0.0.tgz. Extracting by manifest.
2838 silly tarball no local data for chalk@https://registry.npmjs.org/chalk/-/chalk-4.1.2.tgz. Extracting by manifest.
2839 silly tarball no local data for ansi-styles@https://registry.npmjs.org/ansi-styles/-/ansi-styles-4.3.0.tgz. Extracting by manifest.
2840 silly tarball no local data for debug@https://registry.npmjs.org/debug/-/debug-2.6.9.tgz. Extracting by manifest.
2841 silly tarball no local data for ms@https://registry.npmjs.org/ms/-/ms-2.0.0.tgz. Extracting by manifest.
2842 silly tarball no local data for glob-parent@https://registry.npmjs.org/glob-parent/-/glob-parent-5.1.2.tgz. Extracting by manifest.
2843 silly tarball no local data for safe-buffer@https://registry.npmjs.org/safe-buffer/-/safe-buffer-5.2.1.tgz. Extracting by manifest.
2844 silly tarball no local data for ms@https://registry.npmjs.org/ms/-/ms-2.0.0.tgz. Extracting by manifest.
2845 silly tarball no local data for array-flatten@https://registry.npmjs.org/array-flatten/-/array-flatten-1.1.1.tgz. Extracting by manifest.
2846 silly tarball no local data for eslint-visitor-keys@https://registry.npmjs.org/eslint-visitor-keys/-/eslint-visitor-keys-2.1.0.tgz. Extracting by manifest.
2847 silly tarball no local data for debug@https://registry.npmjs.org/debug/-/debug-2.6.9.tgz. Extracting by manifest.
2848 silly tarball no local data for doctrine@https://registry.npmjs.org/doctrine/-/doctrine-2.1.0.tgz. Extracting by manifest.
2849 silly tarball no local data for resolve@https://registry.npmjs.org/resolve/-/resolve-2.0.0-next.3.tgz. Extracting by manifest.
2850 silly tarball no local data for ms@https://registry.npmjs.org/ms/-/ms-2.0.0.tgz. Extracting by manifest.
2851 silly tarball no local data for semver@https://registry.npmjs.org/semver/-/semver-6.3.0.tgz. Extracting by manifest.
2852 silly tarball no local data for path-exists@https://registry.npmjs.org/path-exists/-/path-exists-3.0.0.tgz. Extracting by manifest.
2853 silly tarball no local data for debug@https://registry.npmjs.org/debug/-/debug-2.6.9.tgz. Extracting by manifest.
2854 silly tarball no local data for p-try@https://registry.npmjs.org/p-try/-/p-try-1.0.0.tgz. Extracting by manifest.
2855 silly tarball no local data for doctrine@https://registry.npmjs.org/doctrine/-/doctrine-2.1.0.tgz. Extracting by manifest.
2856 silly tarball no local data for p-limit@https://registry.npmjs.org/p-limit/-/p-limit-1.3.0.tgz. Extracting by manifest.
2857 silly tarball no local data for p-locate@https://registry.npmjs.org/p-locate/-/p-locate-2.0.0.tgz. Extracting by manifest.
2858 silly tarball no local data for find-up@https://registry.npmjs.org/find-up/-/find-up-2.1.0.tgz. Extracting by manifest.
2859 silly tarball no local data for debug@https://registry.npmjs.org/debug/-/debug-3.2.7.tgz. Extracting by manifest.
2860 silly tarball no local data for debug@https://registry.npmjs.org/debug/-/debug-3.2.7.tgz. Extracting by manifest.
2861 silly tarball no local data for type-fest@https://registry.npmjs.org/type-fest/-/type-fest-0.20.2.tgz. Extracting by manifest.
2862 silly tarball no local data for locate-path@https://registry.npmjs.org/locate-path/-/locate-path-2.0.0.tgz. Extracting by manifest.
2863 silly tarball no local data for supports-color@https://registry.npmjs.org/supports-color/-/supports-color-7.2.0.tgz. Extracting by manifest.
2864 silly tarball no local data for globals@https://registry.npmjs.org/globals/-/globals-13.12.1.tgz. Extracting by manifest.
2865 silly tarball no local data for has-flag@https://registry.npmjs.org/has-flag/-/has-flag-4.0.0.tgz. Extracting by manifest.
2866 silly tarball no local data for js-yaml@https://registry.npmjs.org/js-yaml/-/js-yaml-4.1.0.tgz. Extracting by manifest.
2867 silly tarball no local data for escape-string-regexp@https://registry.npmjs.org/escape-string-regexp/-/escape-string-regexp-4.0.0.tgz. Extracting by manifest.
2868 silly tarball no local data for color-name@https://registry.npmjs.org/color-name/-/color-name-1.1.4.tgz. Extracting by manifest.
2869 silly tarball no local data for color-convert@https://registry.npmjs.org/color-convert/-/color-convert-2.0.1.tgz. Extracting by manifest.
2870 silly tarball no local data for chalk@https://registry.npmjs.org/chalk/-/chalk-4.1.2.tgz. Extracting by manifest.
2871 silly tarball no local data for argparse@https://registry.npmjs.org/argparse/-/argparse-2.0.1.tgz. Extracting by manifest.
2872 silly tarball no local data for type-check@https://registry.npmjs.org/type-check/-/type-check-0.3.2.tgz. Extracting by manifest.
2873 silly tarball no local data for prelude-ls@https://registry.npmjs.org/prelude-ls/-/prelude-ls-1.1.2.tgz. Extracting by manifest.
2874 silly tarball no local data for ansi-styles@https://registry.npmjs.org/ansi-styles/-/ansi-styles-4.3.0.tgz. Extracting by manifest.
2875 silly tarball no local data for optionator@https://registry.npmjs.org/optionator/-/optionator-0.8.3.tgz. Extracting by manifest.
2876 silly tarball no local data for levn@https://registry.npmjs.org/levn/-/levn-0.3.0.tgz. Extracting by manifest.
2877 silly tarball no local data for source-map@https://registry.npmjs.org/source-map/-/source-map-0.6.1.tgz. Extracting by manifest.
2878 silly tarball no local data for webidl-conversions@https://registry.npmjs.org/webidl-conversions/-/webidl-conversions-5.0.0.tgz. Extracting by manifest.
2879 silly tarball no local data for debug@https://registry.npmjs.org/debug/-/debug-2.6.9.tgz. Extracting by manifest.
2880 silly tarball no local data for cssom@https://registry.npmjs.org/cssom/-/cssom-0.3.8.tgz. Extracting by manifest.
2881 silly tarball no local data for ms@https://registry.npmjs.org/ms/-/ms-2.0.0.tgz. Extracting by manifest.
2882 silly tarball no local data for source-map@https://registry.npmjs.org/source-map/-/source-map-0.6.1.tgz. Extracting by manifest.
2883 silly tarball no local data for mdn-data@https://registry.npmjs.org/mdn-data/-/mdn-data-2.0.14.tgz. Extracting by manifest.
2884 silly tarball no local data for css-tree@https://registry.npmjs.org/css-tree/-/css-tree-1.1.3.tgz. Extracting by manifest.
2885 silly tarball no local data for source-map@https://registry.npmjs.org/source-map/-/source-map-0.6.1.tgz. Extracting by manifest.
2886 silly tarball no local data for source-map@https://registry.npmjs.org/source-map/-/source-map-0.6.1.tgz. Extracting by manifest.
2887 silly tarball no local data for json-schema-traverse@https://registry.npmjs.org/json-schema-traverse/-/json-schema-traverse-1.0.0.tgz. Extracting by manifest.
2888 silly tarball no local data for ajv-keywords@https://registry.npmjs.org/ajv-keywords/-/ajv-keywords-5.1.0.tgz. Extracting by manifest.
2889 silly tarball no local data for ajv@https://registry.npmjs.org/ajv/-/ajv-8.10.0.tgz. Extracting by manifest.
2890 silly tarball no local data for schema-utils@https://registry.npmjs.org/schema-utils/-/schema-utils-4.0.0.tgz. Extracting by manifest.
2891 silly tarball no local data for source-map@https://registry.npmjs.org/source-map/-/source-map-0.6.1.tgz. Extracting by manifest.
2892 silly tarball no local data for semver@https://registry.npmjs.org/semver/-/semver-7.0.0.tgz. Extracting by manifest.
2893 silly tarball no local data for safe-buffer@https://registry.npmjs.org/safe-buffer/-/safe-buffer-5.2.1.tgz. Extracting by manifest.
2894 silly tarball no local data for source-map@https://registry.npmjs.org/source-map/-/source-map-0.6.1.tgz. Extracting by manifest.
2895 silly tarball no local data for glob-parent@https://registry.npmjs.org/glob-parent/-/glob-parent-5.1.2.tgz. Extracting by manifest.
2896 silly tarball no local data for ms@https://registry.npmjs.org/ms/-/ms-2.0.0.tgz. Extracting by manifest.
2897 silly tarball no local data for iconv-lite@https://registry.npmjs.org/iconv-lite/-/iconv-lite-0.4.24.tgz. Extracting by manifest.
2898 silly tarball no local data for debug@https://registry.npmjs.org/debug/-/debug-2.6.9.tgz. Extracting by manifest.
2899 silly tarball no local data for debug@https://registry.npmjs.org/debug/-/debug-2.6.9.tgz. Extracting by manifest.
2900 silly tarball no local data for ms@https://registry.npmjs.org/ms/-/ms-2.0.0.tgz. Extracting by manifest.
2901 silly tarball no local data for semver@https://registry.npmjs.org/semver/-/semver-6.3.0.tgz. Extracting by manifest.
2902 silly tarball no local data for schema-utils@https://registry.npmjs.org/schema-utils/-/schema-utils-2.7.1.tgz. Extracting by manifest.
2903 silly tarball no local data for loader-utils@https://registry.npmjs.org/loader-utils/-/loader-utils-1.4.0.tgz. Extracting by manifest.
2904 silly tarball no local data for supports-color@https://registry.npmjs.org/supports-color/-/supports-color-7.2.0.tgz. Extracting by manifest.
2905 silly tarball no local data for bytes@https://registry.npmjs.org/bytes/-/bytes-3.1.2.tgz. Extracting by manifest.
2906 silly tarball no local data for json5@https://registry.npmjs.org/json5/-/json5-1.0.1.tgz. Extracting by manifest.
2907 silly tarball no local data for has-flag@https://registry.npmjs.org/has-flag/-/has-flag-4.0.0.tgz. Extracting by manifest.
2908 silly tarball no local data for color-name@https://registry.npmjs.org/color-name/-/color-name-1.1.4.tgz. Extracting by manifest.
2909 silly tarball no local data for ansi-styles@https://registry.npmjs.org/ansi-styles/-/ansi-styles-4.3.0.tgz. Extracting by manifest.
2910 silly tarball no local data for chalk@https://registry.npmjs.org/chalk/-/chalk-4.1.2.tgz. Extracting by manifest.
2911 silly tarball no local data for color-convert@https://registry.npmjs.org/color-convert/-/color-convert-2.0.1.tgz. Extracting by manifest.
2912 silly tarball no local data for json-schema-traverse@https://registry.npmjs.org/json-schema-traverse/-/json-schema-traverse-1.0.0.tgz. Extracting by manifest.
2913 silly tarball no local data for acorn@https://registry.npmjs.org/acorn/-/acorn-7.4.1.tgz. Extracting by manifest.
2914 silly tarball no local data for ajv@https://registry.npmjs.org/ajv/-/ajv-8.10.0.tgz. Extracting by manifest.
2915 silly tarball no local data for estraverse@https://registry.npmjs.org/estraverse/-/estraverse-4.3.0.tgz. Extracting by manifest.
2916 silly tarball no local data for eslint-scope@https://registry.npmjs.org/eslint-scope/-/eslint-scope-5.1.1.tgz. Extracting by manifest.
2917 silly tarball no local data for supports-color@https://registry.npmjs.org/supports-color/-/supports-color-7.2.0.tgz. Extracting by manifest.
2918 silly tarball no local data for acorn@https://registry.npmjs.org/acorn/-/acorn-7.4.1.tgz. Extracting by manifest.
2919 silly tarball no local data for has-flag@https://registry.npmjs.org/has-flag/-/has-flag-4.0.0.tgz. Extracting by manifest.
2920 silly tarball no local data for chalk@https://registry.npmjs.org/chalk/-/chalk-3.0.0.tgz. Extracting by manifest.
2921 silly tarball no local data for color-name@https://registry.npmjs.org/color-name/-/color-name-1.1.4.tgz. Extracting by manifest.
2922 silly tarball no local data for color-convert@https://registry.npmjs.org/color-convert/-/color-convert-2.0.1.tgz. Extracting by manifest.
2923 silly tarball no local data for ansi-styles@https://registry.npmjs.org/ansi-styles/-/ansi-styles-4.3.0.tgz. Extracting by manifest.
2924 silly tarball no local data for aria-query@https://registry.npmjs.org/aria-query/-/aria-query-5.0.0.tgz. Extracting by manifest.
2925 silly tarball no local data for has-flag@https://registry.npmjs.org/has-flag/-/has-flag-4.0.0.tgz. Extracting by manifest.
2926 silly tarball no local data for color-convert@https://registry.npmjs.org/color-convert/-/color-convert-2.0.1.tgz. Extracting by manifest.
2927 silly tarball no local data for chalk@https://registry.npmjs.org/chalk/-/chalk-4.1.2.tgz. Extracting by manifest.
2928 silly tarball no local data for aria-query@https://registry.npmjs.org/aria-query/-/aria-query-5.0.0.tgz. Extracting by manifest.
2929 silly tarball no local data for supports-color@https://registry.npmjs.org/supports-color/-/supports-color-7.2.0.tgz. Extracting by manifest.
2930 silly tarball no local data for ansi-styles@https://registry.npmjs.org/ansi-styles/-/ansi-styles-4.3.0.tgz. Extracting by manifest.
2931 silly tarball no local data for source-map@https://registry.npmjs.org/source-map/-/source-map-0.7.3.tgz. Extracting by manifest.
2932 silly tarball no local data for supports-color@https://registry.npmjs.org/supports-color/-/supports-color-7.2.0.tgz. Extracting by manifest.
2933 silly tarball no local data for @types/estree@https://registry.npmjs.org/@types/estree/-/estree-0.0.39.tgz. Extracting by manifest.
2934 silly tarball no local data for color-name@https://registry.npmjs.org/color-name/-/color-name-1.1.4.tgz. Extracting by manifest.
2935 silly tarball no local data for color-name@https://registry.npmjs.org/color-name/-/color-name-1.1.4.tgz. Extracting by manifest.
2936 silly tarball no local data for color-convert@https://registry.npmjs.org/color-convert/-/color-convert-2.0.1.tgz. Extracting by manifest.
2937 silly tarball no local data for chalk@https://registry.npmjs.org/chalk/-/chalk-4.1.2.tgz. Extracting by manifest.
2938 silly tarball no local data for has-flag@https://registry.npmjs.org/has-flag/-/has-flag-4.0.0.tgz. Extracting by manifest.
2939 silly tarball no local data for supports-color@https://registry.npmjs.org/supports-color/-/supports-color-7.2.0.tgz. Extracting by manifest.
2940 silly tarball no local data for ansi-styles@https://registry.npmjs.org/ansi-styles/-/ansi-styles-4.3.0.tgz. Extracting by manifest.
2941 silly tarball no local data for has-flag@https://registry.npmjs.org/has-flag/-/has-flag-4.0.0.tgz. Extracting by manifest.
2942 silly tarball no local data for color-name@https://registry.npmjs.org/color-name/-/color-name-1.1.4.tgz. Extracting by manifest.
2943 silly tarball no local data for source-map@https://registry.npmjs.org/source-map/-/source-map-0.6.1.tgz. Extracting by manifest.
2944 silly tarball no local data for ansi-styles@https://registry.npmjs.org/ansi-styles/-/ansi-styles-4.3.0.tgz. Extracting by manifest.
2945 silly tarball no local data for color-convert@https://registry.npmjs.org/color-convert/-/color-convert-2.0.1.tgz. Extracting by manifest.
2946 silly tarball no local data for source-map@https://registry.npmjs.org/source-map/-/source-map-0.6.1.tgz. Extracting by manifest.
2947 silly tarball no local data for source-map@https://registry.npmjs.org/source-map/-/source-map-0.6.1.tgz. Extracting by manifest.
2948 silly tarball no local data for supports-color@https://registry.npmjs.org/supports-color/-/supports-color-7.2.0.tgz. Extracting by manifest.
2949 silly tarball no local data for has-flag@https://registry.npmjs.org/has-flag/-/has-flag-4.0.0.tgz. Extracting by manifest.
2950 silly tarball no local data for chalk@https://registry.npmjs.org/chalk/-/chalk-4.1.2.tgz. Extracting by manifest.
2951 silly tarball no local data for color-name@https://registry.npmjs.org/color-name/-/color-name-1.1.4.tgz. Extracting by manifest.
2952 silly tarball no local data for color-convert@https://registry.npmjs.org/color-convert/-/color-convert-2.0.1.tgz. Extracting by manifest.
2953 silly tarball no local data for chalk@https://registry.npmjs.org/chalk/-/chalk-4.1.2.tgz. Extracting by manifest.
2954 silly tarball no local data for supports-color@https://registry.npmjs.org/supports-color/-/supports-color-7.2.0.tgz. Extracting by manifest.
2955 silly tarball no local data for has-flag@https://registry.npmjs.org/has-flag/-/has-flag-4.0.0.tgz. Extracting by manifest.
2956 silly tarball no local data for color-name@https://registry.npmjs.org/color-name/-/color-name-1.1.4.tgz. Extracting by manifest.
2957 silly tarball no local data for ansi-styles@https://registry.npmjs.org/ansi-styles/-/ansi-styles-4.3.0.tgz. Extracting by manifest.
2958 silly tarball no local data for color-convert@https://registry.npmjs.org/color-convert/-/color-convert-2.0.1.tgz. Extracting by manifest.
2959 silly tarball no local data for supports-color@https://registry.npmjs.org/supports-color/-/supports-color-7.2.0.tgz. Extracting by manifest.
2960 silly tarball no local data for ansi-styles@https://registry.npmjs.org/ansi-styles/-/ansi-styles-4.3.0.tgz. Extracting by manifest.
2961 silly tarball no local data for has-flag@https://registry.npmjs.org/has-flag/-/has-flag-4.0.0.tgz. Extracting by manifest.
2962 silly tarball no local data for color-name@https://registry.npmjs.org/color-name/-/color-name-1.1.4.tgz. Extracting by manifest.
2963 silly tarball no local data for chalk@https://registry.npmjs.org/chalk/-/chalk-4.1.2.tgz. Extracting by manifest.
2964 silly tarball no local data for color-convert@https://registry.npmjs.org/color-convert/-/color-convert-2.0.1.tgz. Extracting by manifest.
2965 silly tarball no local data for chalk@https://registry.npmjs.org/chalk/-/chalk-4.1.2.tgz. Extracting by manifest.
2966 silly tarball no local data for p-locate@https://registry.npmjs.org/p-locate/-/p-locate-4.1.0.tgz. Extracting by manifest.
2967 silly tarball no local data for p-limit@https://registry.npmjs.org/p-limit/-/p-limit-2.3.0.tgz. Extracting by manifest.
2968 silly tarball no local data for find-up@https://registry.npmjs.org/find-up/-/find-up-4.1.0.tgz. Extracting by manifest.
2969 silly tarball no local data for ansi-styles@https://registry.npmjs.org/ansi-styles/-/ansi-styles-4.3.0.tgz. Extracting by manifest.
2970 silly tarball no local data for camelcase@https://registry.npmjs.org/camelcase/-/camelcase-5.3.1.tgz. Extracting by manifest.
2971 silly tarball no local data for whatwg-fetch@https://registry.npmjs.org/whatwg-fetch/-/whatwg-fetch-2.0.4.tgz. Extracting by manifest.
2972 silly tarball no local data for locate-path@https://registry.npmjs.org/locate-path/-/locate-path-5.0.0.tgz. Extracting by manifest.
2973 silly tarball no local data for idb@https://registry.npmjs.org/idb/-/idb-7.0.1.tgz. Extracting by manifest.
2974 silly tarball no local data for core-js@https://registry.npmjs.org/core-js/-/core-js-3.6.5.tgz. Extracting by manifest.
2975 silly tarball no local data for idb@https://registry.npmjs.org/idb/-/idb-7.0.1.tgz. Extracting by manifest.
2976 silly tarball no local data for idb@https://registry.npmjs.org/idb/-/idb-7.0.1.tgz. Extracting by manifest.
2977 silly tarball no local data for type-fest@https://registry.npmjs.org/type-fest/-/type-fest-0.20.2.tgz. Extracting by manifest.
2978 silly tarball no local data for js-yaml@https://registry.npmjs.org/js-yaml/-/js-yaml-4.1.0.tgz. Extracting by manifest.
2979 silly tarball no local data for globals@https://registry.npmjs.org/globals/-/globals-13.12.1.tgz. Extracting by manifest.
2980 silly tarball no local data for argparse@https://registry.npmjs.org/argparse/-/argparse-2.0.1.tgz. Extracting by manifest.
2981 silly tarball no local data for ignore@https://registry.npmjs.org/ignore/-/ignore-4.0.6.tgz. Extracting by manifest.
2982 silly tarball no local data for semver@https://registry.npmjs.org/semver/-/semver-6.3.0.tgz. Extracting by manifest.
2983 silly tarball no local data for semver@https://registry.npmjs.org/semver/-/semver-6.3.0.tgz. Extracting by manifest.
2984 silly tarball no local data for semver@https://registry.npmjs.org/semver/-/semver-6.3.0.tgz. Extracting by manifest.
2985 silly tarball no local data for eslint-visitor-keys@https://registry.npmjs.org/eslint-visitor-keys/-/eslint-visitor-keys-2.1.0.tgz. Extracting by manifest.
2986 silly tarball no local data for semver@https://registry.npmjs.org/semver/-/semver-6.3.0.tgz. Extracting by manifest.
2987 silly tarball no local data for eslint-scope@https://registry.npmjs.org/eslint-scope/-/eslint-scope-5.1.1.tgz. Extracting by manifest.
2988 silly tarball no local data for semver@https://registry.npmjs.org/semver/-/semver-6.3.0.tgz. Extracting by manifest.
2989 silly tarball no local data for estraverse@https://registry.npmjs.org/estraverse/-/estraverse-4.3.0.tgz. Extracting by manifest.
2990 silly tarball no local data for semver@https://registry.npmjs.org/semver/-/semver-6.3.0.tgz. Extracting by manifest.
2991 http fetch GET 200 https://registry.npmjs.org/npm 644ms
2992 http fetch GET 200 https://registry.npmjs.org/workbox-sw/-/workbox-sw-6.5.1.tgz 284ms (cache miss)
2993 http fetch GET 200 https://registry.npmjs.org/workbox-webpack-plugin/-/workbox-webpack-plugin-6.5.1.tgz 319ms (cache miss)
2994 http fetch GET 200 https://registry.npmjs.org/workbox-streams/-/workbox-streams-6.5.1.tgz 357ms (cache miss)
2995 http fetch GET 200 https://registry.npmjs.org/yallist/-/yallist-4.0.0.tgz 364ms (cache miss)
2996 http fetch GET 200 https://registry.npmjs.org/xmlchars/-/xmlchars-2.2.0.tgz 394ms (cache miss)
2997 http fetch GET 200 https://registry.npmjs.org/yocto-queue/-/yocto-queue-0.1.0.tgz 395ms (cache miss)
2998 http fetch GET 200 https://registry.npmjs.org/xtend/-/xtend-4.0.2.tgz 396ms (cache miss)
2999 http fetch GET 200 https://registry.npmjs.org/write-file-atomic/-/write-file-atomic-3.0.3.tgz 396ms (cache miss)
3000 http fetch GET 200 https://registry.npmjs.org/wrappy/-/wrappy-1.0.2.tgz 396ms (cache miss)
3001 http fetch GET 200 https://registry.npmjs.org/xml-name-validator/-/xml-name-validator-3.0.0.tgz 396ms (cache miss)
3002 http fetch GET 200 https://registry.npmjs.org/wrap-ansi/-/wrap-ansi-7.0.0.tgz 396ms (cache miss)
3003 http fetch POST 200 https://registry.npmjs.org/-/npm/v1/security/advisories/bulk 526ms
3004 silly audit report {
3004 silly audit report   semver: [
3004 silly audit report     {
3004 silly audit report       id: 1112921,
3004 silly audit report       url: 'https://github.com/advisories/GHSA-c2qf-rxjj-qqgw',
3004 silly audit report       title: 'semver vulnerable to Regular Expression Denial of Service',
3004 silly audit report       severity: 'high',
3004 silly audit report       vulnerable_versions: '>=7.0.0 <7.5.2',
3004 silly audit report       cwe: [Array],
3004 silly audit report       cvss: [Object]
3004 silly audit report     },
3004 silly audit report     {
3004 silly audit report       id: 1112922,
3004 silly audit report       url: 'https://github.com/advisories/GHSA-c2qf-rxjj-qqgw',
3004 silly audit report       title: 'semver vulnerable to Regular Expression Denial of Service',
3004 silly audit report       severity: 'high',
3004 silly audit report       vulnerable_versions: '>=6.0.0 <6.3.1',
3004 silly audit report       cwe: [Array],
3004 silly audit report       cvss: [Object]
3004 silly audit report     }
3004 silly audit report   ],
3004 silly audit report   '@babel/helpers': [
3004 silly audit report     {
3004 silly audit report       id: 1104001,
3004 silly audit report       url: 'https://github.com/advisories/GHSA-968p-4wvh-cqc8',
3004 silly audit report       title: 'Babel has inefficient RegExp complexity in generated code with .replace when transpiling named capturing groups',
3004 silly audit report       severity: 'moderate',
3004 silly audit report       vulnerable_versions: '<7.26.10',
3004 silly audit report       cwe: [Array],
3004 silly audit report       cvss: [Object]
3004 silly audit report     }
3004 silly audit report   ],
3004 silly audit report   '@babel/plugin-transform-modules-systemjs': [
3004 silly audit report     {
3004 silly audit report       id: 1117908,
3004 silly audit report       url: 'https://github.com/advisories/GHSA-fv7c-fp4j-7gwp',
3004 silly audit report       title: '@babel/plugin-transform-modules-systemjs generates arbitrary code when compiling malicious input',
3004 silly audit report       severity: 'high',
3004 silly audit report       vulnerable_versions: '>=7.12.0 <=7.29.3',
3004 silly audit report       cwe: [Array],
3004 silly audit report       cvss: [Object]
3004 silly audit report     }
3004 silly audit report   ],
3004 silly audit report   '@babel/runtime': [
3004 silly audit report     {
3004 silly audit report       id: 1104000,
3004 silly audit report       url: 'https://github.com/advisories/GHSA-968p-4wvh-cqc8',
3004 silly audit report       title: 'Babel has inefficient RegExp complexity in generated code with .replace when transpiling named capturing groups',
3004 silly audit report       severity: 'moderate',
3004 silly audit report       vulnerable_versions: '<7.26.10',
3004 silly audit report       cwe: [Array],
3004 silly audit report       cvss: [Object]
3004 silly audit report     }
3004 silly audit report   ],
3004 silly audit report   '@babel/runtime-corejs3': [
3004 silly audit report     {
3004 silly audit report       id: 1103998,
3004 silly audit report       url: 'https://github.com/advisories/GHSA-968p-4wvh-cqc8',
3004 silly audit report       title: 'Babel has inefficient RegExp complexity in generated code with .replace when transpiling named capturing groups',
3004 silly audit report       severity: 'moderate',
3004 silly audit report       vulnerable_versions: '<7.26.10',
3004 silly audit report       cwe: [Array],
3004 silly audit report       cvss: [Object]
3004 silly audit report     }
3004 silly audit report   ],
3004 silly audit report   '@babel/traverse': [
3004 silly audit report     {
3004 silly audit report       id: 1117420,
3004 silly audit report       url: 'https://github.com/advisories/GHSA-67hx-6x53-jw92',
3004 silly audit report       title: 'Babel vulnerable to arbitrary code execution when compiling specifically crafted malicious code',
3004 silly audit report       severity: 'critical',
3004 silly audit report       vulnerable_versions: '<7.23.2',
3004 silly audit report       cwe: [Array],
3004 silly audit report       cvss: [Object]
3004 silly audit report     }
3004 silly audit report   ],
3004 silly audit report   'js-yaml': [
3004 silly audit report     {
3004 silly audit report       id: 1112714,
3004 silly audit report       url: 'https://github.com/advisories/GHSA-mh29-5h37-fv8m',
3004 silly audit report       title: 'js-yaml has prototype pollution in merge (<<)',
3004 silly audit report       severity: 'moderate',
3004 silly audit report       vulnerable_versions: '<3.14.2',
3004 silly audit report       cwe: [Array],
3004 silly audit report       cvss: [Object]
3004 silly audit report     },
3004 silly audit report     {
3004 silly audit report       id: 1112715,
3004 silly audit report       url: 'https://github.com/advisories/GHSA-mh29-5h37-fv8m',
3004 silly audit report       title: 'js-yaml has prototype pollution in merge (<<)',
3004 silly audit report       severity: 'moderate',
3004 silly audit report       vulnerable_versions: '>=4.0.0 <4.1.1',
3004 silly audit report       cwe: [Array],
3004 silly audit report       cvss: [Object]
3004 silly audit report     }
3004 silly audit report   ],
3004 silly audit report   '@grpc/grpc-js': [
3004 silly audit report     {
3004 silly audit report       id: 1097546,
3004 silly audit report       url: 'https://github.com/advisories/GHSA-7v5v-9h63-cj86',
3004 silly audit report       title: '@grpc/grpc-js can allocate memory for incoming messages well above configured limits',
3004 silly audit report       severity: 'moderate',
3004 silly audit report       vulnerable_versions: '<1.8.22',
3004 silly audit report       cwe: [Array],
3004 silly audit report       cvss: [Object]
3004 silly audit report     }
3004 silly audit report   ],
3004 silly audit report   '@protobufjs/utf8': [
3004 silly audit report     {
3004 silly audit report       id: 1118933,
3004 silly audit report       url: 'https://github.com/advisories/GHSA-q6x5-8v7m-xcrf',
3004 silly audit report       title: 'protobufjs has overlong UTF-8 decoding',
3004 silly audit report       severity: 'moderate',
3004 silly audit report       vulnerable_versions: '<=1.1.0',
3004 silly audit report       cwe: [Array],
3004 silly audit report       cvss: [Object]
3004 silly audit report     }
3004 silly audit report   ],
3004 silly audit report   '@tootallnate/once': [
3004 silly audit report     {
3004 silly audit report       id: 1119438,
3004 silly audit report       url: 'https://github.com/advisories/GHSA-vpq2-c234-7xj6',
3004 silly audit report       title: '@tootallnate/once vulnerable to Incorrect Control Flow Scoping',
3004 silly audit report       severity: 'low',
3004 silly audit report       vulnerable_versions: '<2.0.1',
3004 silly audit report       cwe: [Array],
3004 silly audit report       cvss: [Object]
3004 silly audit report     }
3004 silly audit report   ],
3004 silly audit report   ajv: [
3004 silly audit report     {
3004 silly audit report       id: 1113714,
3004 silly audit report       url: 'https://github.com/advisories/GHSA-2g4f-4pwh-qvx6',
3004 silly audit report       title: 'ajv has ReDoS when using `$data` option',
3004 silly audit report       severity: 'moderate',
3004 silly audit report       vulnerable_versions: '<6.14.0',
3004 silly audit report       cwe: [Array],
3004 silly audit report       cvss: [Object]
3004 silly audit report     },
3004 silly audit report     {
3004 silly audit report       id: 1113715,
3004 silly audit report       url: 'https://github.com/advisories/GHSA-2g4f-4pwh-qvx6',
3004 silly audit report       title: 'ajv has ReDoS when using `$data` option',
3004 silly audit report       severity: 'moderate',
3004 silly audit report       vulnerable_versions: '>=7.0.0-alpha.0 <8.18.0',
3004 silly audit report       cwe: [Array],
3004 silly audit report       cvss: [Object]
3004 silly audit report     }
3004 silly audit report   ],
3004 silly audit report   async: [
3004 silly audit report     {
3004 silly audit report       id: 1097691,
3004 silly audit report       url: 'https://github.com/advisories/GHSA-fwr7-v2mv-hh25',
3004 silly audit report       title: 'Prototype Pollution in async',
3004 silly audit report       severity: 'high',
3004 silly audit report       vulnerable_versions: '>=2.0.0 <2.6.4',
3004 silly audit report       cwe: [Array],
3004 silly audit report       cvss: [Object]
3004 silly audit report     }
3004 silly audit report   ],
3004 silly audit report   'form-data': [
3004 silly audit report     {
3004 silly audit report       id: 1109539,
3004 silly audit report       url: 'https://github.com/advisories/GHSA-fjxv-7rqg-78g4',
3004 silly audit report       title: 'form-data uses unsafe random function in form-data for choosing boundary',
3004 silly audit report       severity: 'critical',
3004 silly audit report       vulnerable_versions: '>=3.0.0 <3.0.4',
3004 silly audit report       cwe: [Array],
3004 silly audit report       cvss: [Object]
3004 silly audit report     }
3004 silly audit report   ],
3004 silly audit report   json5: [
3004 silly audit report     {
3004 silly audit report       id: 1096543,
3004 silly audit report       url: 'https://github.com/advisories/GHSA-9c47-m6qq-7p4h',
3004 silly audit report       title: 'Prototype Pollution in JSON5 via Parse Method',
3004 silly audit report       severity: 'high',
3004 silly audit report       vulnerable_versions: '<1.0.2',
3004 silly audit report       cwe: [Array],
3004 silly audit report       cvss: [Object]
3004 silly audit report     },
3004 silly audit report     {
3004 silly audit report       id: 1096544,
3004 silly audit report       url: 'https://github.com/advisories/GHSA-9c47-m6qq-7p4h',
3004 silly audit report       title: 'Prototype Pollution in JSON5 via Parse Method',
3004 silly audit report       severity: 'high',
3004 silly audit report       vulnerable_versions: '>=2.0.0 <2.2.2',
3004 silly audit report       cwe: [Array],
3004 silly audit report       cvss: [Object]
3004 silly audit report     }
3004 silly audit report   ],
3004 silly audit report   'loader-utils': [
3004 silly audit report     {
3004 silly audit report       id: 1109586,
3004 silly audit report       url: 'https://github.com/advisories/GHSA-hhq3-ff78-jv3g',
3004 silly audit report       title: 'loader-utils is vulnerable to Regular Expression Denial of Service (ReDoS)',
3004 silly audit report       severity: 'high',
3004 silly audit report       vulnerable_versions: '>=3.0.0 <3.2.1',
3004 silly audit report       cwe: [Array],
3004 silly audit report       cvss: [Object]
3004 silly audit report     },
3004 silly audit report     {
3004 silly audit report       id: 1109587,
3004 silly audit report       url: 'https://github.com/advisories/GHSA-hhq3-ff78-jv3g',
3004 silly audit report       title: 'loader-utils is vulnerable to Regular Expression Denial of Service (ReDoS)',
3004 silly audit report       severity: 'high',
3004 silly audit report       vulnerable_versions: '>=2.0.0 <2.0.4',
3004 silly audit report       cwe: [Array],
3004 silly audit report       cvss: [Object]
3004 silly audit report     },
3004 silly audit report     {
3004 silly audit report       id: 1109588,
3004 silly audit report       url: 'https://github.com/advisories/GHSA-hhq3-ff78-jv3g',
3004 silly audit report       title: 'loader-utils is vulnerable to Regular Expression Denial of Service (ReDoS)',
3004 silly audit report       severity: 'high',
3004 silly audit report       vulnerable_versions: '>=1.0.0 <1.4.2',
3004 silly audit report       cwe: [Array],
3004 silly audit report       cvss: [Object]
3004 silly audit report     },
3004 silly audit report     {
3004 silly audit report       id: 1095053,
3004 silly audit report       url: 'https://github.com/advisories/GHSA-3rfm-jhwj-7488',
3004 silly audit report       title: 'loader-utils is vulnerable to Regular Expression Denial of Service (ReDoS) via url variable',
3004 silly audit report       severity: 'high',
3004 silly audit report       vulnerable_versions: '>=3.0.0 <3.2.1',
3004 silly audit report       cwe: [Array],
3004 silly audit report       cvss: [Object]
3004 silly audit report     },
3004 silly audit report     {
3004 silly audit report       id: 1095054,
3004 silly audit report       url: 'https://github.com/advisories/GHSA-3rfm-jhwj-7488',
3004 silly audit report       title: 'loader-utils is vulnerable to Regular Expression Denial of Service (ReDoS) via url variable',
3004 silly audit report       severity: 'high',
3004 silly audit report       vulnerable_versions: '>=2.0.0 <2.0.4',
3004 silly audit report       cwe: [Array],
3004 silly audit report       cvss: [Object]
3004 silly audit report     },
3004 silly audit report     {
3004 silly audit report       id: 1095055,
3004 silly audit report       url: 'https://github.com/advisories/GHSA-3rfm-jhwj-7488',
3004 silly audit report       title: 'loader-utils is vulnerable to Regular Expression Denial of Service (ReDoS) via url variable',
3004 silly audit report       severity: 'high',
3004 silly audit report       vulnerable_versions: '>=1.0.0 <1.4.2',
3004 silly audit report       cwe: [Array],
3004 silly audit report       cvss: [Object]
3004 silly audit report     },
3004 silly audit report     {
3004 silly audit report       id: 1094088,
3004 silly audit report       url: 'https://github.com/advisories/GHSA-76p3-8jx3-jpfq',
3004 silly audit report       title: 'Prototype pollution in webpack loader-utils',
3004 silly audit report       severity: 'critical',
3004 silly audit report       vulnerable_versions: '<1.4.1',
3004 silly audit report       cwe: [Array],
3004 silly audit report       cvss: [Object]
3004 silly audit report     },
3004 silly audit report     {
3004 silly audit report       id: 1094089,
3004 silly audit report       url: 'https://github.com/advisories/GHSA-76p3-8jx3-jpfq',
3004 silly audit report       title: 'Prototype pollution in webpack loader-utils',
3004 silly audit report       severity: 'critical',
3004 silly audit report       vulnerable_versions: '>=2.0.0 <2.0.3',
3004 silly audit report       cwe: [Array],
3004 silly audit report       cvss: [Object]
3004 silly audit report     }
3004 silly audit report   ],
3004 silly audit report   'body-parser': [
3004 silly audit report     {
3004 silly audit report       id: 1099520,
3004 silly audit report       url: 'https://github.com/advisories/GHSA-qwcr-r2fm-qrc7',
3004 silly audit report       title: 'body-parser vulnerable to denial of service when url encoding is enabled',
3004 silly audit report       severity: 'high',
3004 silly audit report       vulnerable_versions: '<1.20.3',
3004 silly audit report       cwe: [Array],
3004 silly audit report       cvss: [Object]
3004 silly audit report     }
3004 silly audit report   ],
3004 silly audit report   'brace-expansion': [
3004 silly audit report     {
3004 silly audit report       id: 1105443,
3004 silly audit report       url: 'https://github.com/advisories/GHSA-v6h2-p8h4-qcjw',
3004 silly audit report       title: 'brace-expansion Regular Expression Denial of Service vulnerability',
3004 silly audit report       severity: 'low',
3004 silly audit report       vulnerable_versions: '>=1.0.0 <=1.1.11',
3004 silly audit report       cwe: [Array],
3004 silly audit report       cvss: [Object]
3004 silly audit report     },
3004 silly audit report     {
3004 silly audit report       id: 1115540,
3004 silly audit report       url: 'https://github.com/advisories/GHSA-f886-m6hf-6m8v',
3004 silly audit report       title: 'brace-expansion: Zero-step sequence causes process hang and memory exhaustion',
3004 silly audit report       severity: 'moderate',
3004 silly audit report       vulnerable_versions: '<1.1.13',
3004 silly audit report       cwe: [Array],
3004 silly audit report       cvss: [Object]
3004 silly audit report     }
3004 silly audit report   ],
3004 silly audit report   braces: [
3004 silly audit report     {
3004 silly audit report       id: 1098094,
3004 silly audit report       url: 'https://github.com/advisories/GHSA-grv7-fg5c-xmjg',
3004 silly audit report       title: 'Uncontrolled resource consumption in braces',
3004 silly audit report       severity: 'high',
3004 silly audit report       vulnerable_versions: '<3.0.3',
3004 silly audit report       cwe: [Array],
3004 silly audit report       cvss: [Object]
3004 silly audit report     }
3004 silly audit report   ],
3004 silly audit report   cookie: [
3004 silly audit report     {
3004 silly audit report       id: 1103907,
3004 silly audit report       url: 'https://github.com/advisories/GHSA-pxg6-pf52-xh8x',
3004 silly audit report       title: 'cookie accepts cookie name, path, and domain with out of bounds characters',
3004 silly audit report       severity: 'low',
3004 silly audit report       vulnerable_versions: '<0.7.0',
3004 silly audit report       cwe: [Array],
3004 silly audit report       cvss: [Object]
3004 silly audit report     }
3004 silly audit report   ],
3004 silly audit report   'cross-spawn': [
3004 silly audit report     {
3004 silly audit report       id: 1104664,
3004 silly audit report       url: 'https://github.com/advisories/GHSA-3xgq-45jj-v275',
3004 silly audit report       title: 'Regular Expression Denial of Service (ReDoS) in cross-spawn',
3004 silly audit report       severity: 'high',
3004 silly audit report       vulnerable_versions: '>=7.0.0 <7.0.5',
3004 silly audit report       cwe: [Array],
3004 silly audit report       cvss: [Object]
3004 silly audit report     }
3004 silly audit report   ],
3004 silly audit report   'decode-uri-component': [
3004 silly audit report     {
3004 silly audit report       id: 1094087,
3004 silly audit report       url: 'https://github.com/advisories/GHSA-w573-4hg7-7wgq',
3004 silly audit report       title: 'decode-uri-component vulnerable to Denial of Service (DoS)',
3004 silly audit report       severity: 'high',
3004 silly audit report       vulnerable_versions: '<0.2.1',
3004 silly audit report       cwe: [Array],
3004 silly audit report       cvss: [Object]
3004 silly audit report     }
3004 silly audit report   ],
3004 silly audit report   ejs: [
3004 silly audit report     {
3004 silly audit report       id: 1089270,
3004 silly audit report       url: 'https://github.com/advisories/GHSA-phwq-j96m-2c2q',
3004 silly audit report       title: 'ejs template injection vulnerability',
3004 silly audit report       severity: 'critical',
3004 silly audit report       vulnerable_versions: '<3.1.7',
3004 silly audit report       cwe: [Array],
3004 silly audit report       cvss: [Object]
3004 silly audit report     },
3004 silly audit report     {
3004 silly audit report       id: 1098366,
3004 silly audit report       url: 'https://github.com/advisories/GHSA-ghr5-ch3p-vcr6',
3004 silly audit report       title: 'ejs lacks certain pollution protection',
3004 silly audit report       severity: 'moderate',
3004 silly audit report       vulnerable_versions: '<3.1.10',
3004 silly audit report       cwe: [Array],
3004 silly audit report       cvss: [Object]
3004 silly audit report     }
3004 silly audit report   ],
3004 silly audit report   express: [
3004 silly audit report     {
3004 silly audit report       id: 1100530,
3004 silly audit report       url: 'https://github.com/advisories/GHSA-qw6h-vgh9-j6wx',
3004 silly audit report       title: 'express vulnerable to XSS via response.redirect()',
3004 silly audit report       severity: 'low',
3004 silly audit report       vulnerable_versions: '<4.20.0',
3004 silly audit report       cwe: [Array],
3004 silly audit report       cvss: [Object]
3004 silly audit report     },
3004 silly audit report     {
3004 silly audit report       id: 1111636,
3004 silly audit report       url: 'https://github.com/advisories/GHSA-rv95-896h-c2vc',
3004 silly audit report       title: 'Express.js Open Redirect in malformed URLs',
3004 silly audit report       severity: 'moderate',
3004 silly audit report       vulnerable_versions: '<4.19.2',
3004 silly audit report       cwe: [Array],
3004 silly audit report       cvss: [Object]
3004 silly audit report     }
3004 silly audit report   ],
3004 silly audit report   firebase: [
3004 silly audit report     {
3004 silly audit report       id: 1100557,
3004 silly audit report       url: 'https://github.com/advisories/GHSA-3wf4-68gx-mph8',
3004 silly audit report       title: 'Firebase JavaScript SDK allows attackers to manipulate the "_authTokenSyncURL" to point to their own server',
3004 silly audit report       severity: 'moderate',
3004 silly audit report       vulnerable_versions: '<10.9.0',
3004 silly audit report       cwe: [Array],
3004 silly audit report       cvss: [Object]
3004 silly audit report     }
3004 silly audit report   ],
3004 silly audit report   flatted: [
3004 silly audit report     {
3004 silly audit report       id: 1114526,
3004 silly audit report       url: 'https://github.com/advisories/GHSA-25h7-pfq9-p65f',
3004 silly audit report       title: 'flatted vulnerable to unbounded recursion DoS in parse() revive phase',
3004 silly audit report       severity: 'high',
3004 silly audit report       vulnerable_versions: '<3.4.0',
3004 silly audit report       cwe: [Array],
3004 silly audit report       cvss: [Object]
3004 silly audit report     },
3004 silly audit report     {
3004 silly audit report       id: 1115357,
3004 silly audit report       url: 'https://github.com/advisories/GHSA-rf6f-7fwh-wjgh',
3004 silly audit report       title: 'Prototype Pollution via parse() in NodeJS flatted',
3004 silly audit report       severity: 'high',
3004 silly audit report       vulnerable_versions: '<=3.4.1',
3004 silly audit report       cwe: [Array],
3004 silly audit report       cvss: [Object]
3004 silly audit report     }
3004 silly audit report   ],
3004 silly audit report   'follow-redirects': [
3004 silly audit report     {
3004 silly audit report       id: 1109569,
3004 silly audit report       url: 'https://github.com/advisories/GHSA-jchw-25xp-jwwc',
3004 silly audit report       title: 'Follow Redirects improperly handles URLs in the url.parse() function',
3004 silly audit report       severity: 'moderate',
3004 silly audit report       vulnerable_versions: '<1.15.4',
3004 silly audit report       cwe: [Array],
3004 silly audit report       cvss: [Object]
3004 silly audit report     },
3004 silly audit report     {
3004 silly audit report       id: 1096856,
3004 silly audit report       url: 'https://github.com/advisories/GHSA-cxjh-pqwp-8mfp',
3004 silly audit report       title: "follow-redirects' Proxy-Authorization header kept across hosts",
3004 silly audit report       severity: 'moderate',
3004 silly audit report       vulnerable_versions: '<=1.15.5',
3004 silly audit report       cwe: [Array],
3004 silly audit report       cvss: [Object]
3004 silly audit report     },
3004 silly audit report     {
3004 silly audit report       id: 1116560,
3004 silly audit report       url: 'https://github.com/advisories/GHSA-r4q5-vmmm-2653',
3004 silly audit report       title: 'follow-redirects leaks Custom Authentication Headers to Cross-Domain Redirect Targets',
3004 silly audit report       severity: 'moderate',
3004 silly audit report       vulnerable_versions: '<=1.15.11',
3004 silly audit report       cwe: [Array],
3004 silly audit report       cvss: [Object]
3004 silly audit report     }
3004 silly audit report   ],
3004 silly audit report   'http-proxy-middleware': [
3004 silly audit report     {
3004 silly audit report       id: 1100223,
3004 silly audit report       url: 'https://github.com/advisories/GHSA-c7qv-q95q-8v27',
3004 silly audit report       title: 'Denial of service in http-proxy-middleware',
3004 silly audit report       severity: 'high',
3004 silly audit report       vulnerable_versions: '<2.0.7',
3004 silly audit report       cwe: [Array],
3004 silly audit report       cvss: [Object]
3004 silly audit report     },
3004 silly audit report     {
3004 silly audit report       id: 1104105,
3004 silly audit report       url: 'https://github.com/advisories/GHSA-9gqv-wp59-fq42',
3004 silly audit report       title: 'http-proxy-middleware allows fixRequestBody to proceed even if bodyParser has failed',
3004 silly audit report       severity: 'moderate',
3004 silly audit report       vulnerable_versions: '>=1.3.0 <2.0.9',
3004 silly audit report       cwe: [Array],
3004 silly audit report       cvss: [Object]
3004 silly audit report     },
3004 silly audit report     {
3004 silly audit report       id: 1104106,
3004 silly audit report       url: 'https://github.com/advisories/GHSA-4www-5p9h-95mh',
3004 silly audit report       title: 'http-proxy-middleware can call writeBody twice because "else if" is not used',
3004 silly audit report       severity: 'moderate',
3004 silly audit report       vulnerable_versions: '>=1.3.0 <2.0.8',
3004 silly audit report       cwe: [Array],
3004 silly audit report       cvss: [Object]
3004 silly audit report     }
3004 silly audit report   ],
3004 silly audit report   ip: [
3004 silly audit report     {
3004 silly audit report       id: 1101851,
3004 silly audit report       url: 'https://github.com/advisories/GHSA-2p57-rm9w-gvfp',
3004 silly audit report       title: 'ip SSRF improper categorization in isPublic',
3004 silly audit report       severity: 'high',
3004 silly audit report       vulnerable_versions: '<=2.0.1',
3004 silly audit report       cwe: [Array],
3004 silly audit report       cvss: [Object]
3004 silly audit report     },
3004 silly audit report     {
3004 silly audit report       id: 1114831,
3004 silly audit report       url: 'https://github.com/advisories/GHSA-78xj-cgh5-2h22',
3004 silly audit report       title: 'NPM IP package incorrectly identifies some private IP addresses as public',
3004 silly audit report       severity: 'low',
3004 silly audit report       vulnerable_versions: '<1.1.9',
3004 silly audit report       cwe: [Array],
3004 silly audit report       cvss: [Object]
3004 silly audit report     }
3004 silly audit report   ],
3004 silly audit report   lodash: [
3004 silly audit report     {
3004 silly audit report       id: 1112455,
3004 silly audit report       url: 'https://github.com/advisories/GHSA-xxjr-mmjv-4gpg',
3004 silly audit report       title: 'Lodash has Prototype Pollution Vulnerability in `_.unset` and `_.omit` functions',
3004 silly audit report       severity: 'moderate',
3004 silly audit report       vulnerable_versions: '>=4.0.0 <=4.17.22',
3004 silly audit report       cwe: [Array],
3004 silly audit report       cvss: [Object]
3004 silly audit report     },
3004 silly audit report     {
3004 silly audit report       id: 1115806,
3004 silly audit report       url: 'https://github.com/advisories/GHSA-r5fr-rjxr-66jc',
3004 silly audit report       title: 'lodash vulnerable to Code Injection via `_.template` imports key names',
3004 silly audit report       severity: 'high',
3004 silly audit report       vulnerable_versions: '>=4.0.0 <=4.17.23',
3004 silly audit report       cwe: [Array],
3004 silly audit report       cvss: [Object]
3004 silly audit report     },
3004 silly audit report     {
3004 silly audit report       id: 1115810,
3004 silly audit report       url: 'https://github.com/advisories/GHSA-f23m-r3pf-42rh',
3004 silly audit report       title: 'lodash vulnerable to Prototype Pollution via array path bypass in `_.unset` and `_.omit`',
3004 silly audit report       severity: 'moderate',
3004 silly audit report       vulnerable_versions: '<=4.17.23',
3004 silly audit report       cwe: [Array],
3004 silly audit report       cvss: [Object]
3004 silly audit report     }
3004 silly audit report   ],
3004 silly audit report   micromatch: [
3004 silly audit report     {
3004 silly audit report       id: 1098681,
3004 silly audit report       url: 'https://github.com/advisories/GHSA-952p-6rrq-rcjv',
3004 silly audit report       title: 'Regular Expression Denial of Service (ReDoS) in micromatch',
3004 silly audit report       severity: 'moderate',
3004 silly audit report       vulnerable_versions: '<4.0.8',
3004 silly audit report       cwe: [Array],
3004 silly audit report       cvss: [Object]
3004 silly audit report     }
3004 silly audit report   ],
3004 silly audit report   minimatch: [
3004 silly audit report     {
3004 silly audit report       id: 1113459,
3004 silly audit report       url: 'https://github.com/advisories/GHSA-3ppc-4f35-3m26',
3004 silly audit report       title: 'minimatch has a ReDoS via repeated wildcards with non-matching literal in pattern',
3004 silly audit report       severity: 'high',
3004 silly audit report       vulnerable_versions: '<3.1.3',
3004 silly audit report       cwe: [Array],
3004 silly audit report       cvss: [Object]
3004 silly audit report     },
3004 silly audit report     {
3004 silly audit report       id: 1113538,
3004 silly audit report       url: 'https://github.com/advisories/GHSA-7r86-cg39-jmmj',
3004 silly audit report       title: 'minimatch has ReDoS: matchOne() combinatorial backtracking via multiple non-adjacent GLOBSTAR segments',
3004 silly audit report       severity: 'high',
3004 silly audit report       vulnerable_versions: '<3.1.3',
3004 silly audit report       cwe: [Array],
3004 silly audit report       cvss: [Object]
3004 silly audit report     },
3004 silly audit report     {
3004 silly audit report       id: 1113546,
3004 silly audit report       url: 'https://github.com/advisories/GHSA-23c5-xmqv-rm74',
3004 silly audit report       title: 'minimatch ReDoS: nested *() extglobs generate catastrophically backtracking regular expressions',
3004 silly audit report       severity: 'high',
3004 silly audit report       vulnerable_versions: '<3.1.4',
3004 silly audit report       cwe: [Array],
3004 silly audit report       cvss: [Object]
3004 silly audit report     },
3004 silly audit report     {
3004 silly audit report       id: 1096485,
3004 silly audit report       url: 'https://github.com/advisories/GHSA-f8q6-p94x-37v3',
3004 silly audit report       title: 'minimatch ReDoS vulnerability',
3004 silly audit report       severity: 'high',
3004 silly audit report       vulnerable_versions: '<3.0.5',
3004 silly audit report       cwe: [Array],
3004 silly audit report       cvss: [Object]
3004 silly audit report     }
3004 silly audit report   ],
3004 silly audit report   minimist: [
3004 silly audit report     {
3004 silly audit report       id: 1097678,
3004 silly audit report       url: 'https://github.com/advisories/GHSA-xvch-5gv4-984h',
3004 silly audit report       title: 'Prototype Pollution in minimist',
3004 silly audit report       severity: 'critical',
3004 silly audit report       vulnerable_versions: '>=1.0.0 <1.2.6',
3004 silly audit report       cwe: [Array],
3004 silly audit report       cvss: [Object]
3004 silly audit report     }
3004 silly audit report   ],
3004 silly audit report   nanoid: [
3004 silly audit report     {
3004 silly audit report       id: 1109563,
3004 silly audit report       url: 'https://github.com/advisories/GHSA-mwcw-c2x4-8c55',
3004 silly audit report       title: 'Predictable results in nanoid generation when given non-integer values',
3004 silly audit report       severity: 'moderate',
3004 silly audit report       vulnerable_versions: '<3.3.8',
3004 silly audit report       cwe: [Array],
3004 silly audit report       cvss: [Object]
3004 silly audit report     }
3004 silly audit report   ],
3004 silly audit report   'node-forge': [
3004 silly audit report     {
3004 silly audit report       id: 1102321,
3004 silly audit report       url: 'https://github.com/advisories/GHSA-x4jg-mjrx-434g',
3004 silly audit report       title: 'Improper Verification of Cryptographic Signature in node-forge',
3004 silly audit report       severity: 'high',
3004 silly audit report       vulnerable_versions: '<1.3.0',
3004 silly audit report       cwe: [Array],
3004 silly audit report       cvss: [Object]
3004 silly audit report     },
3004 silly audit report     {
3004 silly audit report       id: 1102322,
3004 silly audit report       url: 'https://github.com/advisories/GHSA-cfm4-qjh2-4765',
3004 silly audit report       title: 'Improper Verification of Cryptographic Signature in node-forge',
3004 silly audit report       severity: 'high',
3004 silly audit report       vulnerable_versions: '<1.3.0',
3004 silly audit report       cwe: [Array],
3004 silly audit report       cvss: [Object]
3004 silly audit report     },
3004 silly audit report     {
3004 silly audit report       id: 1110996,
3004 silly audit report       url: 'https://github.com/advisories/GHSA-554w-wpv2-vw27',
3004 silly audit report       title: 'node-forge has ASN.1 Unbounded Recursion',
3004 silly audit report       severity: 'high',
3004 silly audit report       vulnerable_versions: '<1.3.2',
3004 silly audit report       cwe: [Array],
3004 silly audit report       cvss: [Object]
3004 silly audit report     },
3004 silly audit report     {
3004 silly audit report       id: 1110998,
3004 silly audit report       url: 'https://github.com/advisories/GHSA-5gfm-wpxj-wjgq',
3004 silly audit report       title: 'node-forge has an Interpretation Conflict vulnerability via its ASN.1 Validator Desynchronization',
3004 silly audit report       severity: 'high',
3004 silly audit report       vulnerable_versions: '<1.3.2',
3004 silly audit report       cwe: [Array],
3004 silly audit report       cvss: [Object]
3004 silly audit report     },
3004 silly audit report     {
3004 silly audit report       id: 1111068,
3004 silly audit report       url: 'https://github.com/advisories/GHSA-65ch-62r8-g69g',
3004 silly audit report       title: 'node-forge is vulnerable to ASN.1 OID Integer Truncation',
3004 silly audit report       severity: 'moderate',
3004 silly audit report       vulnerable_versions: '<1.3.2',
3004 silly audit report       cwe: [Array],
3004 silly audit report       cvss: [Object]
3004 silly audit report     },
3004 silly audit report     {
3004 silly audit report       id: 1115545,
3004 silly audit report       url: 'https://github.com/advisories/GHSA-2328-f5f3-gj25',
3004 silly audit report       title: 'Forge has a basicConstraints bypass in its certificate chain verification (RFC 5280 violation)',
3004 silly audit report       severity: 'high',
3004 silly audit report       vulnerable_versions: '<=1.3.3',
3004 silly audit report       cwe: [Array],
3004 silly audit report       cvss: [Object]
3004 silly audit report     },
3004 silly audit report     {
3004 silly audit report       id: 1115546,
3004 silly audit report       url: 'https://github.com/advisories/GHSA-q67f-28xg-22rw',
3004 silly audit report       title: 'Forge has signature forgery in Ed25519 due to missing S > L check',
3004 silly audit report       severity: 'high',
3004 silly audit report       vulnerable_versions: '<1.4.0',
3004 silly audit report       cwe: [Array],
3004 silly audit report       cvss: [Object]
3004 silly audit report     },
3004 silly audit report     {
3004 silly audit report       id: 1115548,
3004 silly audit report       url: 'https://github.com/advisories/GHSA-5m6q-g25r-mvwx',
3004 silly audit report       title: 'Forge has Denial of Service via Infinite Loop in BigInteger.modInverse() with Zero Input',
3004 silly audit report       severity: 'high',
3004 silly audit report       vulnerable_versions: '<1.4.0',
3004 silly audit report       cwe: [Array],
3004 silly audit report       cvss: [Object]
3004 silly audit report     },
3004 silly audit report     {
3004 silly audit report       id: 1115612,
3004 silly audit report       url: 'https://github.com/advisories/GHSA-ppp5-5v6c-4jwp',
3004 silly audit report       title: 'Forge has signature forgery in RSA-PKCS due to ASN.1 extra field  ',
3004 silly audit report       severity: 'high',
3004 silly audit report       vulnerable_versions: '<1.4.0',
3004 silly audit report       cwe: [Array],
3004 silly audit report       cvss: [Object]
3004 silly audit report     },
3004 silly audit report     {
3004 silly audit report       id: 1088746,
3004 silly audit report       url: 'https://github.com/advisories/GHSA-2r2c-g63r-vccr',
3004 silly audit report       title: 'Improper Verification of Cryptographic Signature in `node-forge`',
3004 silly audit report       severity: 'moderate',
3004 silly audit report       vulnerable_versions: '<1.3.0',
3004 silly audit report       cwe: [Array],
3004 silly audit report       cvss: [Object]
3004 silly audit report     }
3004 silly audit report   ],
3004 silly audit report   'nth-check': [
3004 silly audit report     {
3004 silly audit report       id: 1095141,
3004 silly audit report       url: 'https://github.com/advisories/GHSA-rp65-9cf3-cjxr',
3004 silly audit report       title: 'Inefficient Regular Expression Complexity in nth-check',
3004 silly audit report       severity: 'high',
3004 silly audit report       vulnerable_versions: '<2.0.1',
3004 silly audit report       cwe: [Array],
3004 silly audit report       cvss: [Object]
3004 silly audit report     }
3004 silly audit report   ],
3004 silly audit report   'on-headers': [
3004 silly audit report     {
3004 silly audit report       id: 1106812,
3004 silly audit report       url: 'https://github.com/advisories/GHSA-76c9-3jph-rj3q',
3004 silly audit report       title: 'on-headers is vulnerable to http response header manipulation',
3004 silly audit report       severity: 'low',
3004 silly audit report       vulnerable_versions: '<1.1.0',
3004 silly audit report       cwe: [Array],
3004 silly audit report       cvss: [Object]
3004 silly audit report     }
3004 silly audit report   ],
3004 silly audit report   'path-to-regexp': [
3004 silly audit report     {
3004 silly audit report       id: 1101850,
3004 silly audit report       url: 'https://github.com/advisories/GHSA-9wv6-86v2-598j',
3004 silly audit report       title: 'path-to-regexp outputs backtracking regular expressions',
3004 silly audit report       severity: 'high',
3004 silly audit report       vulnerable_versions: '<0.1.10',
3004 silly audit report       cwe: [Array],
3004 silly audit report       cvss: [Object]
3004 silly audit report     },
3004 silly audit report     {
3004 silly audit report       id: 1105199,
3004 silly audit report       url: 'https://github.com/advisories/GHSA-rhx6-c78j-4q9w',
3004 silly audit report       title: 'path-to-regexp contains a ReDoS',
3004 silly audit report       severity: 'high',
3004 silly audit report       vulnerable_versions: '<0.1.12',
3004 silly audit report       cwe: [Array],
3004 silly audit report       cvss: [Object]
3004 silly audit report     },
3004 silly audit report     {
3004 silly audit report       id: 1115527,
3004 silly audit report       url: 'https://github.com/advisories/GHSA-37ch-88jc-xwx2',
3004 silly audit report       title: 'path-to-regexp vulnerable to Regular Expression Denial of Service via multiple route parameters',
3004 silly audit report       severity: 'high',
3004 silly audit report       vulnerable_versions: '<0.1.13',
3004 silly audit report       cwe: [Array],
3004 silly audit report       cvss: [Object]
3004 silly audit report     }
3004 silly audit report   ],
3004 silly audit report   picomatch: [
3004 silly audit report     {
3004 silly audit report       id: 1115549,
3004 silly audit report       url: 'https://github.com/advisories/GHSA-3v7f-55p6-f55p',
3004 silly audit report       title: 'Picomatch: Method Injection in POSIX Character Classes causes incorrect Glob Matching',
3004 silly audit report       severity: 'moderate',
3004 silly audit report       vulnerable_versions: '<2.3.2',
3004 silly audit report       cwe: [Array],
3004 silly audit report       cvss: [Object]
3004 silly audit report     },
3004 silly audit report     {
3004 silly audit report       id: 1115552,
3004 silly audit report       url: 'https://github.com/advisories/GHSA-c2c7-rcm5-vvqj',
3004 silly audit report       title: 'Picomatch has a ReDoS vulnerability via extglob quantifiers',
3004 silly audit report       severity: 'high',
3004 silly audit report       vulnerable_versions: '<2.3.2',
3004 silly audit report       cwe: [Array],
3004 silly audit report       cvss: [Object]
3004 silly audit report     }
3004 silly audit report   ],
3004 silly audit report   postcss: [
3004 silly audit report     {
3004 silly audit report       id: 1109574,
3004 silly audit report       url: 'https://github.com/advisories/GHSA-7fh5-64p2-3v2j',
3004 silly audit report       title: 'PostCSS line return parsing error',
3004 silly audit report       severity: 'moderate',
3004 silly audit report       vulnerable_versions: '<8.4.31',
3004 silly audit report       cwe: [Array],
3004 silly audit report       cvss: [Object]
3004 silly audit report     },
3004 silly audit report     {
3004 silly audit report       id: 1117015,
3004 silly audit report       url: 'https://github.com/advisories/GHSA-qx2v-qp2m-jg93',
3004 silly audit report       title: 'PostCSS has XSS via Unescaped </style> in its CSS Stringify Output',
3004 silly audit report       severity: 'moderate',
3004 silly audit report       vulnerable_versions: '<8.5.10',
3004 silly audit report       cwe: [Array],
3004 silly audit report       cvss: [Object]
3004 silly audit report     }
3004 silly audit report   ],
3004 silly audit report   svgo: [
3004 silly audit report     {
3004 silly audit report       id: 1114152,
3004 silly audit report       url: 'https://github.com/advisories/GHSA-xpqw-6gx7-v673',
3004 silly audit report       title: 'SVGO DoS through entity expansion in DOCTYPE (Billion Laughs)',
3004 silly audit report       severity: 'high',
3004 silly audit report       vulnerable_versions: '>=2.1.0 <2.8.1',
3004 silly audit report       cwe: [Array],
3004 silly audit report       cvss: [Object]
3004 silly audit report     }
3004 silly audit report   ],
3004 silly audit report   protobufjs: [
3004 silly audit report     {
3004 silly audit report       id: 1118641,
3004 silly audit report       url: 'https://github.com/advisories/GHSA-66ff-xgx4-vchm',
3004 silly audit report       title: 'protobuf.js: Code injection through bytes field defaults in generated toObject code',
3004 silly audit report       severity: 'high',
3004 silly audit report       vulnerable_versions: '<=7.5.5',
3004 silly audit report       cwe: [Array],
3004 silly audit report       cvss: [Object]
3004 silly audit report     },
3004 silly audit report     {
3004 silly audit report       id: 1118924,
3004 silly audit report       url: 'https://github.com/advisories/GHSA-2pr8-phx7-x9h3',
3004 silly audit report       title: 'protobuf.js: Denial of service from crafted field names in generated code',
3004 silly audit report       severity: 'moderate',
3004 silly audit report       vulnerable_versions: '<=7.5.5',
3004 silly audit report       cwe: [Array],
3004 silly audit report       cvss: [Object]
3004 silly audit report     },
3004 silly audit report     {
3004 silly audit report       id: 1118926,
3004 silly audit report       url: 'https://github.com/advisories/GHSA-fx83-v9x8-x52w',
3004 silly audit report       title: 'protobuf.js: Prototype injection in generated message constructors',
3004 silly audit report       severity: 'moderate',
3004 silly audit report       vulnerable_versions: '<=7.5.5',
3004 silly audit report       cwe: [Array],
3004 silly audit report       cvss: [Object]
3004 silly audit report     },
3004 silly audit report     {
3004 silly audit report       id: 1118928,
3004 silly audit report       url: 'https://github.com/advisories/GHSA-75px-5xx7-5xc7',
3004 silly audit report       title: 'protobuf.js: Code generation gadget after prototype pollution',
3004 silly audit report       severity: 'high',
3004 silly audit report       vulnerable_versions: '<=7.5.5',
3004 silly audit report       cwe: [Array],
3004 silly audit report       cvss: [Object]
3004 silly audit report     },
3004 silly audit report     {
3004 silly audit report       id: 1118930,
3004 silly audit report       url: 'https://github.com/advisories/GHSA-jvwf-75h9-cwgg',
3004 silly audit report       title: 'protobuf.js: Process-wide denial of service through unsafe option paths',
3004 silly audit report       severity: 'high',
3004 silly audit report       vulnerable_versions: '<=7.5.5',
3004 silly audit report       cwe: [Array],
3004 silly audit report       cvss: [Object]
3004 silly audit report     },
3004 silly audit report     {
3004 silly audit report       id: 1118932,
3004 silly audit report       url: 'https://github.com/advisories/GHSA-685m-2w69-288q',
3004 silly audit report       title: 'protobuf.js: Denial of service through unbounded protobuf recursion',
3004 silly audit report       severity: 'high',
3004 silly audit report       vulnerable_versions: '<=7.5.5',
3004 silly audit report       cwe: [Array],
3004 silly audit report       cvss: [Object]
3004 silly audit report     },
3004 silly audit report     {
3004 silly audit report       id: 1118935,
3004 silly audit report       url: 'https://github.com/advisories/GHSA-q6x5-8v7m-xcrf',
3004 silly audit report       title: 'protobufjs has overlong UTF-8 decoding',
3004 silly audit report       severity: 'moderate',
3004 silly audit report       vulnerable_versions: '<=7.5.5',
3004 silly audit report       cwe: [Array],
3004 silly audit report       cvss: [Object]
3004 silly audit report     },
3004 silly audit report     {
3004 silly audit report       id: 1119378,
3004 silly audit report       url: 'https://github.com/advisories/GHSA-jggg-4jg4-v7c6',
3004 silly audit report       title: 'protobufjs: Denial of Service via unbounded recursive JSON descriptor expansion',
3004 silly audit report       severity: 'moderate',
3004 silly audit report       vulnerable_versions: '<=7.5.7',
3004 silly audit report       cwe: [Array],
3004 silly audit report       cvss: [Object]
3004 silly audit report     },
3004 silly audit report     {
3004 silly audit report       id: 1117571,
3004 silly audit report       url: 'https://github.com/advisories/GHSA-xq3m-2v4x-88gg',
3004 silly audit report       title: 'Arbitrary code execution in protobufjs',
3004 silly audit report       severity: 'critical',
3004 silly audit report       vulnerable_versions: '<7.5.5',
3004 silly audit report       cwe: [Array],
3004 silly audit report       cvss: [Object]
3004 silly audit report     },
3004 silly audit report     {
3004 silly audit report       id: 1097723,
3004 silly audit report       url: 'https://github.com/advisories/GHSA-h755-8qp9-cq85',
3004 silly audit report       title: 'protobufjs Prototype Pollution vulnerability',
3004 silly audit report       severity: 'critical',
3004 silly audit report       vulnerable_versions: '>=6.10.0 <6.11.4',
3004 silly audit report       cwe: [Array],
3004 silly audit report       cvss: [Object]
3004 silly audit report     }
3004 silly audit report   ],
3004 silly audit report   qs: [
3004 silly audit report     {
3004 silly audit report       id: 1113161,
3004 silly audit report       url: 'https://github.com/advisories/GHSA-w7fw-mjwx-w883',
3004 silly audit report       title: "qs's arrayLimit bypass in comma parsing allows denial of service",
3004 silly audit report       severity: 'low',
3004 silly audit report       vulnerable_versions: '>=6.7.0 <=6.14.1',
3004 silly audit report       cwe: [Array],
3004 silly audit report       cvss: [Object]
3004 silly audit report     },
3004 silly audit report     {
3004 silly audit report       id: 1113719,
3004 silly audit report       url: 'https://github.com/advisories/GHSA-6rw7-vpxm-498p',
3004 silly audit report       title: "qs's arrayLimit bypass in its bracket notation allows DoS via memory exhaustion",
3004 silly audit report       severity: 'moderate',
3004 silly audit report       vulnerable_versions: '<6.14.1',
3004 silly audit report       cwe: [Array],
3004 silly audit report       cvss: [Object]
3004 silly audit report     }
3004 silly audit report   ],
3004 silly audit report   'react-router': [
3004 silly audit report     {
3004 silly audit report       id: 1112057,
3004 silly audit report       url: 'https://github.com/advisories/GHSA-9jcx-v3wj-wh4m',
3004 silly audit report       title: 'React Router has unexpected external redirect via untrusted paths',
3004 silly audit report       severity: 'moderate',
3004 silly audit report       vulnerable_versions: '>=6.0.0 <6.30.2',
3004 silly audit report       cwe: [Array],
3004 silly audit report       cvss: [Object]
3004 silly audit report     }
3004 silly audit report   ],
3004 silly audit report   rollup: [
3004 silly audit report     {
3004 silly audit report       id: 1099757,
3004 silly audit report       url: 'https://github.com/advisories/GHSA-gcx4-mw62-g8wm',
3004 silly audit report       title: 'DOM Clobbering Gadget found in rollup bundled scripts that leads to XSS',
3004 silly audit report       severity: 'high',
3004 silly audit report       vulnerable_versions: '<2.79.2',
3004 silly audit report       cwe: [Array],
3004 silly audit report       cvss: [Object]
3004 silly audit report     },
3004 silly audit report     {
3004 silly audit report       id: 1113517,
3004 silly audit report       url: 'https://github.com/advisories/GHSA-mw96-cpmx-2vgc',
3004 silly audit report       title: 'Rollup 4 has Arbitrary File Write via Path Traversal',
3004 silly audit report       severity: 'high',
3004 silly audit report       vulnerable_versions: '<2.80.0',
3004 silly audit report       cwe: [Array],
3004 silly audit report       cvss: [Object]
3004 silly audit report     }
3004 silly audit report   ],
3004 silly audit report   'serialize-javascript': [
3004 silly audit report     {
3004 silly audit report       id: 1119440,
3004 silly audit report       url: 'https://github.com/advisories/GHSA-qj8w-gfj5-8c6v',
3004 silly audit report       title: 'Serialize JavaScript has CPU Exhaustion Denial of Service via crafted array-like objects',
3004 silly audit report       severity: 'moderate',
3004 silly audit report       vulnerable_versions: '>=5.0.0 <7.0.5',
3004 silly audit report       cwe: [Array],
3004 silly audit report       cvss: [Object]
3004 silly audit report     },
3004 silly audit report     {
3004 silly audit report       id: 1113686,
3004 silly audit report       url: 'https://github.com/advisories/GHSA-5c6j-r48x-rmvq',
3004 silly audit report       title: 'Serialize JavaScript is Vulnerable to RCE via RegExp.flags and Date.prototype.toISOString()',
3004 silly audit report       severity: 'high',
3004 silly audit report       vulnerable_versions: '<=7.0.2',
3004 silly audit report       cwe: [Array],
3004 silly audit report       cvss: [Object]
3004 silly audit report     },
3004 silly audit report     {
3004 silly audit report       id: 1116766,
3004 silly audit report       url: 'https://github.com/advisories/GHSA-76p7-773f-r4q5',
3004 silly audit report       title: 'Cross-site Scripting (XSS) in serialize-javascript',
3004 silly audit report       severity: 'moderate',
3004 silly audit report       vulnerable_versions: '>=6.0.0 <6.0.2',
3004 silly audit report       cwe: [Array],
3004 silly audit report       cvss: [Object]
3004 silly audit report     }
3004 silly audit report   ],
3004 silly audit report   send: [
3004 silly audit report     {
3004 silly audit report       id: 1109556,
3004 silly audit report       url: 'https://github.com/advisories/GHSA-m6fv-jmcg-4jfg',
3004 silly audit report       title: 'send vulnerable to template injection that can lead to XSS',
3004 silly audit report       severity: 'low',
3004 silly audit report       vulnerable_versions: '<0.19.0',
3004 silly audit report       cwe: [Array],
3004 silly audit report       cvss: [Object]
3004 silly audit report     }
3004 silly audit report   ],
3004 silly audit report   'serve-static': [
3004 silly audit report     {
3004 silly audit report       id: 1100528,
3004 silly audit report       url: 'https://github.com/advisories/GHSA-cm22-4g7w-348p',
3004 silly audit report       title: 'serve-static vulnerable to template injection that can lead to XSS',
3004 silly audit report       severity: 'low',
3004 silly audit report       vulnerable_versions: '<1.16.0',
3004 silly audit report       cwe: [Array],
3004 silly audit report       cvss: [Object]
3004 silly audit report     }
3004 silly audit report   ],
3004 silly audit report   terser: [
3004 silly audit report     {
3004 silly audit report       id: 1091690,
3004 silly audit report       url: 'https://github.com/advisories/GHSA-4wf5-vphf-c2xc',
3004 silly audit report       title: 'Terser insecure use of regular expressions leads to ReDoS',
3004 silly audit report       severity: 'high',
3004 silly audit report       vulnerable_versions: '>=5.0.0 <5.14.2',
3004 silly audit report       cwe: [Array],
3004 silly audit report       cvss: [Object]
3004 silly audit report     }
3004 silly audit report   ],
3004 silly audit report   tmp: [
3004 silly audit report     {
3004 silly audit report       id: 1109537,
3004 silly audit report       url: 'https://github.com/advisories/GHSA-52f5-9888-hmc6',
3004 silly audit report       title: 'tmp allows arbitrary temporary file / directory write via symbolic link `dir` parameter',
3004 silly audit report       severity: 'low',
3004 silly audit report       vulnerable_versions: '<=0.2.3',
3004 silly audit report       cwe: [Array],
3004 silly audit report       cvss: [Object]
3004 silly audit report     }
3004 silly audit report   ],
3004 silly audit report   'tough-cookie': [
3004 silly audit report     {
3004 silly audit report       id: 1097682,
3004 silly audit report       url: 'https://github.com/advisories/GHSA-72xf-g2v4-qvf3',
3004 silly audit report       title: 'tough-cookie Prototype Pollution vulnerability',
3004 silly audit report       severity: 'moderate',
3004 silly audit report       vulnerable_versions: '<4.1.3',
3004 silly audit report       cwe: [Array],
3004 silly audit report       cvss: [Object]
3004 silly audit report     }
3004 silly audit report   ],
3004 silly audit report   uuid: [
3004 silly audit report     {
3004 silly audit report       id: 1119441,
3004 silly audit report       url: 'https://github.com/advisories/GHSA-w5hq-g745-h8pq',
3004 silly audit report       title: 'uuid: Missing buffer bounds check in v3/v5/v6 when buf is provided',
3004 silly audit report       severity: 'moderate',
3004 silly audit report       vulnerable_versions: '<11.1.1',
3004 silly audit report       cwe: [Array],
3004 silly audit report       cvss: [Object]
3004 silly audit report     }
3004 silly audit report   ],
3004 silly audit report   webpack: [
3004 silly audit report     {
3004 silly audit report       id: 1113041,
3004 silly audit report       url: 'https://github.com/advisories/GHSA-8fgc-7cc6-rx7x',
3004 silly audit report       title: 'webpack buildHttp: allowedUris allow-list bypass via URL userinfo (@) leading to build-time SSRF behavior',
3004 silly audit report       severity: 'low',
3004 silly audit report       vulnerable_versions: '>=5.49.0 <=5.104.0',
3004 silly audit report       cwe: [Array],
3004 silly audit report       cvss: [Object]
3004 silly audit report     },
3004 silly audit report     {
3004 silly audit report       id: 1113042,
3004 silly audit report       url: 'https://github.com/advisories/GHSA-38r7-794h-5758',
3004 silly audit report       title: 'webpack buildHttp HttpUriPlugin allowedUris bypass via HTTP redirects → SSRF + cache persistence',
3004 silly audit report       severity: 'low',
3004 silly audit report       vulnerable_versions: '>=5.49.0 <5.104.0',
3004 silly audit report       cwe: [Array],
3004 silly audit report       cvss: [Object]
3004 silly audit report     },
3004 silly audit report     {
3004 silly audit report       id: 1094471,
3004 silly audit report       url: 'https://github.com/advisories/GHSA-hc6q-2mpp-qw7j',
3004 silly audit report       title: 'Cross-realm object access in Webpack 5',
3004 silly audit report       severity: 'critical',
3004 silly audit report       vulnerable_versions: '>=5.0.0 <5.76.0',
3004 silly audit report       cwe: [],
3004 silly audit report       cvss: [Object]
3004 silly audit report     },
3004 silly audit report     {
3004 silly audit report       id: 1099351,
3004 silly audit report       url: 'https://github.com/advisories/GHSA-4vvj-4cpr-p986',
3004 silly audit report       title: "Webpack's AutoPublicPathRuntimeModule has a DOM Clobbering Gadget that leads to XSS",
3004 silly audit report       severity: 'moderate',
3004 silly audit report       vulnerable_versions: '>=5.0.0-alpha.0 <5.94.0',
3004 silly audit report       cwe: [Array],
3004 silly audit report       cvss: [Object]
3004 silly audit report     }
3004 silly audit report   ],
3004 silly audit report   'webpack-dev-middleware': [
3004 silly audit report     {
3004 silly audit report       id: 1096729,
3004 silly audit report       url: 'https://github.com/advisories/GHSA-wr3j-pwj9-hqq6',
3004 silly audit report       title: 'Path traversal in webpack-dev-middleware',
3004 silly audit report       severity: 'high',
3004 silly audit report       vulnerable_versions: '<=5.3.3',
3004 silly audit report       cwe: [Array],
3004 silly audit report       cvss: [Object]
3004 silly audit report     }
3004 silly audit report   ],
3004 silly audit report   'webpack-dev-server': [
3004 silly audit report     {
3004 silly audit report       id: 1108429,
3004 silly audit report       url: 'https://github.com/advisories/GHSA-9jgg-88mc-972h',
3004 silly audit report       title: "webpack-dev-server users' source code may be stolen when they access a malicious web site with non-Chromium based browser",
3004 silly audit report       severity: 'moderate',
3004 silly audit report       vulnerable_versions: '<=5.2.0',
3004 silly audit report       cwe: [Array],
3004 silly audit report       cvss: [Object]
3004 silly audit report     },
3004 silly audit report     {
3004 silly audit report       id: 1108430,
3004 silly audit report       url: 'https://github.com/advisories/GHSA-4v9v-hfq4-rm2v',
3004 silly audit report       title: "webpack-dev-server users' source code may be stolen when they access a malicious web site",
3004 silly audit report       severity: 'moderate',
3004 silly audit report       vulnerable_versions: '<=5.2.0',
3004 silly audit report       cwe: [Array],
3004 silly audit report       cvss: [Object]
3004 silly audit report     },
3004 silly audit report     {
3004 silly audit report       id: 1119074,
3004 silly audit report       url: 'https://github.com/advisories/GHSA-79cf-xcqc-c78w',
3004 silly audit report       title: 'webpack-dev-server vulnerable to cross-origin source code exposure on non-HTTPS origins',
3004 silly audit report       severity: 'moderate',
3004 silly audit report       vulnerable_versions: '<=5.2.3',
3004 silly audit report       cwe: [Array],
3004 silly audit report       cvss: [Object]
3004 silly audit report     }
3004 silly audit report   ],
3004 silly audit report   ws: [
3004 silly audit report     {
3004 silly audit report       id: 1118728,
3004 silly audit report       url: 'https://github.com/advisories/GHSA-3h5v-q93c-6h6q',
3004 silly audit report       title: 'ws affected by a DoS when handling a request with many HTTP headers',
3004 silly audit report       severity: 'high',
3004 silly audit report       vulnerable_versions: '>=8.0.0 <8.17.1',
3004 silly audit report       cwe: [Array],
3004 silly audit report       cvss: [Object]
3004 silly audit report     },
3004 silly audit report     {
3004 silly audit report       id: 1118729,
3004 silly audit report       url: 'https://github.com/advisories/GHSA-3h5v-q93c-6h6q',
3004 silly audit report       title: 'ws affected by a DoS when handling a request with many HTTP headers',
3004 silly audit report       severity: 'high',
3004 silly audit report       vulnerable_versions: '>=7.0.0 <7.5.10',
3004 silly audit report       cwe: [Array],
3004 silly audit report       cvss: [Object]
3004 silly audit report     },
3004 silly audit report     {
3004 silly audit report       id: 1119108,
3004 silly audit report       url: 'https://github.com/advisories/GHSA-58qx-3vcg-4xpx',
3004 silly audit report       title: 'ws: Uninitialized memory disclosure',
3004 silly audit report       severity: 'moderate',
3004 silly audit report       vulnerable_versions: '>=8.0.0 <8.20.1',
3004 silly audit report       cwe: [Array],
3004 silly audit report       cvss: [Object]
3004 silly audit report     }
3004 silly audit report   ],
3004 silly audit report   'word-wrap': [
3004 silly audit report     {
3004 silly audit report       id: 1102444,
3004 silly audit report       url: 'https://github.com/advisories/GHSA-j8xg-fqg3-53r7',
3004 silly audit report       title: 'word-wrap vulnerable to Regular Expression Denial of Service',
3004 silly audit report       severity: 'moderate',
3004 silly audit report       vulnerable_versions: '<1.2.4',
3004 silly audit report       cwe: [Array],
3004 silly audit report       cvss: [Object]
3004 silly audit report     }
3004 silly audit report   ],
3004 silly audit report   yaml: [
3004 silly audit report     {
3004 silly audit report       id: 1115555,
3004 silly audit report       url: 'https://github.com/advisories/GHSA-48c2-rrv3-qjmp',
3004 silly audit report       title: 'yaml is vulnerable to Stack Overflow via deeply nested YAML collections',
3004 silly audit report       severity: 'moderate',
3004 silly audit report       vulnerable_versions: '>=1.0.0 <1.10.3',
3004 silly audit report       cwe: [Array],
3004 silly audit report       cvss: [Object]
3004 silly audit report     }
3004 silly audit report   ]
3004 silly audit report }
3005 silly packumentCache corgi:https://registry.npmjs.org/semver cache-miss
3006 silly packumentCache corgi:https://registry.npmjs.org/@babel%2fhelpers cache-miss
3007 silly packumentCache corgi:https://registry.npmjs.org/@babel%2fplugin-transform-modules-systemjs cache-miss
3008 silly packumentCache corgi:https://registry.npmjs.org/@babel%2fruntime cache-miss
3009 silly packumentCache corgi:https://registry.npmjs.org/@babel%2fruntime-corejs3 cache-miss
3010 silly packumentCache corgi:https://registry.npmjs.org/@babel%2ftraverse cache-miss
3011 silly packumentCache corgi:https://registry.npmjs.org/js-yaml cache-miss
3012 silly packumentCache corgi:https://registry.npmjs.org/@grpc%2fgrpc-js cache-miss
3013 silly packumentCache corgi:https://registry.npmjs.org/@protobufjs%2futf8 cache-miss
3014 silly packumentCache corgi:https://registry.npmjs.org/@tootallnate%2fonce cache-miss
3015 silly packumentCache corgi:https://registry.npmjs.org/ajv cache-miss
3016 silly packumentCache corgi:https://registry.npmjs.org/async cache-miss
3017 silly packumentCache corgi:https://registry.npmjs.org/form-data cache-miss
3018 silly packumentCache corgi:https://registry.npmjs.org/json5 cache-miss
3019 silly packumentCache corgi:https://registry.npmjs.org/loader-utils cache-miss
3020 silly packumentCache corgi:https://registry.npmjs.org/body-parser cache-miss
3021 silly packumentCache corgi:https://registry.npmjs.org/brace-expansion cache-miss
3022 silly packumentCache corgi:https://registry.npmjs.org/braces cache-miss
3023 silly packumentCache corgi:https://registry.npmjs.org/cookie cache-miss
3024 silly packumentCache corgi:https://registry.npmjs.org/cross-spawn cache-miss
3025 silly packumentCache corgi:https://registry.npmjs.org/decode-uri-component cache-miss
3026 silly packumentCache corgi:https://registry.npmjs.org/ejs cache-miss
3027 silly packumentCache corgi:https://registry.npmjs.org/express cache-miss
3028 silly packumentCache corgi:https://registry.npmjs.org/firebase cache-miss
3029 silly packumentCache corgi:https://registry.npmjs.org/flatted cache-miss
3030 silly packumentCache corgi:https://registry.npmjs.org/follow-redirects cache-miss
3031 silly packumentCache corgi:https://registry.npmjs.org/http-proxy-middleware cache-miss
3032 silly packumentCache corgi:https://registry.npmjs.org/ip cache-miss
3033 silly packumentCache corgi:https://registry.npmjs.org/lodash cache-miss
3034 silly packumentCache corgi:https://registry.npmjs.org/micromatch cache-miss
3035 silly packumentCache corgi:https://registry.npmjs.org/minimatch cache-miss
3036 silly packumentCache corgi:https://registry.npmjs.org/minimist cache-miss
3037 silly packumentCache corgi:https://registry.npmjs.org/nanoid cache-miss
3038 silly packumentCache corgi:https://registry.npmjs.org/node-forge cache-miss
3039 silly packumentCache corgi:https://registry.npmjs.org/nth-check cache-miss
3040 silly packumentCache corgi:https://registry.npmjs.org/on-headers cache-miss
3041 silly packumentCache corgi:https://registry.npmjs.org/path-to-regexp cache-miss
3042 silly packumentCache corgi:https://registry.npmjs.org/picomatch cache-miss
3043 silly packumentCache corgi:https://registry.npmjs.org/postcss cache-miss
3044 silly packumentCache corgi:https://registry.npmjs.org/svgo cache-miss
3045 silly packumentCache corgi:https://registry.npmjs.org/protobufjs cache-miss
3046 silly packumentCache corgi:https://registry.npmjs.org/qs cache-miss
3047 silly packumentCache corgi:https://registry.npmjs.org/react-router cache-miss
3048 silly packumentCache corgi:https://registry.npmjs.org/rollup cache-miss
3049 silly packumentCache corgi:https://registry.npmjs.org/serialize-javascript cache-miss
3050 silly packumentCache corgi:https://registry.npmjs.org/send cache-miss
3051 silly packumentCache corgi:https://registry.npmjs.org/serve-static cache-miss
3052 silly packumentCache corgi:https://registry.npmjs.org/terser cache-miss
3053 silly packumentCache corgi:https://registry.npmjs.org/tmp cache-miss
3054 silly packumentCache corgi:https://registry.npmjs.org/tough-cookie cache-miss
3055 silly packumentCache corgi:https://registry.npmjs.org/uuid cache-miss
3056 silly packumentCache corgi:https://registry.npmjs.org/webpack cache-miss
3057 silly packumentCache corgi:https://registry.npmjs.org/webpack-dev-middleware cache-miss
3058 silly packumentCache corgi:https://registry.npmjs.org/webpack-dev-server cache-miss
3059 silly packumentCache corgi:https://registry.npmjs.org/ws cache-miss
3060 silly packumentCache corgi:https://registry.npmjs.org/word-wrap cache-miss
3061 silly packumentCache corgi:https://registry.npmjs.org/yaml cache-miss
3062 http fetch GET 200 https://registry.npmjs.org/yargs-parser/-/yargs-parser-20.2.9.tgz 434ms (cache miss)
3063 http fetch GET 200 https://registry.npmjs.org/ws/-/ws-7.5.7.tgz 435ms (cache miss)
3064 http fetch GET 200 https://registry.npmjs.org/workbox-navigation-preload/-/workbox-navigation-preload-6.5.1.tgz 440ms (cache miss)
3065 http fetch GET 200 https://registry.npmjs.org/workbox-range-requests/-/workbox-range-requests-6.5.1.tgz 446ms (cache miss)
3066 http fetch GET 200 https://registry.npmjs.org/word-wrap/-/word-wrap-1.2.3.tgz 446ms (cache miss)
3067 http fetch GET 200 https://registry.npmjs.org/workbox-recipes/-/workbox-recipes-6.5.1.tgz 448ms (cache miss)
3068 http fetch GET 200 https://registry.npmjs.org/y18n/-/y18n-5.0.8.tgz 450ms (cache miss)
3069 http fetch GET 200 https://registry.npmjs.org/workbox-window/-/workbox-window-6.5.1.tgz 452ms (cache miss)
3070 http fetch GET 200 https://registry.npmjs.org/workbox-strategies/-/workbox-strategies-6.5.1.tgz 453ms (cache miss)
3071 http fetch GET 200 https://registry.npmjs.org/workbox-cacheable-response/-/workbox-cacheable-response-6.5.1.tgz 457ms (cache miss)
3072 http fetch GET 200 https://registry.npmjs.org/workbox-broadcast-update/-/workbox-broadcast-update-6.5.1.tgz 459ms (cache miss)
3073 http fetch GET 200 https://registry.npmjs.org/workbox-routing/-/workbox-routing-6.5.1.tgz 461ms (cache miss)
3074 http fetch GET 200 https://registry.npmjs.org/workbox-expiration/-/workbox-expiration-6.5.1.tgz 462ms (cache miss)
3075 http fetch GET 200 https://registry.npmjs.org/workbox-google-analytics/-/workbox-google-analytics-6.5.1.tgz 464ms (cache miss)
3076 http fetch GET 200 https://registry.npmjs.org/which-boxed-primitive/-/which-boxed-primitive-1.0.2.tgz 465ms (cache miss)
3077 http fetch GET 200 https://registry.npmjs.org/whatwg-mimetype/-/whatwg-mimetype-2.3.0.tgz 465ms (cache miss)
3078 http fetch GET 200 https://registry.npmjs.org/yaml/-/yaml-1.10.2.tgz 471ms (cache miss)
3079 http fetch GET 200 https://registry.npmjs.org/which/-/which-2.0.2.tgz 466ms (cache miss)
3080 http fetch GET 200 https://registry.npmjs.org/yargs/-/yargs-16.2.0.tgz 475ms (cache miss)
3081 http fetch GET 200 https://registry.npmjs.org/whatwg-url/-/whatwg-url-8.7.0.tgz 469ms (cache miss)
3082 http fetch GET 200 https://registry.npmjs.org/workbox-background-sync/-/workbox-background-sync-6.5.1.tgz 469ms (cache miss)
3083 http fetch GET 200 https://registry.npmjs.org/workbox-precaching/-/workbox-precaching-6.5.1.tgz 477ms (cache miss)
3084 http fetch GET 200 https://registry.npmjs.org/whatwg-fetch/-/whatwg-fetch-3.6.2.tgz 476ms (cache miss)
3085 http fetch GET 200 https://registry.npmjs.org/workbox-core/-/workbox-core-6.5.1.tgz 483ms (cache miss)
3086 http fetch GET 200 https://registry.npmjs.org/websocket-extensions/-/websocket-extensions-0.1.4.tgz 483ms (cache miss)
3087 http fetch GET 200 https://registry.npmjs.org/webpack-manifest-plugin/-/webpack-manifest-plugin-4.1.1.tgz 482ms (cache miss)
3088 http fetch GET 200 https://registry.npmjs.org/whatwg-encoding/-/whatwg-encoding-1.0.5.tgz 484ms (cache miss)
3089 http fetch GET 200 https://registry.npmjs.org/websocket-driver/-/websocket-driver-0.7.4.tgz 487ms (cache miss)
3090 http fetch GET 200 https://registry.npmjs.org/webpack-sources/-/webpack-sources-3.2.3.tgz 489ms (cache miss)
3091 http fetch GET 200 https://registry.npmjs.org/webpack-dev-middleware/-/webpack-dev-middleware-5.3.1.tgz 490ms (cache miss)
3092 http fetch GET 200 https://registry.npmjs.org/workbox-build/-/workbox-build-6.5.1.tgz 494ms (cache miss)
3093 http fetch GET 200 https://registry.npmjs.org/webpack-dev-server/-/webpack-dev-server-4.7.4.tgz 493ms (cache miss)
3094 http fetch GET 200 https://registry.npmjs.org/wbuf/-/wbuf-1.7.3.tgz 494ms (cache miss)
3095 http fetch GET 200 https://registry.npmjs.org/webidl-conversions/-/webidl-conversions-6.1.0.tgz 503ms (cache miss)
3096 http fetch GET 200 https://registry.npmjs.org/walker/-/walker-1.0.8.tgz 504ms (cache miss)
3097 http fetch GET 200 https://registry.npmjs.org/w3c-xmlserializer/-/w3c-xmlserializer-2.0.0.tgz 505ms (cache miss)
3098 http fetch GET 200 https://registry.npmjs.org/w3c-hr-time/-/w3c-hr-time-1.0.2.tgz 504ms (cache miss)
3099 http fetch GET 200 https://registry.npmjs.org/watchpack/-/watchpack-2.3.1.tgz 506ms (cache miss)
3100 http fetch GET 200 https://registry.npmjs.org/v8-to-istanbul/-/v8-to-istanbul-8.1.1.tgz 507ms (cache miss)
3101 http fetch GET 200 https://registry.npmjs.org/v8-compile-cache/-/v8-compile-cache-2.3.0.tgz 513ms (cache miss)
3102 http fetch GET 200 https://registry.npmjs.org/vary/-/vary-1.1.2.tgz 513ms (cache miss)
3103 http fetch GET 200 https://registry.npmjs.org/utils-merge/-/utils-merge-1.0.1.tgz 519ms (cache miss)
3104 http fetch GET 200 https://registry.npmjs.org/utila/-/utila-0.4.0.tgz 522ms (cache miss)
3105 http fetch GET 200 https://registry.npmjs.org/uuid/-/uuid-8.3.2.tgz 527ms (cache miss)
3106 http fetch GET 200 https://registry.npmjs.org/util.promisify/-/util.promisify-1.0.1.tgz 527ms (cache miss)
3107 http fetch GET 200 https://registry.npmjs.org/util-deprecate/-/util-deprecate-1.0.2.tgz 528ms (cache miss)
3108 http fetch GET 200 https://registry.npmjs.org/upath/-/upath-1.2.0.tgz 534ms (cache miss)
3109 http fetch GET 200 https://registry.npmjs.org/unquote/-/unquote-1.1.1.tgz 538ms (cache miss)
3110 http fetch GET 200 https://registry.npmjs.org/universalify/-/universalify-2.0.0.tgz 538ms (cache miss)
3111 http fetch GET 200 https://registry.npmjs.org/unpipe/-/unpipe-1.0.0.tgz 539ms (cache miss)
3112 http fetch GET 200 https://registry.npmjs.org/unique-string/-/unique-string-2.0.0.tgz 543ms (cache miss)
3113 http fetch GET 200 https://registry.npmjs.org/uri-js/-/uri-js-4.4.1.tgz 546ms (cache miss)
3114 http fetch GET 200 https://registry.npmjs.org/unicode-match-property-value-ecmascript/-/unicode-match-property-value-ecmascript-2.0.0.tgz 549ms (cache miss)
3115 http fetch GET 200 https://registry.npmjs.org/unicode-canonical-property-names-ecmascript/-/unicode-canonical-property-names-ecmascript-2.0.0.tgz 554ms (cache miss)
3116 http fetch GET 200 https://registry.npmjs.org/unicode-property-aliases-ecmascript/-/unicode-property-aliases-ecmascript-2.0.0.tgz 556ms (cache miss)
3117 http fetch GET 200 https://registry.npmjs.org/web-vitals/-/web-vitals-2.1.4.tgz 558ms (cache miss)
3118 http fetch GET 200 https://registry.npmjs.org/unbox-primitive/-/unbox-primitive-1.0.1.tgz 559ms (cache miss)
3119 http fetch GET 200 https://registry.npmjs.org/unicode-match-property-ecmascript/-/unicode-match-property-ecmascript-2.0.0.tgz 559ms (cache miss)
3120 http fetch GET 200 https://registry.npmjs.org/webpack/-/webpack-5.70.0.tgz 589ms (cache miss)
3121 http fetch GET 200 https://registry.npmjs.org/type-is/-/type-is-1.6.18.tgz 596ms (cache miss)
3122 http fetch GET 200 https://registry.npmjs.org/typedarray-to-buffer/-/typedarray-to-buffer-3.1.5.tgz 597ms (cache miss)
3123 http fetch GET 200 https://registry.npmjs.org/type-check/-/type-check-0.4.0.tgz 589ms (cache miss)
3124 http fetch GET 200 https://registry.npmjs.org/type-detect/-/type-detect-4.0.8.tgz 589ms (cache miss)
3125 http fetch GET 200 https://registry.npmjs.org/tslib/-/tslib-2.3.1.tgz 589ms (cache miss)
3126 http fetch GET 200 https://registry.npmjs.org/tryer/-/tryer-1.0.1.tgz 589ms (cache miss)
3127 http fetch GET 200 https://registry.npmjs.org/toidentifier/-/toidentifier-1.0.1.tgz 591ms (cache miss)
3128 http fetch GET 200 https://registry.npmjs.org/tough-cookie/-/tough-cookie-4.0.0.tgz 592ms (cache miss)
3129 http fetch GET 200 https://registry.npmjs.org/tr46/-/tr46-2.1.0.tgz 592ms (cache miss)
3130 http fetch GET 200 https://registry.npmjs.org/type-fest/-/type-fest-0.21.3.tgz 604ms (cache miss)
3131 http fetch GET 200 https://registry.npmjs.org/tsconfig-paths/-/tsconfig-paths-3.13.0.tgz 600ms (cache miss)
3132 http fetch GET 200 https://registry.npmjs.org/tsutils/-/tsutils-3.21.0.tgz 602ms (cache miss)
3133 http fetch GET 200 https://registry.npmjs.org/to-regex-range/-/to-regex-range-5.0.1.tgz 608ms (cache miss)
3134 http fetch GET 200 https://registry.npmjs.org/to-fast-properties/-/to-fast-properties-2.0.0.tgz 612ms (cache miss)
3135 http fetch GET 200 https://registry.npmjs.org/tmpl/-/tmpl-1.0.5.tgz 617ms (cache miss)
3136 http fetch GET 200 https://registry.npmjs.org/throat/-/throat-6.0.1.tgz 619ms (cache miss)
3137 http fetch GET 200 https://registry.npmjs.org/timsort/-/timsort-0.3.0.tgz 631ms (cache miss)
3138 http fetch GET 200 https://registry.npmjs.org/temp-dir/-/temp-dir-2.0.0.tgz 631ms (cache miss)
3139 http fetch GET 200 https://registry.npmjs.org/tmp/-/tmp-0.2.1.tgz 631ms (cache miss)
3140 http fetch GET 200 https://registry.npmjs.org/thunky/-/thunky-1.1.0.tgz 631ms (cache miss)
3141 http fetch GET 200 https://registry.npmjs.org/test-exclude/-/test-exclude-6.0.0.tgz 631ms (cache miss)
3142 http fetch GET 200 https://registry.npmjs.org/terminal-link/-/terminal-link-2.1.1.tgz 632ms (cache miss)
3143 http fetch GET 200 https://registry.npmjs.org/text-table/-/text-table-0.2.0.tgz 633ms (cache miss)
3144 http fetch GET 200 https://registry.npmjs.org/terser-webpack-plugin/-/terser-webpack-plugin-5.3.1.tgz 633ms (cache miss)
3145 http fetch GET 200 https://registry.npmjs.org/tapable/-/tapable-2.2.1.tgz 635ms (cache miss)
3146 http fetch GET 200 https://registry.npmjs.org/symbol-tree/-/symbol-tree-3.2.4.tgz 648ms (cache miss)
3147 http fetch GET 200 https://registry.npmjs.org/terser/-/terser-5.12.0.tgz 656ms (cache miss)
3148 http fetch GET 200 https://registry.npmjs.org/svg-parser/-/svg-parser-2.0.4.tgz 660ms (cache miss)
3149 http fetch GET 200 https://registry.npmjs.org/supports-preserve-symlinks-flag/-/supports-preserve-symlinks-flag-1.0.0.tgz 666ms (cache miss)
3150 http fetch GET 200 https://registry.npmjs.org/supports-color/-/supports-color-5.5.0.tgz 667ms (cache miss)
3151 http fetch GET 200 https://registry.npmjs.org/strip-json-comments/-/strip-json-comments-3.1.1.tgz 667ms (cache miss)
3152 http fetch GET 200 https://registry.npmjs.org/tempy/-/tempy-0.6.0.tgz 671ms (cache miss)
3153 http fetch GET 200 https://registry.npmjs.org/supports-hyperlinks/-/supports-hyperlinks-2.2.0.tgz 671ms (cache miss)
3154 http fetch GET 200 https://registry.npmjs.org/style-loader/-/style-loader-3.3.1.tgz 675ms (cache miss)
3155 http fetch GET 200 https://registry.npmjs.org/strip-final-newline/-/strip-final-newline-2.0.0.tgz 675ms (cache miss)
3156 http fetch GET 200 https://registry.npmjs.org/strip-indent/-/strip-indent-3.0.0.tgz 677ms (cache miss)
3157 http fetch GET 200 https://registry.npmjs.org/stylehacks/-/stylehacks-5.1.0.tgz 681ms (cache miss)
3158 http fetch GET 200 https://registry.npmjs.org/svgo/-/svgo-1.3.2.tgz 683ms (cache miss)
3159 warn deprecated svgo@1.3.2: This SVGO version is no longer supported. Upgrade to v2.x.x.
3160 http fetch GET 200 https://registry.npmjs.org/strip-bom/-/strip-bom-4.0.0.tgz 686ms (cache miss)
3161 http fetch GET 200 https://registry.npmjs.org/strip-comments/-/strip-comments-2.0.1.tgz 689ms (cache miss)
3162 http fetch GET 200 https://registry.npmjs.org/strip-ansi/-/strip-ansi-6.0.1.tgz 726ms (cache miss)
3163 http fetch GET 200 https://registry.npmjs.org/string-length/-/string-length-4.0.2.tgz 726ms (cache miss)
3164 http fetch GET 200 https://registry.npmjs.org/statuses/-/statuses-1.5.0.tgz 726ms (cache miss)
3165 http fetch GET 200 https://registry.npmjs.org/string-width/-/string-width-4.2.3.tgz 727ms (cache miss)
3166 http fetch GET 200 https://registry.npmjs.org/string.prototype.trimstart/-/string.prototype.trimstart-1.0.4.tgz 727ms (cache miss)
3167 http fetch GET 200 https://registry.npmjs.org/stringify-object/-/stringify-object-3.3.0.tgz 727ms (cache miss)
3168 http fetch GET 200 https://registry.npmjs.org/string-natural-compare/-/string-natural-compare-3.0.1.tgz 727ms (cache miss)
3169 http fetch GET 200 https://registry.npmjs.org/string.prototype.trimend/-/string.prototype.trimend-1.0.4.tgz 728ms (cache miss)
3170 http fetch GET 200 https://registry.npmjs.org/stackframe/-/stackframe-1.2.1.tgz 727ms (cache miss)
3171 http fetch GET 200 https://registry.npmjs.org/stable/-/stable-0.1.8.tgz 728ms (cache miss)
3172 http fetch GET 200 https://registry.npmjs.org/stack-utils/-/stack-utils-2.0.5.tgz 728ms (cache miss)
3173 http fetch GET 200 https://registry.npmjs.org/string_decoder/-/string_decoder-1.3.0.tgz 728ms (cache miss)
3174 http fetch GET 200 https://registry.npmjs.org/string.prototype.matchall/-/string.prototype.matchall-4.0.6.tgz 729ms (cache miss)
3175 http fetch GET 200 https://registry.npmjs.org/tailwindcss/-/tailwindcss-3.0.23.tgz 732ms (cache miss)
3176 http fetch GET 200 https://registry.npmjs.org/sprintf-js/-/sprintf-js-1.0.3.tgz 748ms (cache miss)
3177 http fetch GET 200 https://registry.npmjs.org/sourcemap-codec/-/sourcemap-codec-1.4.8.tgz 757ms (cache miss)
3178 http fetch GET 200 https://registry.npmjs.org/spdy-transport/-/spdy-transport-3.0.0.tgz 759ms (cache miss)
3179 http fetch GET 200 https://registry.npmjs.org/source-map-support/-/source-map-support-0.5.21.tgz 769ms (cache miss)
3180 http fetch GET 200 https://registry.npmjs.org/source-map-resolve/-/source-map-resolve-0.6.0.tgz 772ms (cache miss)
3181 warn deprecated source-map-resolve@0.6.0: See https://github.com/lydell/source-map-resolve#deprecated
3182 http fetch GET 200 https://registry.npmjs.org/slash/-/slash-3.0.0.tgz 772ms (cache miss)
3183 http fetch GET 200 https://registry.npmjs.org/source-map-loader/-/source-map-loader-3.0.1.tgz 772ms (cache miss)
3184 http fetch GET 200 https://registry.npmjs.org/sisteransi/-/sisteransi-1.0.5.tgz 772ms (cache miss)
3185 http fetch GET 200 https://registry.npmjs.org/source-list-map/-/source-list-map-2.0.1.tgz 773ms (cache miss)
3186 http fetch GET 200 https://registry.npmjs.org/spdy/-/spdy-4.0.2.tgz 776ms (cache miss)
3187 http fetch GET 200 https://registry.npmjs.org/source-map-js/-/source-map-js-1.0.2.tgz 776ms (cache miss)
3188 http fetch GET 200 https://registry.npmjs.org/sockjs/-/sockjs-0.3.24.tgz 777ms (cache miss)
3189 http fetch GET 200 https://registry.npmjs.org/source-map/-/source-map-0.5.7.tgz 777ms (cache miss)
3190 http fetch GET 200 https://registry.npmjs.org/signal-exit/-/signal-exit-3.0.7.tgz 780ms (cache miss)
3191 http fetch GET 200 https://registry.npmjs.org/shell-quote/-/shell-quote-1.7.3.tgz 790ms (cache miss)
3192 http fetch GET 200 https://registry.npmjs.org/side-channel/-/side-channel-1.0.4.tgz 802ms (cache miss)
3193 http fetch GET 200 https://registry.npmjs.org/shebang-regex/-/shebang-regex-3.0.0.tgz 817ms (cache miss)
3194 http fetch GET 200 https://registry.npmjs.org/setimmediate/-/setimmediate-1.0.5.tgz 817ms (cache miss)
3195 http fetch GET 200 https://registry.npmjs.org/serve-static/-/serve-static-1.14.2.tgz 817ms (cache miss)
3196 http fetch GET 200 https://registry.npmjs.org/serialize-javascript/-/serialize-javascript-6.0.0.tgz 817ms (cache miss)
3197 http fetch GET 200 https://registry.npmjs.org/setprototypeof/-/setprototypeof-1.2.0.tgz 817ms (cache miss)
3198 http fetch GET 200 https://registry.npmjs.org/selfsigned/-/selfsigned-2.0.0.tgz 817ms (cache miss)
3199 http fetch GET 200 https://registry.npmjs.org/send/-/send-0.17.2.tgz 817ms (cache miss)
3200 http fetch GET 200 https://registry.npmjs.org/shebang-command/-/shebang-command-2.0.0.tgz 818ms (cache miss)
3201 http fetch GET 200 https://registry.npmjs.org/select-hose/-/select-hose-2.0.0.tgz 820ms (cache miss)
3202 http fetch GET 200 https://registry.npmjs.org/semver/-/semver-7.3.5.tgz 829ms (cache miss)
3203 http fetch GET 200 https://registry.npmjs.org/scheduler/-/scheduler-0.20.2.tgz 830ms (cache miss)
3204 http fetch GET 200 https://registry.npmjs.org/selenium-webdriver/-/selenium-webdriver-4.1.2.tgz 831ms (cache miss)
3205 http fetch GET 200 https://registry.npmjs.org/serve-index/-/serve-index-1.9.1.tgz 840ms (cache miss)
3206 http fetch GET 200 https://registry.npmjs.org/saxes/-/saxes-5.0.1.tgz 842ms (cache miss)
3207 http fetch GET 200 https://registry.npmjs.org/sax/-/sax-1.2.4.tgz 846ms (cache miss)
3208 http fetch GET 200 https://registry.npmjs.org/safer-buffer/-/safer-buffer-2.1.2.tgz 854ms (cache miss)
3209 http fetch GET 200 https://registry.npmjs.org/run-parallel/-/run-parallel-1.2.0.tgz 855ms (cache miss)
3210 http fetch GET 200 https://registry.npmjs.org/rimraf/-/rimraf-3.0.2.tgz 855ms (cache miss)
3211 http fetch GET 200 https://registry.npmjs.org/safe-buffer/-/safe-buffer-5.1.2.tgz 856ms (cache miss)
3212 http fetch GET 200 https://registry.npmjs.org/sanitize.css/-/sanitize.css-13.0.0.tgz 856ms (cache miss)
3213 http fetch GET 200 https://registry.npmjs.org/reusify/-/reusify-1.0.4.tgz 857ms (cache miss)
3214 http fetch GET 200 https://registry.npmjs.org/sass-loader/-/sass-loader-12.6.0.tgz 859ms (cache miss)
3215 http fetch GET 200 https://registry.npmjs.org/rollup-plugin-terser/-/rollup-plugin-terser-7.0.2.tgz 860ms (cache miss)
3216 http fetch GET 200 https://registry.npmjs.org/retry/-/retry-0.13.1.tgz 861ms (cache miss)
3217 http fetch GET 200 https://registry.npmjs.org/resolve.exports/-/resolve.exports-1.1.0.tgz 867ms (cache miss)
3218 http fetch GET 200 https://registry.npmjs.org/schema-utils/-/schema-utils-3.1.1.tgz 870ms (cache miss)
3219 http fetch GET 200 https://registry.npmjs.org/resolve-url-loader/-/resolve-url-loader-4.0.0.tgz 881ms (cache miss)
3220 http fetch GET 200 https://registry.npmjs.org/resolve-from/-/resolve-from-5.0.0.tgz 890ms (cache miss)
3221 http fetch GET 200 https://registry.npmjs.org/resolve-cwd/-/resolve-cwd-3.0.0.tgz 905ms (cache miss)
3222 http fetch GET 200 https://registry.npmjs.org/require-from-string/-/require-from-string-2.0.2.tgz 906ms (cache miss)
3223 http fetch GET 200 https://registry.npmjs.org/relateurl/-/relateurl-0.2.7.tgz 906ms (cache miss)
3224 http fetch GET 200 https://registry.npmjs.org/require-directory/-/require-directory-2.1.1.tgz 906ms (cache miss)
3225 http fetch GET 200 https://registry.npmjs.org/regjsparser/-/regjsparser-0.8.4.tgz 909ms (cache miss)
3226 http fetch GET 200 https://registry.npmjs.org/requires-port/-/requires-port-1.0.0.tgz 909ms (cache miss)
3227 http fetch GET 200 https://registry.npmjs.org/regexpu-core/-/regexpu-core-5.0.1.tgz 910ms (cache miss)
3228 http fetch GET 200 https://registry.npmjs.org/regjsgen/-/regjsgen-0.6.0.tgz 910ms (cache miss)
3229 http fetch GET 200 https://registry.npmjs.org/resolve/-/resolve-1.22.0.tgz 912ms (cache miss)
3230 http fetch GET 200 https://registry.npmjs.org/renderkid/-/renderkid-3.0.0.tgz 921ms (cache miss)
3231 http fetch GET 200 https://registry.npmjs.org/regexpp/-/regexpp-3.2.0.tgz 924ms (cache miss)
3232 http fetch GET 200 https://registry.npmjs.org/regex-parser/-/regex-parser-2.2.11.tgz 925ms (cache miss)
3233 http fetch GET 200 https://registry.npmjs.org/regexp.prototype.flags/-/regexp.prototype.flags-1.4.1.tgz 930ms (cache miss)
3234 http fetch GET 200 https://registry.npmjs.org/regenerator-runtime/-/regenerator-runtime-0.13.9.tgz 952ms (cache miss)
3235 http fetch GET 200 https://registry.npmjs.org/regenerate/-/regenerate-1.4.2.tgz 952ms (cache miss)
3236 http fetch GET 200 https://registry.npmjs.org/recursive-readdir/-/recursive-readdir-2.2.2.tgz 952ms (cache miss)
3237 http fetch GET 200 https://registry.npmjs.org/redent/-/redent-3.0.0.tgz 953ms (cache miss)
3238 http fetch GET 200 https://registry.npmjs.org/readdirp/-/readdirp-3.6.0.tgz 953ms (cache miss)
3239 http fetch GET 200 https://registry.npmjs.org/react-router-dom/-/react-router-dom-6.2.2.tgz 956ms (cache miss)
3240 http fetch GET 200 https://registry.npmjs.org/regenerator-transform/-/regenerator-transform-0.14.5.tgz 957ms (cache miss)
3241 http fetch GET 200 https://registry.npmjs.org/readable-stream/-/readable-stream-3.6.0.tgz 963ms (cache miss)
3242 http fetch GET 200 https://registry.npmjs.org/react-is/-/react-is-17.0.2.tgz 963ms (cache miss)
3243 http fetch GET 200 https://registry.npmjs.org/rollup/-/rollup-2.70.0.tgz 974ms (cache miss)
3244 http fetch GET 200 https://registry.npmjs.org/react-refresh/-/react-refresh-0.11.0.tgz 973ms (cache miss)
3245 http fetch GET 200 https://registry.npmjs.org/react-router/-/react-router-6.2.2.tgz 974ms (cache miss)
3246 http fetch GET 200 https://registry.npmjs.org/react-scripts/-/react-scripts-5.0.0.tgz 984ms (cache miss)
3247 http fetch GET 200 https://registry.npmjs.org/react-app-polyfill/-/react-app-polyfill-3.0.0.tgz 992ms (cache miss)
3248 http fetch GET 200 https://registry.npmjs.org/range-parser/-/range-parser-1.2.1.tgz 993ms (cache miss)
3249 http fetch GET 200 https://registry.npmjs.org/react-dev-utils/-/react-dev-utils-12.0.0.tgz 993ms (cache miss)
3250 http fetch GET 200 https://registry.npmjs.org/randombytes/-/randombytes-2.1.0.tgz 993ms (cache miss)
3251 http fetch GET 200 https://registry.npmjs.org/raw-body/-/raw-body-2.4.3.tgz 1000ms (cache miss)
3252 http fetch GET 200 https://registry.npmjs.org/react/-/react-17.0.2.tgz 1000ms (cache miss)
3253 http fetch GET 200 https://registry.npmjs.org/raf/-/raf-3.4.1.tgz 1012ms (cache miss)
3254 http fetch GET 200 https://registry.npmjs.org/queue-microtask/-/queue-microtask-1.2.3.tgz 1012ms (cache miss)
3255 http fetch GET 200 https://registry.npmjs.org/quick-lru/-/quick-lru-5.1.1.tgz 1013ms (cache miss)
3256 http fetch GET 200 https://registry.npmjs.org/qs/-/qs-6.9.7.tgz 1016ms (cache miss)
3257 http fetch GET 200 https://registry.npmjs.org/react-error-overlay/-/react-error-overlay-6.0.10.tgz 1030ms (cache miss)
3258 http fetch GET 200 https://registry.npmjs.org/q/-/q-1.5.1.tgz 1037ms (cache miss)
3259 http fetch GET 200 https://registry.npmjs.org/punycode/-/punycode-2.1.1.tgz 1039ms (cache miss)
3260 http fetch GET 200 https://registry.npmjs.org/proxy-addr/-/proxy-addr-2.0.7.tgz 1047ms (cache miss)
3261 http fetch GET 200 https://registry.npmjs.org/prop-types/-/prop-types-15.8.1.tgz 1048ms (cache miss)
3262 http fetch GET 200 https://registry.npmjs.org/psl/-/psl-1.8.0.tgz 1055ms (cache miss)
3263 http fetch GET 200 https://registry.npmjs.org/process-nextick-args/-/process-nextick-args-2.0.1.tgz 1086ms (cache miss)
3264 http fetch GET 200 https://registry.npmjs.org/promise/-/promise-8.1.0.tgz 1086ms (cache miss)
3265 http fetch GET 200 https://registry.npmjs.org/pretty-error/-/pretty-error-4.0.0.tgz 1087ms (cache miss)
3266 http fetch GET 200 https://registry.npmjs.org/prompts/-/prompts-2.4.2.tgz 1089ms (cache miss)
3267 http fetch GET 200 https://registry.npmjs.org/pretty-bytes/-/pretty-bytes-5.6.0.tgz 1090ms (cache miss)
3268 http fetch GET 200 https://registry.npmjs.org/prelude-ls/-/prelude-ls-1.2.1.tgz 1096ms (cache miss)
3269 http fetch GET 200 https://registry.npmjs.org/postcss-unique-selectors/-/postcss-unique-selectors-5.1.1.tgz 1098ms (cache miss)
3270 http fetch GET 200 https://registry.npmjs.org/postcss-svgo/-/postcss-svgo-5.1.0.tgz 1103ms (cache miss)
3271 http fetch GET 200 https://registry.npmjs.org/pretty-format/-/pretty-format-27.5.1.tgz 1104ms (cache miss)
3272 http fetch GET 200 https://registry.npmjs.org/postcss-selector-not/-/postcss-selector-not-5.0.0.tgz 1104ms (cache miss)
3273 http fetch GET 200 https://registry.npmjs.org/postcss-value-parser/-/postcss-value-parser-4.2.0.tgz 1104ms (cache miss)
3274 http fetch GET 200 https://registry.npmjs.org/regenerate-unicode-properties/-/regenerate-unicode-properties-10.0.1.tgz 1117ms (cache miss)
3275 http fetch GET 200 https://registry.npmjs.org/postcss-selector-parser/-/postcss-selector-parser-6.0.9.tgz 1117ms (cache miss)
3276 http fetch GET 200 https://registry.npmjs.org/react-dom/-/react-dom-17.0.2.tgz 1138ms (cache miss)
3277 http fetch GET 200 https://registry.npmjs.org/promise-polyfill/-/promise-polyfill-8.1.3.tgz 1162ms (cache miss)
3278 http fetch GET 200 https://registry.npmjs.org/postcss-page-break/-/postcss-page-break-3.0.4.tgz 1162ms (cache miss)
3279 http fetch GET 200 https://registry.npmjs.org/postcss-pseudo-class-any-link/-/postcss-pseudo-class-any-link-7.1.1.tgz 1163ms (cache miss)
3280 http fetch GET 200 https://registry.npmjs.org/postcss-ordered-values/-/postcss-ordered-values-5.1.0.tgz 1164ms (cache miss)
3281 http fetch GET 200 https://registry.npmjs.org/postcss-replace-overflow-wrap/-/postcss-replace-overflow-wrap-4.0.0.tgz 1164ms (cache miss)
3282 http fetch GET 200 https://registry.npmjs.org/postcss-reduce-transforms/-/postcss-reduce-transforms-5.1.0.tgz 1165ms (cache miss)
3283 http fetch GET 200 https://registry.npmjs.org/postcss-overflow-shorthand/-/postcss-overflow-shorthand-3.0.3.tgz 1165ms (cache miss)
3284 http fetch GET 200 https://registry.npmjs.org/postcss-opacity-percentage/-/postcss-opacity-percentage-1.1.2.tgz 1166ms (cache miss)
3285 http fetch GET 200 https://registry.npmjs.org/postcss-place/-/postcss-place-7.0.4.tgz 1167ms (cache miss)
3286 http fetch GET 200 https://registry.npmjs.org/postcss-reduce-initial/-/postcss-reduce-initial-5.1.0.tgz 1167ms (cache miss)
3287 http fetch GET 200 https://registry.npmjs.org/postcss-preset-env/-/postcss-preset-env-7.4.2.tgz 1167ms (cache miss)
3288 http fetch GET 200 https://registry.npmjs.org/protobufjs/-/protobufjs-6.11.3.tgz 1185ms (cache miss)
3289 http fetch GET 200 https://registry.npmjs.org/typescript/-/typescript-4.6.2.tgz 1211ms (cache miss)
3290 http fetch GET 200 https://registry.npmjs.org/postcss-normalize-whitespace/-/postcss-normalize-whitespace-5.1.1.tgz 1188ms (cache miss)
3291 http fetch GET 200 https://registry.npmjs.org/postcss-normalize-url/-/postcss-normalize-url-5.1.0.tgz 1197ms (cache miss)
3292 http fetch GET 200 https://registry.npmjs.org/postcss-normalize-unicode/-/postcss-normalize-unicode-5.1.0.tgz 1197ms (cache miss)
3293 http fetch GET 200 https://registry.npmjs.org/postcss-normalize-repeat-style/-/postcss-normalize-repeat-style-5.1.0.tgz 1198ms (cache miss)
3294 http fetch GET 200 https://registry.npmjs.org/postcss-normalize-positions/-/postcss-normalize-positions-5.1.0.tgz 1202ms (cache miss)
3295 http fetch GET 200 https://registry.npmjs.org/postcss-normalize-display-values/-/postcss-normalize-display-values-5.1.0.tgz 1203ms (cache miss)
3296 http fetch GET 200 https://registry.npmjs.org/postcss-normalize-timing-functions/-/postcss-normalize-timing-functions-5.1.0.tgz 1203ms (cache miss)
3297 http fetch GET 200 https://registry.npmjs.org/postcss-normalize-string/-/postcss-normalize-string-5.1.0.tgz 1203ms (cache miss)
3298 http fetch GET 200 https://registry.npmjs.org/postcss-normalize-charset/-/postcss-normalize-charset-5.1.0.tgz 1209ms (cache miss)
3299 http fetch GET 200 https://registry.npmjs.org/postcss-normalize/-/postcss-normalize-10.0.1.tgz 1209ms (cache miss)
3300 http fetch GET 200 https://registry.npmjs.org/postcss-modules-values/-/postcss-modules-values-4.0.0.tgz 1211ms (cache miss)
3301 http fetch GET 200 https://registry.npmjs.org/postcss-nesting/-/postcss-nesting-10.1.3.tgz 1214ms (cache miss)
3302 http fetch GET 200 https://registry.npmjs.org/postcss-modules-local-by-default/-/postcss-modules-local-by-default-4.0.0.tgz 1232ms (cache miss)
3303 http fetch GET 200 https://registry.npmjs.org/postcss-modules-scope/-/postcss-modules-scope-3.0.0.tgz 1235ms (cache miss)
3304 http fetch GET 200 https://registry.npmjs.org/postcss-nested/-/postcss-nested-5.0.6.tgz 1234ms (cache miss)
3305 http fetch GET 200 https://registry.npmjs.org/postcss-modules-extract-imports/-/postcss-modules-extract-imports-3.0.0.tgz 1235ms (cache miss)
3306 http fetch GET 200 https://registry.npmjs.org/postcss-minify-params/-/postcss-minify-params-5.1.1.tgz 1241ms (cache miss)
3307 http fetch GET 200 https://registry.npmjs.org/postcss-minify-gradients/-/postcss-minify-gradients-5.1.0.tgz 1240ms (cache miss)
3308 http fetch GET 200 https://registry.npmjs.org/postcss-minify-selectors/-/postcss-minify-selectors-5.2.0.tgz 1241ms (cache miss)
3309 http fetch GET 200 https://registry.npmjs.org/postcss-minify-font-values/-/postcss-minify-font-values-5.1.0.tgz 1241ms (cache miss)
3310 http fetch GET 200 https://registry.npmjs.org/postcss-merge-rules/-/postcss-merge-rules-5.1.0.tgz 1241ms (cache miss)
3311 http fetch GET 200 https://registry.npmjs.org/postcss-media-minmax/-/postcss-media-minmax-5.0.0.tgz 1245ms (cache miss)
3312 http fetch GET 200 https://registry.npmjs.org/postcss-logical/-/postcss-logical-5.0.4.tgz 1251ms (cache miss)
3313 http fetch GET 200 https://registry.npmjs.org/postcss-load-config/-/postcss-load-config-3.1.3.tgz 1253ms (cache miss)
3314 http fetch GET 200 https://registry.npmjs.org/postcss-merge-longhand/-/postcss-merge-longhand-5.1.0.tgz 1254ms (cache miss)
3315 http fetch GET 200 https://registry.npmjs.org/postcss-loader/-/postcss-loader-6.2.1.tgz 1257ms (cache miss)
3316 http fetch GET 200 https://registry.npmjs.org/postcss-initial/-/postcss-initial-4.0.1.tgz 1272ms (cache miss)
3317 http fetch GET 200 https://registry.npmjs.org/postcss-lab-function/-/postcss-lab-function-4.1.2.tgz 1273ms (cache miss)
3318 http fetch GET 200 https://registry.npmjs.org/postcss-js/-/postcss-js-4.0.0.tgz 1275ms (cache miss)
3319 http fetch GET 200 https://registry.npmjs.org/postcss-gap-properties/-/postcss-gap-properties-3.0.3.tgz 1276ms (cache miss)
3320 http fetch GET 200 https://registry.npmjs.org/postcss-image-set-function/-/postcss-image-set-function-4.0.6.tgz 1281ms (cache miss)
3321 http fetch GET 200 https://registry.npmjs.org/postcss-focus-within/-/postcss-focus-within-5.0.4.tgz 1281ms (cache miss)
3322 http fetch GET 200 https://registry.npmjs.org/postcss-focus-visible/-/postcss-focus-visible-6.0.4.tgz 1281ms (cache miss)
3323 http fetch GET 200 https://registry.npmjs.org/postcss-flexbugs-fixes/-/postcss-flexbugs-fixes-5.0.2.tgz 1285ms (cache miss)
3324 http fetch GET 200 https://registry.npmjs.org/postcss-env-function/-/postcss-env-function-4.0.5.tgz 1290ms (cache miss)
3325 http fetch GET 200 https://registry.npmjs.org/postcss-double-position-gradients/-/postcss-double-position-gradients-3.1.1.tgz 1290ms (cache miss)
3326 http fetch GET 200 https://registry.npmjs.org/postcss-discard-overridden/-/postcss-discard-overridden-5.1.0.tgz 1291ms (cache miss)
3327 http fetch GET 200 https://registry.npmjs.org/postcss-font-variant/-/postcss-font-variant-5.0.0.tgz 1293ms (cache miss)
3328 http fetch GET 200 https://registry.npmjs.org/postcss-discard-duplicates/-/postcss-discard-duplicates-5.1.0.tgz 1301ms (cache miss)
3329 http fetch GET 200 https://registry.npmjs.org/postcss-discard-empty/-/postcss-discard-empty-5.1.1.tgz 1301ms (cache miss)
3330 http fetch GET 200 https://registry.npmjs.org/postcss-discard-comments/-/postcss-discard-comments-5.1.1.tgz 1308ms (cache miss)
3331 http fetch GET 200 https://registry.npmjs.org/postcss-dir-pseudo-class/-/postcss-dir-pseudo-class-6.0.4.tgz 1317ms (cache miss)
3332 http fetch GET 200 https://registry.npmjs.org/postcss-convert-values/-/postcss-convert-values-5.1.0.tgz 1326ms (cache miss)
3333 http fetch GET 200 https://registry.npmjs.org/postcss-custom-media/-/postcss-custom-media-8.0.0.tgz 1327ms (cache miss)
3334 http fetch GET 200 https://registry.npmjs.org/postcss-colormin/-/postcss-colormin-5.3.0.tgz 1326ms (cache miss)
3335 http fetch GET 200 https://registry.npmjs.org/postcss-custom-properties/-/postcss-custom-properties-12.1.4.tgz 1329ms (cache miss)
3336 http fetch GET 200 https://registry.npmjs.org/postcss-color-functional-notation/-/postcss-color-functional-notation-4.2.2.tgz 1330ms (cache miss)
3337 http fetch GET 200 https://registry.npmjs.org/postcss-color-rebeccapurple/-/postcss-color-rebeccapurple-7.0.2.tgz 1330ms (cache miss)
3338 http fetch GET 200 https://registry.npmjs.org/postcss-custom-selectors/-/postcss-custom-selectors-6.0.0.tgz 1331ms (cache miss)
3339 http fetch GET 200 https://registry.npmjs.org/postcss-color-hex-alpha/-/postcss-color-hex-alpha-8.0.3.tgz 1332ms (cache miss)
3340 http fetch GET 200 https://registry.npmjs.org/postcss-attribute-case-insensitive/-/postcss-attribute-case-insensitive-5.0.0.tgz 1337ms (cache miss)
3341 http fetch GET 200 https://registry.npmjs.org/postcss-calc/-/postcss-calc-8.2.4.tgz 1337ms (cache miss)
3342 http fetch GET 200 https://registry.npmjs.org/portfinder/-/portfinder-1.0.28.tgz 1338ms (cache miss)
3343 http fetch GET 200 https://registry.npmjs.org/pkg-up/-/pkg-up-3.1.0.tgz 1345ms (cache miss)
3344 http fetch GET 200 https://registry.npmjs.org/postcss/-/postcss-8.4.8.tgz 1348ms (cache miss)
3345 http fetch GET 200 https://registry.npmjs.org/react-icons/-/react-icons-4.3.1.tgz 1364ms (cache miss)
3346 http fetch GET 200 https://registry.npmjs.org/pirates/-/pirates-4.0.5.tgz 1357ms (cache miss)
3347 http fetch GET 200 https://registry.npmjs.org/postcss-browser-comments/-/postcss-browser-comments-4.0.0.tgz 1364ms (cache miss)
3348 http fetch GET 200 https://registry.npmjs.org/picomatch/-/picomatch-2.3.1.tgz 1364ms (cache miss)
3349 http fetch GET 200 https://registry.npmjs.org/picocolors/-/picocolors-1.0.0.tgz 1367ms (cache miss)
3350 http fetch GET 200 https://registry.npmjs.org/path-type/-/path-type-4.0.0.tgz 1367ms (cache miss)
3351 http fetch GET 200 https://registry.npmjs.org/performance-now/-/performance-now-2.1.0.tgz 1367ms (cache miss)
3352 http fetch GET 200 https://registry.npmjs.org/path-parse/-/path-parse-1.0.7.tgz 1376ms (cache miss)
3353 http fetch GET 200 https://registry.npmjs.org/pkg-dir/-/pkg-dir-4.2.0.tgz 1376ms (cache miss)
3354 http fetch GET 200 https://registry.npmjs.org/path-is-absolute/-/path-is-absolute-1.0.1.tgz 1382ms (cache miss)
3355 http fetch GET 200 https://registry.npmjs.org/path-exists/-/path-exists-4.0.0.tgz 1383ms (cache miss)
3356 http fetch GET 200 https://registry.npmjs.org/path-to-regexp/-/path-to-regexp-0.1.7.tgz 1383ms (cache miss)
3357 http fetch GET 200 https://registry.npmjs.org/parseurl/-/parseurl-1.3.3.tgz 1382ms (cache miss)
3358 http fetch GET 200 https://registry.npmjs.org/parse-json/-/parse-json-5.2.0.tgz 1382ms (cache miss)
3359 http fetch GET 200 https://registry.npmjs.org/pascal-case/-/pascal-case-3.1.2.tgz 1382ms (cache miss)
3360 http fetch GET 200 https://registry.npmjs.org/parse5/-/parse5-6.0.1.tgz 1385ms (cache miss)
3361 http fetch GET 200 https://registry.npmjs.org/path-key/-/path-key-3.1.1.tgz 1392ms (cache miss)
3362 http fetch GET 200 https://registry.npmjs.org/p-try/-/p-try-2.2.0.tgz 1399ms (cache miss)
3363 http fetch GET 200 https://registry.npmjs.org/param-case/-/param-case-3.0.4.tgz 1399ms (cache miss)
3364 http fetch GET 200 https://registry.npmjs.org/p-retry/-/p-retry-4.6.1.tgz 1400ms (cache miss)
3365 http fetch GET 200 https://registry.npmjs.org/parent-module/-/parent-module-1.0.1.tgz 1407ms (cache miss)
3366 http fetch GET 200 https://registry.npmjs.org/p-map/-/p-map-4.0.0.tgz 1406ms (cache miss)
3367 http fetch GET 200 https://registry.npmjs.org/p-locate/-/p-locate-5.0.0.tgz 1408ms (cache miss)
3368 http fetch GET 200 https://registry.npmjs.org/optionator/-/optionator-0.9.1.tgz 1417ms (cache miss)
3369 http fetch GET 200 https://registry.npmjs.org/open/-/open-8.4.0.tgz 1417ms (cache miss)
3370 http fetch GET 200 https://registry.npmjs.org/once/-/once-1.4.0.tgz 1417ms (cache miss)
3371 http fetch GET 200 https://registry.npmjs.org/obuf/-/obuf-1.1.2.tgz 1425ms (cache miss)
3372 http fetch GET 200 https://registry.npmjs.org/on-finished/-/on-finished-2.3.0.tgz 1425ms (cache miss)
3373 http fetch GET 200 https://registry.npmjs.org/p-limit/-/p-limit-3.1.0.tgz 1425ms (cache miss)
3374 http fetch GET 200 https://registry.npmjs.org/onetime/-/onetime-5.1.2.tgz 1425ms (cache miss)
3375 http fetch GET 200 https://registry.npmjs.org/pako/-/pako-1.0.11.tgz 1426ms (cache miss)
3376 http fetch GET 200 https://registry.npmjs.org/object.values/-/object.values-1.1.5.tgz 1436ms (cache miss)
3377 http fetch GET 200 https://registry.npmjs.org/on-headers/-/on-headers-1.0.2.tgz 1437ms (cache miss)
3378 http fetch GET 200 https://registry.npmjs.org/object.hasown/-/object.hasown-1.1.0.tgz 1437ms (cache miss)
3379 http fetch GET 200 https://registry.npmjs.org/object.fromentries/-/object.fromentries-2.0.5.tgz 1438ms (cache miss)
3380 http fetch GET 200 https://registry.npmjs.org/object.getownpropertydescriptors/-/object.getownpropertydescriptors-2.1.3.tgz 1440ms (cache miss)
3381 http fetch GET 200 https://registry.npmjs.org/object.entries/-/object.entries-1.1.5.tgz 1446ms (cache miss)
3382 http fetch GET 200 https://registry.npmjs.org/object.assign/-/object.assign-4.1.2.tgz 1450ms (cache miss)
3383 http fetch GET 200 https://registry.npmjs.org/object-hash/-/object-hash-2.2.0.tgz 1457ms (cache miss)
3384 http fetch GET 200 https://registry.npmjs.org/object-keys/-/object-keys-1.1.1.tgz 1457ms (cache miss)
3385 http fetch GET 200 https://registry.npmjs.org/object-is/-/object-is-1.1.5.tgz 1457ms (cache miss)
3386 http fetch GET 200 https://registry.npmjs.org/object-inspect/-/object-inspect-1.12.0.tgz 1462ms (cache miss)
3387 http fetch GET 200 https://registry.npmjs.org/object-assign/-/object-assign-4.1.1.tgz 1461ms (cache miss)
3388 http fetch GET 200 https://registry.npmjs.org/nwsapi/-/nwsapi-2.2.0.tgz 1461ms (cache miss)
3389 http fetch GET 200 https://registry.npmjs.org/nth-check/-/nth-check-2.0.1.tgz 1462ms (cache miss)
3390 http fetch GET 200 https://registry.npmjs.org/npm-run-path/-/npm-run-path-4.0.1.tgz 1466ms (cache miss)
3391 http fetch GET 200 https://registry.npmjs.org/node-releases/-/node-releases-2.0.2.tgz 1470ms (cache miss)
3392 http fetch GET 200 https://registry.npmjs.org/normalize-path/-/normalize-path-3.0.0.tgz 1474ms (cache miss)
3393 http fetch GET 200 https://registry.npmjs.org/node-int64/-/node-int64-0.4.0.tgz 1474ms (cache miss)
3394 http fetch GET 200 https://registry.npmjs.org/normalize-range/-/normalize-range-0.1.2.tgz 1474ms (cache miss)
3395 http fetch GET 200 https://registry.npmjs.org/normalize-url/-/normalize-url-6.1.0.tgz 1477ms (cache miss)
3396 http fetch GET 200 https://registry.npmjs.org/node-fetch/-/node-fetch-2.6.7.tgz 1486ms (cache miss)
3397 http fetch GET 200 https://registry.npmjs.org/negotiator/-/negotiator-0.6.3.tgz 1495ms (cache miss)
3398 http fetch GET 200 https://registry.npmjs.org/natural-compare/-/natural-compare-1.4.0.tgz 1497ms (cache miss)
3399 http fetch GET 200 https://registry.npmjs.org/nanoid/-/nanoid-3.3.1.tgz 1502ms (cache miss)
3400 http fetch GET 200 https://registry.npmjs.org/multicast-dns/-/multicast-dns-6.2.3.tgz 1502ms (cache miss)
3401 http fetch GET 200 https://registry.npmjs.org/multicast-dns-service-types/-/multicast-dns-service-types-1.1.0.tgz 1502ms (cache miss)
3402 http fetch GET 200 https://registry.npmjs.org/neo-async/-/neo-async-2.6.2.tgz 1503ms (cache miss)
3403 http fetch GET 200 https://registry.npmjs.org/no-case/-/no-case-3.0.4.tgz 1507ms (cache miss)
3404 http fetch GET 200 https://registry.npmjs.org/ms/-/ms-2.1.2.tgz 1507ms (cache miss)
3405 http fetch GET 200 https://registry.npmjs.org/minimist/-/minimist-1.2.5.tgz 1510ms (cache miss)
3406 http fetch GET 200 https://registry.npmjs.org/mkdirp/-/mkdirp-0.5.5.tgz 1510ms (cache miss)
3407 http fetch GET 200 https://registry.npmjs.org/minimatch/-/minimatch-3.1.2.tgz 1510ms (cache miss)
3408 http fetch GET 200 https://registry.npmjs.org/mini-css-extract-plugin/-/mini-css-extract-plugin-2.6.0.tgz 1521ms (cache miss)
3409 http fetch GET 200 https://registry.npmjs.org/minimalistic-assert/-/minimalistic-assert-1.0.1.tgz 1522ms (cache miss)
3410 http fetch GET 200 https://registry.npmjs.org/min-indent/-/min-indent-1.0.1.tgz 1523ms (cache miss)
3411 http fetch GET 200 https://registry.npmjs.org/mimic-fn/-/mimic-fn-2.1.0.tgz 1528ms (cache miss)
3412 http fetch GET 200 https://registry.npmjs.org/mime-types/-/mime-types-2.1.34.tgz 1530ms (cache miss)
3413 http fetch GET 200 https://registry.npmjs.org/node-forge/-/node-forge-1.2.1.tgz 1533ms (cache miss)
3414 http fetch GET 200 https://registry.npmjs.org/mime/-/mime-1.6.0.tgz 1536ms (cache miss)
3415 http fetch GET 200 https://registry.npmjs.org/micromatch/-/micromatch-4.0.4.tgz 1536ms (cache miss)
3416 http fetch GET 200 https://registry.npmjs.org/mime-db/-/mime-db-1.51.0.tgz 1537ms (cache miss)
3417 http fetch GET 200 https://registry.npmjs.org/merge-descriptors/-/merge-descriptors-1.0.1.tgz 1543ms (cache miss)
3418 http fetch GET 200 https://registry.npmjs.org/methods/-/methods-1.1.2.tgz 1546ms (cache miss)
3419 http fetch GET 200 https://registry.npmjs.org/merge2/-/merge2-1.4.1.tgz 1550ms (cache miss)
3420 http fetch GET 200 https://registry.npmjs.org/merge-stream/-/merge-stream-2.0.0.tgz 1552ms (cache miss)
3421 http fetch GET 200 https://registry.npmjs.org/memfs/-/memfs-3.4.1.tgz 1553ms (cache miss)
3422 http fetch GET 200 https://registry.npmjs.org/media-typer/-/media-typer-0.3.0.tgz 1554ms (cache miss)
3423 http fetch GET 200 https://registry.npmjs.org/make-dir/-/make-dir-3.1.0.tgz 1563ms (cache miss)
3424 http fetch GET 200 https://registry.npmjs.org/magic-string/-/magic-string-0.25.9.tgz 1565ms (cache miss)
3425 http fetch GET 200 https://registry.npmjs.org/lru-cache/-/lru-cache-6.0.0.tgz 1571ms (cache miss)
3426 http fetch GET 200 https://registry.npmjs.org/lower-case/-/lower-case-2.0.2.tgz 1572ms (cache miss)
3427 http fetch GET 200 https://registry.npmjs.org/mdn-data/-/mdn-data-2.0.4.tgz 1574ms (cache miss)
3428 http fetch GET 200 https://registry.npmjs.org/lz-string/-/lz-string-1.4.4.tgz 1573ms (cache miss)
3429 http fetch GET 200 https://registry.npmjs.org/makeerror/-/makeerror-1.0.12.tgz 1576ms (cache miss)
3430 http fetch GET 200 https://registry.npmjs.org/long/-/long-4.0.0.tgz 1575ms (cache miss)
3431 http fetch GET 200 https://registry.npmjs.org/lodash.merge/-/lodash.merge-4.6.2.tgz 1587ms (cache miss)
3432 http fetch GET 200 https://registry.npmjs.org/lodash.sortby/-/lodash.sortby-4.7.0.tgz 1587ms (cache miss)
3433 http fetch GET 200 https://registry.npmjs.org/lodash.memoize/-/lodash.memoize-4.1.2.tgz 1590ms (cache miss)
3434 http fetch GET 200 https://registry.npmjs.org/lodash.camelcase/-/lodash.camelcase-4.3.0.tgz 1591ms (cache miss)
3435 http fetch GET 200 https://registry.npmjs.org/locate-path/-/locate-path-6.0.0.tgz 1597ms (cache miss)
3436 http fetch GET 200 https://registry.npmjs.org/lodash.uniq/-/lodash.uniq-4.5.0.tgz 1598ms (cache miss)
3437 http fetch GET 200 https://registry.npmjs.org/loader-runner/-/loader-runner-4.2.0.tgz 1601ms (cache miss)
3438 http fetch GET 200 https://registry.npmjs.org/lodash.debounce/-/lodash.debounce-4.0.8.tgz 1607ms (cache miss)
3439 http fetch GET 200 https://registry.npmjs.org/loose-envify/-/loose-envify-1.4.0.tgz 1609ms (cache miss)
3440 http fetch GET 200 https://registry.npmjs.org/lie/-/lie-3.3.0.tgz 1609ms (cache miss)
3441 http fetch GET 200 https://registry.npmjs.org/loader-utils/-/loader-utils-2.0.2.tgz 1614ms (cache miss)
3442 http fetch GET 200 https://registry.npmjs.org/levn/-/levn-0.4.1.tgz 1614ms (cache miss)
3443 http fetch GET 200 https://registry.npmjs.org/leven/-/leven-3.1.0.tgz 1620ms (cache miss)
3444 http fetch GET 200 https://registry.npmjs.org/language-tags/-/language-tags-1.0.5.tgz 1621ms (cache miss)
3445 http fetch GET 200 https://registry.npmjs.org/lines-and-columns/-/lines-and-columns-1.2.4.tgz 1628ms (cache miss)
3446 http fetch GET 200 https://registry.npmjs.org/lilconfig/-/lilconfig-2.0.4.tgz 1628ms (cache miss)
3447 http fetch GET 200 https://registry.npmjs.org/klona/-/klona-2.0.5.tgz 1638ms (cache miss)
3448 http fetch GET 200 https://registry.npmjs.org/language-subtag-registry/-/language-subtag-registry-0.3.21.tgz 1659ms (cache miss)
3449 http fetch GET 200 https://registry.npmjs.org/jsonfile/-/jsonfile-6.1.0.tgz 1660ms (cache miss)
3450 http fetch GET 200 https://registry.npmjs.org/json-schema/-/json-schema-0.4.0.tgz 1660ms (cache miss)
3451 http fetch GET 200 https://registry.npmjs.org/kind-of/-/kind-of-6.0.3.tgz 1660ms (cache miss)
3452 http fetch GET 200 https://registry.npmjs.org/json-stable-stringify-without-jsonify/-/json-stable-stringify-without-jsonify-1.0.1.tgz 1660ms (cache miss)
3453 http fetch GET 200 https://registry.npmjs.org/jsonpointer/-/jsonpointer-5.0.0.tgz 1660ms (cache miss)
3454 http fetch GET 200 https://registry.npmjs.org/json-schema-traverse/-/json-schema-traverse-0.4.1.tgz 1661ms (cache miss)
3455 http fetch GET 200 https://registry.npmjs.org/json-parse-even-better-errors/-/json-parse-even-better-errors-2.3.1.tgz 1661ms (cache miss)
3456 http fetch GET 200 https://registry.npmjs.org/json5/-/json5-2.2.0.tgz 1664ms (cache miss)
3457 http fetch GET 200 https://registry.npmjs.org/json-parse-better-errors/-/json-parse-better-errors-1.0.2.tgz 1666ms (cache miss)
3458 http fetch GET 200 https://registry.npmjs.org/jsesc/-/jsesc-2.5.2.tgz 1671ms (cache miss)
3459 http fetch GET 200 https://registry.npmjs.org/jszip/-/jszip-3.10.0.tgz 1673ms (cache miss)
3460 http fetch GET 200 https://registry.npmjs.org/kleur/-/kleur-3.0.3.tgz 1677ms (cache miss)
3461 http fetch GET 200 https://registry.npmjs.org/js-tokens/-/js-tokens-4.0.0.tgz 1678ms (cache miss)
3462 http fetch GET 200 https://registry.npmjs.org/jsx-ast-utils/-/jsx-ast-utils-3.2.1.tgz 1685ms (cache miss)
3463 http fetch GET 200 https://registry.npmjs.org/js-yaml/-/js-yaml-3.14.1.tgz 1686ms (cache miss)
3464 http fetch GET 200 https://registry.npmjs.org/jest-util/-/jest-util-27.5.1.tgz 1687ms (cache miss)
3465 http fetch GET 200 https://registry.npmjs.org/jest-watcher/-/jest-watcher-27.5.1.tgz 1691ms (cache miss)
3466 http fetch GET 200 https://registry.npmjs.org/jest-watch-typeahead/-/jest-watch-typeahead-1.0.0.tgz 1690ms (cache miss)
3467 http fetch GET 200 https://registry.npmjs.org/jest-validate/-/jest-validate-27.5.1.tgz 1692ms (cache miss)
3468 http fetch GET 200 https://registry.npmjs.org/jest-serializer/-/jest-serializer-27.5.1.tgz 1696ms (cache miss)
3469 http fetch GET 200 https://registry.npmjs.org/jest-runner/-/jest-runner-27.5.1.tgz 1697ms (cache miss)
3470 http fetch GET 200 https://registry.npmjs.org/jest-runtime/-/jest-runtime-27.5.1.tgz 1698ms (cache miss)
3471 http fetch GET 200 https://registry.npmjs.org/jest-worker/-/jest-worker-27.5.1.tgz 1700ms (cache miss)
3472 http fetch GET 200 https://registry.npmjs.org/jest-snapshot/-/jest-snapshot-27.5.1.tgz 1700ms (cache miss)
3473 http fetch GET 200 https://registry.npmjs.org/jest-resolve-dependencies/-/jest-resolve-dependencies-27.5.1.tgz 1703ms (cache miss)
3474 http fetch GET 200 https://registry.npmjs.org/jest-regex-util/-/jest-regex-util-27.5.1.tgz 1708ms (cache miss)
3475 http fetch GET 200 https://registry.npmjs.org/lodash/-/lodash-4.17.21.tgz 1714ms (cache miss)
3476 http fetch GET 200 https://registry.npmjs.org/jest-pnp-resolver/-/jest-pnp-resolver-1.2.2.tgz 1719ms (cache miss)
3477 http fetch GET 200 https://registry.npmjs.org/jest-resolve/-/jest-resolve-27.5.1.tgz 1719ms (cache miss)
3478 http fetch GET 200 https://registry.npmjs.org/jest-mock/-/jest-mock-27.5.1.tgz 1721ms (cache miss)
3479 http fetch GET 200 https://registry.npmjs.org/jest-leak-detector/-/jest-leak-detector-27.5.1.tgz 1728ms (cache miss)
3480 http fetch GET 200 https://registry.npmjs.org/jest-environment-jsdom/-/jest-environment-jsdom-27.5.1.tgz 1734ms (cache miss)
3481 http fetch GET 200 https://registry.npmjs.org/jest-environment-node/-/jest-environment-node-27.5.1.tgz 1734ms (cache miss)
3482 http fetch GET 200 https://registry.npmjs.org/jest-matcher-utils/-/jest-matcher-utils-27.5.1.tgz 1735ms (cache miss)
3483 http fetch GET 200 https://registry.npmjs.org/jest-get-type/-/jest-get-type-27.5.1.tgz 1735ms (cache miss)
3484 http fetch GET 200 https://registry.npmjs.org/jest-message-util/-/jest-message-util-27.5.1.tgz 1735ms (cache miss)
3485 http fetch GET 200 https://registry.npmjs.org/jest-haste-map/-/jest-haste-map-27.5.1.tgz 1735ms (cache miss)
3486 http fetch GET 200 https://registry.npmjs.org/jest-each/-/jest-each-27.5.1.tgz 1739ms (cache miss)
3487 http fetch GET 200 https://registry.npmjs.org/jest-jasmine2/-/jest-jasmine2-27.5.1.tgz 1741ms (cache miss)
3488 http fetch GET 200 https://registry.npmjs.org/jest-diff/-/jest-diff-27.5.1.tgz 1743ms (cache miss)
3489 http fetch GET 200 https://registry.npmjs.org/jest-docblock/-/jest-docblock-27.5.1.tgz 1753ms (cache miss)
3490 http fetch GET 200 https://registry.npmjs.org/jest-changed-files/-/jest-changed-files-27.5.1.tgz 1752ms (cache miss)
3491 http fetch GET 200 https://registry.npmjs.org/jest-cli/-/jest-cli-27.5.1.tgz 1754ms (cache miss)
3492 http fetch GET 200 https://registry.npmjs.org/jest-config/-/jest-config-27.5.1.tgz 1758ms (cache miss)
3493 http fetch GET 200 https://registry.npmjs.org/jake/-/jake-10.8.2.tgz 1764ms (cache miss)
3494 http fetch GET 200 https://registry.npmjs.org/isexe/-/isexe-2.0.0.tgz 1769ms (cache miss)
3495 http fetch GET 200 https://registry.npmjs.org/istanbul-lib-coverage/-/istanbul-lib-coverage-3.2.0.tgz 1771ms (cache miss)
3496 http fetch GET 200 https://registry.npmjs.org/istanbul-lib-instrument/-/istanbul-lib-instrument-5.1.0.tgz 1772ms (cache miss)
3497 http fetch GET 200 https://registry.npmjs.org/jest/-/jest-27.5.1.tgz 1773ms (cache miss)
3498 http fetch GET 200 https://registry.npmjs.org/istanbul-reports/-/istanbul-reports-3.1.4.tgz 1774ms (cache miss)
3499 http fetch GET 200 https://registry.npmjs.org/istanbul-lib-report/-/istanbul-lib-report-3.0.0.tgz 1776ms (cache miss)
3500 http fetch GET 200 https://registry.npmjs.org/istanbul-lib-source-maps/-/istanbul-lib-source-maps-4.0.1.tgz 1777ms (cache miss)
3501 http fetch GET 200 https://registry.npmjs.org/jest-circus/-/jest-circus-27.5.1.tgz 1780ms (cache miss)
3502 http fetch GET 200 https://registry.npmjs.org/isarray/-/isarray-1.0.0.tgz 1780ms (cache miss)
3503 http fetch GET 200 https://registry.npmjs.org/is-wsl/-/is-wsl-2.2.0.tgz 1786ms (cache miss)
3504 http fetch GET 200 https://registry.npmjs.org/is-symbol/-/is-symbol-1.0.4.tgz 1788ms (cache miss)
3505 http fetch GET 200 https://registry.npmjs.org/is-typedarray/-/is-typedarray-1.0.0.tgz 1788ms (cache miss)
3506 http fetch GET 200 https://registry.npmjs.org/is-weakref/-/is-weakref-1.0.2.tgz 1790ms (cache miss)
3507 http fetch GET 200 https://registry.npmjs.org/is-shared-array-buffer/-/is-shared-array-buffer-1.0.1.tgz 1796ms (cache miss)
3508 http fetch GET 200 https://registry.npmjs.org/is-string/-/is-string-1.0.7.tgz 1799ms (cache miss)
3509 http fetch GET 200 https://registry.npmjs.org/jsdom/-/jsdom-16.7.0.tgz 1805ms (cache miss)
3510 http fetch GET 200 https://registry.npmjs.org/is-regexp/-/is-regexp-1.0.0.tgz 1801ms (cache miss)
3511 http fetch GET 200 https://registry.npmjs.org/is-root/-/is-root-2.1.0.tgz 1809ms (cache miss)
3512 http fetch GET 200 https://registry.npmjs.org/is-stream/-/is-stream-2.0.1.tgz 1810ms (cache miss)
3513 http fetch GET 200 https://registry.npmjs.org/is-regex/-/is-regex-1.1.4.tgz 1809ms (cache miss)
3514 http fetch GET 200 https://registry.npmjs.org/is-path-inside/-/is-path-inside-3.0.3.tgz 1816ms (cache miss)
3515 http fetch GET 200 https://registry.npmjs.org/is-plain-obj/-/is-plain-obj-3.0.0.tgz 1816ms (cache miss)
3516 http fetch GET 200 https://registry.npmjs.org/is-potential-custom-element-name/-/is-potential-custom-element-name-1.0.1.tgz 1816ms (cache miss)
3517 http fetch GET 200 https://registry.npmjs.org/is-path-cwd/-/is-path-cwd-2.2.0.tgz 1817ms (cache miss)
3518 http fetch GET 200 https://registry.npmjs.org/is-number-object/-/is-number-object-1.0.6.tgz 1822ms (cache miss)
3519 http fetch GET 200 https://registry.npmjs.org/is-obj/-/is-obj-1.0.1.tgz 1824ms (cache miss)
3520 http fetch GET 200 https://registry.npmjs.org/is-number/-/is-number-7.0.0.tgz 1827ms (cache miss)
3521 http fetch GET 200 https://registry.npmjs.org/is-negative-zero/-/is-negative-zero-2.0.2.tgz 1827ms (cache miss)
3522 http fetch GET 200 https://registry.npmjs.org/is-generator-fn/-/is-generator-fn-2.1.0.tgz 1828ms (cache miss)
3523 http fetch GET 200 https://registry.npmjs.org/is-extglob/-/is-extglob-2.1.1.tgz 1837ms (cache miss)
3524 http fetch GET 200 https://registry.npmjs.org/is-fullwidth-code-point/-/is-fullwidth-code-point-3.0.0.tgz 1838ms (cache miss)
3525 http fetch GET 200 https://registry.npmjs.org/is-module/-/is-module-1.0.0.tgz 1841ms (cache miss)
3526 http fetch GET 200 https://registry.npmjs.org/is-callable/-/is-callable-1.2.4.tgz 1847ms (cache miss)
3527 http fetch GET 200 https://registry.npmjs.org/is-docker/-/is-docker-2.2.1.tgz 1853ms (cache miss)
3528 http fetch GET 200 https://registry.npmjs.org/is-core-module/-/is-core-module-2.8.1.tgz 1853ms (cache miss)
3529 http fetch GET 200 https://registry.npmjs.org/is-boolean-object/-/is-boolean-object-1.1.2.tgz 1853ms (cache miss)
3530 http fetch GET 200 https://registry.npmjs.org/is-date-object/-/is-date-object-1.0.5.tgz 1853ms (cache miss)
3531 http fetch GET 200 https://registry.npmjs.org/is-bigint/-/is-bigint-1.0.4.tgz 1856ms (cache miss)
3532 http fetch GET 200 https://registry.npmjs.org/is-binary-path/-/is-binary-path-2.1.0.tgz 1858ms (cache miss)
3533 http fetch GET 200 https://registry.npmjs.org/is-arguments/-/is-arguments-1.1.1.tgz 1858ms (cache miss)
3534 http fetch GET 200 https://registry.npmjs.org/is-arrayish/-/is-arrayish-0.2.1.tgz 1859ms (cache miss)
3535 http fetch GET 200 https://registry.npmjs.org/ipaddr.js/-/ipaddr.js-2.0.1.tgz 1862ms (cache miss)
3536 http fetch GET 200 https://registry.npmjs.org/internal-slot/-/internal-slot-1.0.3.tgz 1865ms (cache miss)
3537 http fetch GET 200 https://registry.npmjs.org/ini/-/ini-1.3.8.tgz 1873ms (cache miss)
3538 http fetch GET 200 https://registry.npmjs.org/ip/-/ip-1.1.5.tgz 1873ms (cache miss)
3539 http fetch GET 200 https://registry.npmjs.org/import-fresh/-/import-fresh-3.3.0.tgz 1893ms (cache miss)
3540 http fetch GET 200 https://registry.npmjs.org/inflight/-/inflight-1.0.6.tgz 1894ms (cache miss)
3541 http fetch GET 200 https://registry.npmjs.org/inherits/-/inherits-2.0.4.tgz 1894ms (cache miss)
3542 http fetch GET 200 https://registry.npmjs.org/is-glob/-/is-glob-4.0.3.tgz 1893ms (cache miss)
3543 http fetch GET 200 https://registry.npmjs.org/import-local/-/import-local-3.1.0.tgz 1893ms (cache miss)
3544 http fetch GET 200 https://registry.npmjs.org/indent-string/-/indent-string-4.0.0.tgz 1894ms (cache miss)
3545 http fetch GET 200 https://registry.npmjs.org/ignore/-/ignore-5.2.0.tgz 1896ms (cache miss)
3546 http fetch GET 200 https://registry.npmjs.org/immediate/-/immediate-3.0.6.tgz 1905ms (cache miss)
3547 http fetch GET 200 https://registry.npmjs.org/icss-utils/-/icss-utils-5.1.0.tgz 1905ms (cache miss)
3548 http fetch GET 200 https://registry.npmjs.org/identity-obj-proxy/-/identity-obj-proxy-3.0.0.tgz 1906ms (cache miss)
3549 http fetch GET 200 https://registry.npmjs.org/human-signals/-/human-signals-2.1.0.tgz 1906ms (cache miss)
3550 http fetch GET 200 https://registry.npmjs.org/iconv-lite/-/iconv-lite-0.6.3.tgz 1911ms (cache miss)
3551 http fetch GET 200 https://registry.npmjs.org/idb/-/idb-6.1.5.tgz 1913ms (cache miss)
3552 http fetch GET 200 https://registry.npmjs.org/https-proxy-agent/-/https-proxy-agent-5.0.0.tgz 1919ms (cache miss)
3553 http fetch GET 200 https://registry.npmjs.org/immer/-/immer-9.0.12.tgz 1924ms (cache miss)
3554 http fetch GET 200 https://registry.npmjs.org/http-parser-js/-/http-parser-js-0.5.6.tgz 1933ms (cache miss)
3555 http fetch GET 200 https://registry.npmjs.org/http-proxy-agent/-/http-proxy-agent-4.0.1.tgz 1934ms (cache miss)
3556 http fetch GET 200 https://registry.npmjs.org/imurmurhash/-/imurmurhash-0.1.4.tgz 1934ms (cache miss)
3557 http fetch GET 200 https://registry.npmjs.org/http-errors/-/http-errors-1.8.1.tgz 1935ms (cache miss)
3558 http fetch GET 200 https://registry.npmjs.org/http-proxy-middleware/-/http-proxy-middleware-2.0.3.tgz 1937ms (cache miss)
3559 http fetch GET 200 https://registry.npmjs.org/http-deceiver/-/http-deceiver-1.2.7.tgz 1938ms (cache miss)
3560 http fetch GET 200 https://registry.npmjs.org/http-proxy/-/http-proxy-1.18.1.tgz 1940ms (cache miss)
3561 http fetch GET 200 https://registry.npmjs.org/html-encoding-sniffer/-/html-encoding-sniffer-2.0.1.tgz 1943ms (cache miss)
3562 http fetch GET 200 https://registry.npmjs.org/html-escaper/-/html-escaper-2.0.2.tgz 1943ms (cache miss)
3563 http fetch GET 200 https://registry.npmjs.org/htmlparser2/-/htmlparser2-6.1.0.tgz 1943ms (cache miss)
3564 http fetch GET 200 https://registry.npmjs.org/html-entities/-/html-entities-2.3.2.tgz 1943ms (cache miss)
3565 http fetch GET 200 https://registry.npmjs.org/html-webpack-plugin/-/html-webpack-plugin-5.5.0.tgz 1944ms (cache miss)
3566 http fetch GET 200 https://registry.npmjs.org/html-minifier-terser/-/html-minifier-terser-6.1.0.tgz 1946ms (cache miss)
3567 http fetch GET 200 https://registry.npmjs.org/he/-/he-1.2.0.tgz 1954ms (cache miss)
3568 http fetch GET 200 https://registry.npmjs.org/hpack.js/-/hpack.js-2.1.6.tgz 1955ms (cache miss)
3569 http fetch GET 200 https://registry.npmjs.org/has-flag/-/has-flag-3.0.0.tgz 1964ms (cache miss)
3570 http fetch GET 200 https://registry.npmjs.org/has-symbols/-/has-symbols-1.0.3.tgz 1972ms (cache miss)
3571 http fetch GET 200 https://registry.npmjs.org/hoopy/-/hoopy-0.1.4.tgz 1972ms (cache miss)
3572 http fetch GET 200 https://registry.npmjs.org/has-tostringtag/-/has-tostringtag-1.0.0.tgz 1972ms (cache miss)
3573 http fetch GET 200 https://registry.npmjs.org/harmony-reflect/-/harmony-reflect-1.6.2.tgz 1983ms (cache miss)
3574 http fetch GET 200 https://registry.npmjs.org/handle-thing/-/handle-thing-2.0.1.tgz 1983ms (cache miss)
3575 http fetch GET 200 https://registry.npmjs.org/has-bigints/-/has-bigints-1.0.1.tgz 1983ms (cache miss)
3576 http fetch GET 200 https://registry.npmjs.org/has/-/has-1.0.3.tgz 1985ms (cache miss)
3577 http fetch GET 200 https://registry.npmjs.org/graceful-fs/-/graceful-fs-4.2.9.tgz 1984ms (cache miss)
3578 http fetch GET 200 https://registry.npmjs.org/globals/-/globals-11.12.0.tgz 1984ms (cache miss)
3579 http fetch GET 200 https://registry.npmjs.org/gzip-size/-/gzip-size-6.0.0.tgz 1985ms (cache miss)
3580 http fetch GET 200 https://registry.npmjs.org/globby/-/globby-11.1.0.tgz 1985ms (cache miss)
3581 http fetch GET 200 https://registry.npmjs.org/global-modules/-/global-modules-2.0.0.tgz 1985ms (cache miss)
3582 http fetch GET 200 https://registry.npmjs.org/glob-to-regexp/-/glob-to-regexp-0.4.1.tgz 1990ms (cache miss)
3583 http fetch GET 200 https://registry.npmjs.org/glob-parent/-/glob-parent-6.0.2.tgz 1990ms (cache miss)
3584 http fetch GET 200 https://registry.npmjs.org/get-symbol-description/-/get-symbol-description-1.0.0.tgz 2002ms (cache miss)
3585 http fetch GET 200 https://registry.npmjs.org/glob/-/glob-7.2.0.tgz 2009ms (cache miss)
3586 http fetch GET 200 https://registry.npmjs.org/global-prefix/-/global-prefix-3.0.0.tgz 2014ms (cache miss)
3587 http fetch GET 200 https://registry.npmjs.org/get-own-enumerable-property-symbols/-/get-own-enumerable-property-symbols-3.0.2.tgz 2015ms (cache miss)
3588 http fetch GET 200 https://registry.npmjs.org/get-package-type/-/get-package-type-0.1.0.tgz 2015ms (cache miss)
3589 http fetch GET 200 https://registry.npmjs.org/function-bind/-/function-bind-1.1.1.tgz 2027ms (cache miss)
3590 http fetch GET 200 https://registry.npmjs.org/get-stream/-/get-stream-6.0.1.tgz 2027ms (cache miss)
3591 http fetch GET 200 https://registry.npmjs.org/get-intrinsic/-/get-intrinsic-1.1.1.tgz 2028ms (cache miss)
3592 http fetch GET 200 https://registry.npmjs.org/get-caller-file/-/get-caller-file-2.0.5.tgz 2028ms (cache miss)
3593 http fetch GET 200 https://registry.npmjs.org/gensync/-/gensync-1.0.0-beta.2.tgz 2028ms (cache miss)
3594 http fetch GET 200 https://registry.npmjs.org/fs-monkey/-/fs-monkey-1.0.3.tgz 2027ms (cache miss)
3595 http fetch GET 200 https://registry.npmjs.org/fs.realpath/-/fs.realpath-1.0.0.tgz 2028ms (cache miss)
3596 http fetch GET 200 https://registry.npmjs.org/functional-red-black-tree/-/functional-red-black-tree-1.0.1.tgz 2029ms (cache miss)
3597 http fetch GET 200 https://registry.npmjs.org/fsevents/-/fsevents-2.3.2.tgz 2029ms (cache miss)
3598 http fetch GET 200 https://registry.npmjs.org/fs-extra/-/fs-extra-10.0.1.tgz 2032ms (cache miss)
3599 http fetch GET 200 https://registry.npmjs.org/fresh/-/fresh-0.5.2.tgz 2036ms (cache miss)
3600 http fetch GET 200 https://registry.npmjs.org/fraction.js/-/fraction.js-4.2.0.tgz 2040ms (cache miss)
3601 http fetch GET 200 https://registry.npmjs.org/forwarded/-/forwarded-0.2.0.tgz 2053ms (cache miss)
3602 http fetch GET 200 https://registry.npmjs.org/form-data/-/form-data-3.0.1.tgz 2054ms (cache miss)
3603 http fetch GET 200 https://registry.npmjs.org/follow-redirects/-/follow-redirects-1.14.9.tgz 2059ms (cache miss)
3604 http fetch GET 200 https://registry.npmjs.org/finalhandler/-/finalhandler-1.1.2.tgz 2064ms (cache miss)
3605 http fetch GET 200 https://registry.npmjs.org/fill-range/-/fill-range-7.0.1.tgz 2064ms (cache miss)
3606 http fetch GET 200 https://registry.npmjs.org/flat-cache/-/flat-cache-3.0.4.tgz 2064ms (cache miss)
3607 http fetch GET 200 https://registry.npmjs.org/find-cache-dir/-/find-cache-dir-3.3.2.tgz 2065ms (cache miss)
3608 http fetch GET 200 https://registry.npmjs.org/flatted/-/flatted-3.2.5.tgz 2066ms (cache miss)
3609 http fetch GET 200 https://registry.npmjs.org/filelist/-/filelist-1.0.2.tgz 2066ms (cache miss)
3610 http fetch GET 200 https://registry.npmjs.org/find-up/-/find-up-5.0.0.tgz 2070ms (cache miss)
3611 http fetch GET 200 https://registry.npmjs.org/file-entry-cache/-/file-entry-cache-6.0.1.tgz 2070ms (cache miss)
3612 http fetch GET 200 https://registry.npmjs.org/filesize/-/filesize-8.0.7.tgz 2078ms (cache miss)
3613 http fetch GET 200 https://registry.npmjs.org/file-loader/-/file-loader-6.2.0.tgz 2079ms (cache miss)
3614 http fetch GET 200 https://registry.npmjs.org/faye-websocket/-/faye-websocket-0.11.4.tgz 2086ms (cache miss)
3615 http fetch GET 200 https://registry.npmjs.org/fastq/-/fastq-1.13.0.tgz 2091ms (cache miss)
3616 http fetch GET 200 https://registry.npmjs.org/fork-ts-checker-webpack-plugin/-/fork-ts-checker-webpack-plugin-6.5.0.tgz 2096ms (cache miss)
3617 http fetch GET 200 https://registry.npmjs.org/fb-watchman/-/fb-watchman-2.0.1.tgz 2101ms (cache miss)
3618 http fetch GET 200 https://registry.npmjs.org/fast-levenshtein/-/fast-levenshtein-2.0.6.tgz 2102ms (cache miss)
3619 http fetch GET 200 https://registry.npmjs.org/fast-json-stable-stringify/-/fast-json-stable-stringify-2.1.0.tgz 2103ms (cache miss)
3620 http fetch GET 200 https://registry.npmjs.org/exit/-/exit-0.1.2.tgz 2108ms (cache miss)
3621 http fetch GET 200 https://registry.npmjs.org/execa/-/execa-5.1.1.tgz 2110ms (cache miss)
3622 http fetch GET 200 https://registry.npmjs.org/events/-/events-3.3.0.tgz 2113ms (cache miss)
3623 http fetch GET 200 https://registry.npmjs.org/eventemitter3/-/eventemitter3-4.0.7.tgz 2112ms (cache miss)
3624 http fetch GET 200 https://registry.npmjs.org/expect/-/expect-27.5.1.tgz 2115ms (cache miss)
3625 http fetch GET 200 https://registry.npmjs.org/etag/-/etag-1.8.1.tgz 2115ms (cache miss)
3626 http fetch GET 200 https://registry.npmjs.org/esutils/-/esutils-2.0.3.tgz 2117ms (cache miss)
3627 http fetch GET 200 https://registry.npmjs.org/fast-glob/-/fast-glob-3.2.11.tgz 2119ms (cache miss)
3628 http fetch GET 200 https://registry.npmjs.org/fast-deep-equal/-/fast-deep-equal-3.1.3.tgz 2128ms (cache miss)
3629 http fetch GET 200 https://registry.npmjs.org/express/-/express-4.17.3.tgz 2129ms (cache miss)
3630 http fetch GET 200 https://registry.npmjs.org/estree-walker/-/estree-walker-1.0.1.tgz 2128ms (cache miss)
3631 http fetch GET 200 https://registry.npmjs.org/estraverse/-/estraverse-5.3.0.tgz 2133ms (cache miss)
3632 http fetch GET 200 https://registry.npmjs.org/esrecurse/-/esrecurse-4.3.0.tgz 2135ms (cache miss)
3633 http fetch GET 200 https://registry.npmjs.org/esprima/-/esprima-4.0.1.tgz 2142ms (cache miss)
3634 http fetch GET 200 https://registry.npmjs.org/eslint-webpack-plugin/-/eslint-webpack-plugin-3.1.1.tgz 2162ms (cache miss)
3635 http fetch GET 200 https://registry.npmjs.org/eslint-plugin-react-hooks/-/eslint-plugin-react-hooks-4.3.0.tgz 2163ms (cache miss)
3636 http fetch GET 200 https://registry.npmjs.org/eslint-visitor-keys/-/eslint-visitor-keys-3.3.0.tgz 2164ms (cache miss)
3637 http fetch GET 200 https://registry.npmjs.org/esquery/-/esquery-1.4.0.tgz 2166ms (cache miss)
3638 http fetch GET 200 https://registry.npmjs.org/espree/-/espree-9.3.1.tgz 2165ms (cache miss)
3639 http fetch GET 200 https://registry.npmjs.org/eslint-utils/-/eslint-utils-3.0.0.tgz 2165ms (cache miss)
3640 http fetch GET 200 https://registry.npmjs.org/eslint-scope/-/eslint-scope-7.1.1.tgz 2167ms (cache miss)
3641 http fetch GET 200 https://registry.npmjs.org/eslint-module-utils/-/eslint-module-utils-2.7.3.tgz 2189ms (cache miss)
3642 http fetch GET 200 https://registry.npmjs.org/eslint-config-react-app/-/eslint-config-react-app-7.0.0.tgz 2190ms (cache miss)
3643 http fetch GET 200 https://registry.npmjs.org/eslint-plugin-testing-library/-/eslint-plugin-testing-library-5.0.6.tgz 2199ms (cache miss)
3644 http fetch GET 200 https://registry.npmjs.org/escape-html/-/escape-html-1.0.3.tgz 2202ms (cache miss)
3645 http fetch GET 200 https://registry.npmjs.org/escape-string-regexp/-/escape-string-regexp-1.0.5.tgz 2202ms (cache miss)
3646 http fetch GET 200 https://registry.npmjs.org/escodegen/-/escodegen-2.0.0.tgz 2208ms (cache miss)
3647 http fetch GET 200 https://registry.npmjs.org/escalade/-/escalade-3.1.1.tgz 2210ms (cache miss)
3648 http fetch GET 200 https://registry.npmjs.org/es-to-primitive/-/es-to-primitive-1.2.1.tgz 2214ms (cache miss)
3649 http fetch GET 200 https://registry.npmjs.org/es-module-lexer/-/es-module-lexer-0.9.3.tgz 2217ms (cache miss)
3650 http fetch GET 200 https://registry.npmjs.org/error-ex/-/error-ex-1.3.2.tgz 2229ms (cache miss)
3651 http fetch GET 200 https://registry.npmjs.org/emojis-list/-/emojis-list-3.0.0.tgz 2229ms (cache miss)
3652 http fetch GET 200 https://registry.npmjs.org/error-stack-parser/-/error-stack-parser-2.0.7.tgz 2230ms (cache miss)
3653 http fetch GET 200 https://registry.npmjs.org/entities/-/entities-2.2.0.tgz 2235ms (cache miss)
3654 http fetch GET 200 https://registry.npmjs.org/eslint-plugin-flowtype/-/eslint-plugin-flowtype-8.0.3.tgz 2241ms (cache miss)
3655 http fetch GET 200 https://registry.npmjs.org/eslint-plugin-jest/-/eslint-plugin-jest-25.7.0.tgz 2246ms (cache miss)
3656 http fetch GET 200 https://registry.npmjs.org/enhanced-resolve/-/enhanced-resolve-5.9.2.tgz 2248ms (cache miss)
3657 http fetch GET 200 https://registry.npmjs.org/eslint-plugin-import/-/eslint-plugin-import-2.25.4.tgz 2252ms (cache miss)
3658 http fetch GET 200 https://registry.npmjs.org/encodeurl/-/encodeurl-1.0.2.tgz 2254ms (cache miss)
3659 http fetch GET 200 https://registry.npmjs.org/ee-first/-/ee-first-1.1.1.tgz 2254ms (cache miss)
3660 http fetch GET 200 https://registry.npmjs.org/eslint-plugin-react/-/eslint-plugin-react-7.29.3.tgz 2258ms (cache miss)
3661 http fetch GET 200 https://registry.npmjs.org/eslint-import-resolver-node/-/eslint-import-resolver-node-0.3.6.tgz 2259ms (cache miss)
3662 http fetch GET 200 https://registry.npmjs.org/emittery/-/emittery-0.8.1.tgz 2262ms (cache miss)
3663 http fetch GET 200 https://registry.npmjs.org/dot-case/-/dot-case-3.0.4.tgz 2266ms (cache miss)
3664 http fetch GET 200 https://registry.npmjs.org/dotenv-expand/-/dotenv-expand-5.1.0.tgz 2267ms (cache miss)
3665 http fetch GET 200 https://registry.npmjs.org/domhandler/-/domhandler-4.3.0.tgz 2267ms (cache miss)
3666 http fetch GET 200 https://registry.npmjs.org/dotenv/-/dotenv-10.0.0.tgz 2267ms (cache miss)
3667 http fetch GET 200 https://registry.npmjs.org/electron-to-chromium/-/electron-to-chromium-1.4.81.tgz 2273ms (cache miss)
3668 http fetch GET 200 https://registry.npmjs.org/duplexer/-/duplexer-0.1.2.tgz 2275ms (cache miss)
3669 http fetch GET 200 https://registry.npmjs.org/domelementtype/-/domelementtype-2.2.0.tgz 2275ms (cache miss)
3670 http fetch GET 200 https://registry.npmjs.org/ejs/-/ejs-3.1.6.tgz 2276ms (cache miss)
3671 http fetch GET 200 https://registry.npmjs.org/domutils/-/domutils-2.8.0.tgz 2279ms (cache miss)
3672 http fetch GET 200 https://registry.npmjs.org/domexception/-/domexception-2.0.1.tgz 2286ms (cache miss)
3673 http fetch GET 200 https://registry.npmjs.org/emoji-regex/-/emoji-regex-9.2.2.tgz 2293ms (cache miss)
3674 http fetch GET 200 https://registry.npmjs.org/dom-converter/-/dom-converter-0.2.0.tgz 2292ms (cache miss)
3675 http fetch GET 200 https://registry.npmjs.org/dom-serializer/-/dom-serializer-1.3.2.tgz 2296ms (cache miss)
3676 http fetch GET 200 https://registry.npmjs.org/doctrine/-/doctrine-3.0.0.tgz 2299ms (cache miss)
3677 http fetch GET 200 https://registry.npmjs.org/didyoumean/-/didyoumean-1.2.2.tgz 2305ms (cache miss)
3678 http fetch GET 200 https://registry.npmjs.org/diff-sequences/-/diff-sequences-27.5.1.tgz 2304ms (cache miss)
3679 http fetch GET 200 https://registry.npmjs.org/dns-packet/-/dns-packet-1.3.4.tgz 2306ms (cache miss)
3680 http fetch GET 200 https://registry.npmjs.org/dlv/-/dlv-1.1.3.tgz 2307ms (cache miss)
3681 http fetch GET 200 https://registry.npmjs.org/dir-glob/-/dir-glob-3.0.1.tgz 2307ms (cache miss)
3682 http fetch GET 200 https://registry.npmjs.org/detect-node/-/detect-node-2.1.0.tgz 2306ms (cache miss)
3683 http fetch GET 200 https://registry.npmjs.org/dns-txt/-/dns-txt-2.0.2.tgz 2308ms (cache miss)
3684 http fetch GET 200 https://registry.npmjs.org/detective/-/detective-5.2.0.tgz 2312ms (cache miss)
3685 http fetch GET 200 https://registry.npmjs.org/dns-equal/-/dns-equal-1.0.0.tgz 2313ms (cache miss)
3686 http fetch GET 200 https://registry.npmjs.org/eslint-plugin-jsx-a11y/-/eslint-plugin-jsx-a11y-6.5.1.tgz 2321ms (cache miss)
3687 http fetch GET 200 https://registry.npmjs.org/dom-accessibility-api/-/dom-accessibility-api-0.5.13.tgz 2322ms (cache miss)
3688 http fetch GET 200 https://registry.npmjs.org/destroy/-/destroy-1.0.4.tgz 2328ms (cache miss)
3689 http fetch GET 200 https://registry.npmjs.org/detect-port-alt/-/detect-port-alt-1.1.6.tgz 2329ms (cache miss)
3690 http fetch GET 200 https://registry.npmjs.org/delayed-stream/-/delayed-stream-1.0.0.tgz 2334ms (cache miss)
3691 http fetch GET 200 https://registry.npmjs.org/depd/-/depd-1.1.2.tgz 2334ms (cache miss)
3692 http fetch GET 200 https://registry.npmjs.org/defined/-/defined-1.0.0.tgz 2340ms (cache miss)
3693 http fetch GET 200 https://registry.npmjs.org/detect-newline/-/detect-newline-3.1.0.tgz 2341ms (cache miss)
3694 http fetch GET 200 https://registry.npmjs.org/define-lazy-prop/-/define-lazy-prop-2.0.0.tgz 2345ms (cache miss)
3695 http fetch GET 200 https://registry.npmjs.org/deep-equal/-/deep-equal-1.1.1.tgz 2345ms (cache miss)
3696 http fetch GET 200 https://registry.npmjs.org/default-gateway/-/default-gateway-6.0.3.tgz 2345ms (cache miss)
3697 http fetch GET 200 https://registry.npmjs.org/del/-/del-6.0.0.tgz 2347ms (cache miss)
3698 http fetch GET 200 https://registry.npmjs.org/deep-is/-/deep-is-0.1.4.tgz 2357ms (cache miss)
3699 http fetch GET 200 https://registry.npmjs.org/dedent/-/dedent-0.7.0.tgz 2357ms (cache miss)
3700 http fetch GET 200 https://registry.npmjs.org/define-properties/-/define-properties-1.1.3.tgz 2357ms (cache miss)
3701 http fetch GET 200 https://registry.npmjs.org/decode-uri-component/-/decode-uri-component-0.2.0.tgz 2358ms (cache miss)
3702 http fetch GET 200 https://registry.npmjs.org/debug/-/debug-4.3.3.tgz 2364ms (cache miss)
3703 http fetch GET 200 https://registry.npmjs.org/data-urls/-/data-urls-2.0.0.tgz 2370ms (cache miss)
3704 http fetch GET 200 https://registry.npmjs.org/decimal.js/-/decimal.js-10.3.1.tgz 2370ms (cache miss)
3705 http fetch GET 200 https://registry.npmjs.org/deepmerge/-/deepmerge-4.2.2.tgz 2371ms (cache miss)
3706 http fetch GET 200 https://registry.npmjs.org/damerau-levenshtein/-/damerau-levenshtein-1.0.8.tgz 2380ms (cache miss)
3707 http fetch GET 200 https://registry.npmjs.org/cssom/-/cssom-0.4.4.tgz 2381ms (cache miss)
3708 http fetch GET 200 https://registry.npmjs.org/cssnano/-/cssnano-5.1.2.tgz 2388ms (cache miss)
3709 http fetch GET 200 https://registry.npmjs.org/cssnano-utils/-/cssnano-utils-3.1.0.tgz 2389ms (cache miss)
3710 http fetch GET 200 https://registry.npmjs.org/csstype/-/csstype-3.0.11.tgz 2391ms (cache miss)
3711 http fetch GET 200 https://registry.npmjs.org/eslint/-/eslint-8.10.0.tgz 2397ms (cache miss)
3712 http fetch GET 200 https://registry.npmjs.org/cssesc/-/cssesc-3.0.0.tgz 2397ms (cache miss)
3713 http fetch GET 200 https://registry.npmjs.org/cssnano-preset-default/-/cssnano-preset-default-5.2.2.tgz 2397ms (cache miss)
3714 http fetch GET 200 https://registry.npmjs.org/cssdb/-/cssdb-6.4.1.tgz 2397ms (cache miss)
3715 http fetch GET 200 https://registry.npmjs.org/csso/-/csso-4.2.0.tgz 2402ms (cache miss)
3716 http fetch GET 200 https://registry.npmjs.org/css-what/-/css-what-5.1.0.tgz 2402ms (cache miss)
3717 http fetch GET 200 https://registry.npmjs.org/css.escape/-/css.escape-1.5.1.tgz 2402ms (cache miss)
3718 http fetch GET 200 https://registry.npmjs.org/cssstyle/-/cssstyle-2.3.0.tgz 2406ms (cache miss)
3719 http fetch GET 200 https://registry.npmjs.org/css-select-base-adapter/-/css-select-base-adapter-0.1.1.tgz 2418ms (cache miss)
3720 http fetch GET 200 https://registry.npmjs.org/css-minimizer-webpack-plugin/-/css-minimizer-webpack-plugin-3.4.1.tgz 2422ms (cache miss)
3721 http fetch GET 200 https://registry.npmjs.org/css-prefers-color-scheme/-/css-prefers-color-scheme-6.0.3.tgz 2425ms (cache miss)
3722 http fetch GET 200 https://registry.npmjs.org/css-has-pseudo/-/css-has-pseudo-3.0.4.tgz 2425ms (cache miss)
3723 http fetch GET 200 https://registry.npmjs.org/css-declaration-sorter/-/css-declaration-sorter-6.1.4.tgz 2427ms (cache miss)
3724 http fetch GET 200 https://registry.npmjs.org/css-loader/-/css-loader-6.7.1.tgz 2428ms (cache miss)
3725 http fetch GET 200 https://registry.npmjs.org/css-select/-/css-select-4.2.1.tgz 2432ms (cache miss)
3726 http fetch GET 200 https://registry.npmjs.org/crypto-random-string/-/crypto-random-string-2.0.0.tgz 2436ms (cache miss)
3727 http fetch GET 200 https://registry.npmjs.org/css/-/css-3.0.0.tgz 2436ms (cache miss)
3728 http fetch GET 200 https://registry.npmjs.org/core-util-is/-/core-util-is-1.0.3.tgz 2436ms (cache miss)
3729 http fetch GET 200 https://registry.npmjs.org/css-blank-pseudo/-/css-blank-pseudo-3.0.3.tgz 2439ms (cache miss)
3730 http fetch GET 200 https://registry.npmjs.org/cosmiconfig/-/cosmiconfig-7.0.1.tgz 2442ms (cache miss)
3731 http fetch GET 200 https://registry.npmjs.org/convert-source-map/-/convert-source-map-1.8.0.tgz 2453ms (cache miss)
3732 http fetch GET 200 https://registry.npmjs.org/content-type/-/content-type-1.0.4.tgz 2453ms (cache miss)
3733 http fetch GET 200 https://registry.npmjs.org/cookie/-/cookie-0.4.2.tgz 2453ms (cache miss)
3734 http fetch GET 200 https://registry.npmjs.org/cookie-signature/-/cookie-signature-1.0.6.tgz 2454ms (cache miss)
3735 http fetch GET 200 https://registry.npmjs.org/core-js-compat/-/core-js-compat-3.21.1.tgz 2455ms (cache miss)
3736 http fetch GET 200 https://registry.npmjs.org/css-tree/-/css-tree-1.0.0-alpha.37.tgz 2458ms (cache miss)
3737 http fetch GET 200 https://registry.npmjs.org/confusing-browser-globals/-/confusing-browser-globals-1.0.11.tgz 2456ms (cache miss)
3738 http fetch GET 200 https://registry.npmjs.org/cross-spawn/-/cross-spawn-7.0.3.tgz 2460ms (cache miss)
3739 http fetch GET 200 https://registry.npmjs.org/concat-map/-/concat-map-0.0.1.tgz 2462ms (cache miss)
3740 http fetch GET 200 https://registry.npmjs.org/commondir/-/commondir-1.0.1.tgz 2469ms (cache miss)
3741 http fetch GET 200 https://registry.npmjs.org/es-abstract/-/es-abstract-1.19.1.tgz 2481ms (cache miss)
3742 http fetch GET 200 https://registry.npmjs.org/connect-history-api-fallback/-/connect-history-api-fallback-1.6.0.tgz 2474ms (cache miss)
3743 http fetch GET 200 https://registry.npmjs.org/compressible/-/compressible-2.0.18.tgz 2473ms (cache miss)
3744 http fetch GET 200 https://registry.npmjs.org/compression/-/compression-1.7.4.tgz 2474ms (cache miss)
3745 http fetch GET 200 https://registry.npmjs.org/content-disposition/-/content-disposition-0.5.4.tgz 2474ms (cache miss)
3746 http fetch GET 200 https://registry.npmjs.org/combined-stream/-/combined-stream-1.0.8.tgz 2488ms (cache miss)
3747 http fetch GET 200 https://registry.npmjs.org/common-path-prefix/-/common-path-prefix-3.0.0.tgz 2489ms (cache miss)
3748 http fetch GET 200 https://registry.npmjs.org/commander/-/commander-8.3.0.tgz 2490ms (cache miss)
3749 http fetch GET 200 https://registry.npmjs.org/color-name/-/color-name-1.1.3.tgz 2490ms (cache miss)
3750 http fetch GET 200 https://registry.npmjs.org/colorette/-/colorette-2.0.16.tgz 2493ms (cache miss)
3751 http fetch GET 200 https://registry.npmjs.org/colord/-/colord-2.9.2.tgz 2496ms (cache miss)
3752 http fetch GET 200 https://registry.npmjs.org/color-convert/-/color-convert-1.9.3.tgz 2496ms (cache miss)
3753 http fetch GET 200 https://registry.npmjs.org/co/-/co-4.6.0.tgz 2496ms (cache miss)
3754 http fetch GET 200 https://registry.npmjs.org/cliui/-/cliui-7.0.4.tgz 2506ms (cache miss)
3755 http fetch GET 200 https://registry.npmjs.org/clean-stack/-/clean-stack-2.2.0.tgz 2507ms (cache miss)
3756 http fetch GET 200 https://registry.npmjs.org/collect-v8-coverage/-/collect-v8-coverage-1.0.1.tgz 2512ms (cache miss)
3757 http fetch GET 200 https://registry.npmjs.org/cjs-module-lexer/-/cjs-module-lexer-1.2.2.tgz 2514ms (cache miss)
3758 http fetch GET 200 https://registry.npmjs.org/common-tags/-/common-tags-1.8.2.tgz 2517ms (cache miss)
3759 http fetch GET 200 https://registry.npmjs.org/chrome-trace-event/-/chrome-trace-event-1.0.3.tgz 2519ms (cache miss)
3760 http fetch GET 200 https://registry.npmjs.org/check-types/-/check-types-11.1.2.tgz 2522ms (cache miss)
3761 http fetch GET 200 https://registry.npmjs.org/charcodes/-/charcodes-0.2.0.tgz 2525ms (cache miss)
3762 http fetch GET 200 https://registry.npmjs.org/chokidar/-/chokidar-3.5.3.tgz 2525ms (cache miss)
3763 http fetch GET 200 https://registry.npmjs.org/chalk/-/chalk-2.4.2.tgz 2530ms (cache miss)
3764 http fetch GET 200 https://registry.npmjs.org/coa/-/coa-2.0.2.tgz 2530ms (cache miss)
3765 http fetch GET 200 https://registry.npmjs.org/case-sensitive-paths-webpack-plugin/-/case-sensitive-paths-webpack-plugin-2.4.0.tgz 2534ms (cache miss)
3766 http fetch GET 200 https://registry.npmjs.org/camelcase/-/camelcase-6.3.0.tgz 2538ms (cache miss)
3767 http fetch GET 200 https://registry.npmjs.org/caniuse-api/-/caniuse-api-3.0.0.tgz 2540ms (cache miss)
3768 http fetch GET 200 https://registry.npmjs.org/ci-info/-/ci-info-3.3.0.tgz 2541ms (cache miss)
3769 http fetch GET 200 https://registry.npmjs.org/char-regex/-/char-regex-1.0.2.tgz 2554ms (cache miss)
3770 http fetch GET 200 https://registry.npmjs.org/camel-case/-/camel-case-4.1.2.tgz 2557ms (cache miss)
3771 http fetch GET 200 https://registry.npmjs.org/clean-css/-/clean-css-5.2.4.tgz 2559ms (cache miss)
3772 http fetch GET 200 https://registry.npmjs.org/callsites/-/callsites-3.1.0.tgz 2558ms (cache miss)
3773 http fetch GET 200 https://registry.npmjs.org/call-bind/-/call-bind-1.0.2.tgz 2558ms (cache miss)
3774 http fetch GET 200 https://registry.npmjs.org/bytes/-/bytes-3.0.0.tgz 2559ms (cache miss)
3775 http fetch GET 200 https://registry.npmjs.org/builtin-modules/-/builtin-modules-3.2.0.tgz 2559ms (cache miss)
3776 http fetch GET 200 https://registry.npmjs.org/camelcase-css/-/camelcase-css-2.0.1.tgz 2563ms (cache miss)
3777 http fetch GET 200 https://registry.npmjs.org/buffer-from/-/buffer-from-1.1.2.tgz 2568ms (cache miss)
3778 http fetch GET 200 https://registry.npmjs.org/browserslist/-/browserslist-4.20.0.tgz 2571ms (cache miss)
3779 http fetch GET 200 https://registry.npmjs.org/bser/-/bser-2.1.1.tgz 2586ms (cache miss)
3780 http fetch GET 200 https://registry.npmjs.org/buffer-indexof/-/buffer-indexof-1.1.1.tgz 2589ms (cache miss)
3781 http fetch GET 200 https://registry.npmjs.org/brace-expansion/-/brace-expansion-1.1.11.tgz 2590ms (cache miss)
3782 http fetch GET 200 https://registry.npmjs.org/boolbase/-/boolbase-1.0.0.tgz 2590ms (cache miss)
3783 http fetch GET 200 https://registry.npmjs.org/braces/-/braces-3.0.2.tgz 2591ms (cache miss)
3784 http fetch GET 200 https://registry.npmjs.org/bonjour/-/bonjour-3.5.0.tgz 2593ms (cache miss)
3785 http fetch GET 200 https://registry.npmjs.org/body-parser/-/body-parser-1.19.2.tgz 2594ms (cache miss)
3786 http fetch GET 200 https://registry.npmjs.org/big.js/-/big.js-5.2.2.tgz 2596ms (cache miss)
3787 http fetch GET 200 https://registry.npmjs.org/browser-process-hrtime/-/browser-process-hrtime-1.0.0.tgz 2596ms (cache miss)
3788 http fetch GET 200 https://registry.npmjs.org/bfj/-/bfj-7.0.2.tgz 2603ms (cache miss)
3789 http fetch GET 200 https://registry.npmjs.org/binary-extensions/-/binary-extensions-2.2.0.tgz 2608ms (cache miss)
3790 http fetch GET 200 https://registry.npmjs.org/batch/-/batch-0.6.1.tgz 2608ms (cache miss)
3791 http fetch GET 200 https://registry.npmjs.org/babel-preset-react-app/-/babel-preset-react-app-10.0.1.tgz 2611ms (cache miss)
3792 http fetch GET 200 https://registry.npmjs.org/balanced-match/-/balanced-match-1.0.2.tgz 2612ms (cache miss)
3793 http fetch GET 200 https://registry.npmjs.org/bluebird/-/bluebird-3.7.2.tgz 2618ms (cache miss)
3794 http fetch GET 200 https://registry.npmjs.org/babel-plugin-polyfill-regenerator/-/babel-plugin-polyfill-regenerator-0.3.1.tgz 2618ms (cache miss)
3795 http fetch GET 200 https://registry.npmjs.org/babel-preset-current-node-syntax/-/babel-preset-current-node-syntax-1.0.1.tgz 2619ms (cache miss)
3796 http fetch GET 200 https://registry.npmjs.org/babel-plugin-transform-react-remove-prop-types/-/babel-plugin-transform-react-remove-prop-types-0.4.24.tgz 2619ms (cache miss)
3797 http fetch GET 200 https://registry.npmjs.org/babel-preset-jest/-/babel-preset-jest-27.5.1.tgz 2624ms (cache miss)
3798 http fetch GET 200 https://registry.npmjs.org/babel-plugin-polyfill-corejs3/-/babel-plugin-polyfill-corejs3-0.5.2.tgz 2625ms (cache miss)
3799 http fetch GET 200 https://registry.npmjs.org/babel-plugin-polyfill-corejs2/-/babel-plugin-polyfill-corejs2-0.3.1.tgz 2629ms (cache miss)
3800 http fetch GET 200 https://registry.npmjs.org/babel-plugin-istanbul/-/babel-plugin-istanbul-6.1.1.tgz 2631ms (cache miss)
3801 http fetch GET 200 https://registry.npmjs.org/babel-plugin-macros/-/babel-plugin-macros-3.1.0.tgz 2631ms (cache miss)
3802 http fetch GET 200 https://registry.npmjs.org/babel-plugin-named-asset-import/-/babel-plugin-named-asset-import-0.3.8.tgz 2631ms (cache miss)
3803 http fetch GET 200 https://registry.npmjs.org/babel-plugin-jest-hoist/-/babel-plugin-jest-hoist-27.5.1.tgz 2635ms (cache miss)
3804 http fetch GET 200 https://registry.npmjs.org/babel-loader/-/babel-loader-8.2.3.tgz 2645ms (cache miss)
3805 http fetch GET 200 https://registry.npmjs.org/babel-plugin-dynamic-import-node/-/babel-plugin-dynamic-import-node-2.3.3.tgz 2650ms (cache miss)
3806 http fetch GET 200 https://registry.npmjs.org/babel-jest/-/babel-jest-27.5.1.tgz 2658ms (cache miss)
3807 http fetch GET 200 https://registry.npmjs.org/atob/-/atob-2.1.2.tgz 2658ms (cache miss)
3808 http fetch GET 200 https://registry.npmjs.org/ast-types-flow/-/ast-types-flow-0.0.7.tgz 2663ms (cache miss)
3809 http fetch GET 200 https://registry.npmjs.org/asynckit/-/asynckit-0.4.0.tgz 2665ms (cache miss)
3810 http fetch GET 200 https://registry.npmjs.org/asap/-/asap-2.0.6.tgz 2672ms (cache miss)
3811 http fetch GET 200 https://registry.npmjs.org/array.prototype.flat/-/array.prototype.flat-1.2.5.tgz 2673ms (cache miss)
3812 http fetch GET 200 https://registry.npmjs.org/at-least-node/-/at-least-node-1.0.0.tgz 2673ms (cache miss)
3813 http fetch GET 200 https://registry.npmjs.org/array-includes/-/array-includes-3.1.4.tgz 2674ms (cache miss)
3814 http fetch GET 200 https://registry.npmjs.org/axe-core/-/axe-core-4.4.1.tgz 2676ms (cache miss)
3815 http fetch GET 200 https://registry.npmjs.org/array-union/-/array-union-2.1.0.tgz 2675ms (cache miss)
3816 http fetch GET 200 https://registry.npmjs.org/async/-/async-2.6.3.tgz 2691ms (cache miss)
3817 http fetch GET 200 https://registry.npmjs.org/autoprefixer/-/autoprefixer-10.4.2.tgz 2694ms (cache miss)
3818 http fetch GET 200 https://registry.npmjs.org/array-flatten/-/array-flatten-2.1.2.tgz 2693ms (cache miss)
3819 http fetch GET 200 https://registry.npmjs.org/anymatch/-/anymatch-3.1.2.tgz 2693ms (cache miss)
3820 http fetch GET 200 https://registry.npmjs.org/arg/-/arg-5.0.1.tgz 2698ms (cache miss)
3821 http fetch GET 200 https://registry.npmjs.org/array.prototype.flatmap/-/array.prototype.flatmap-1.2.5.tgz 2697ms (cache miss)
3822 http fetch GET 200 https://registry.npmjs.org/argparse/-/argparse-1.0.10.tgz 2700ms (cache miss)
3823 http fetch GET 200 https://registry.npmjs.org/ansi-styles/-/ansi-styles-3.2.1.tgz 2706ms (cache miss)
3824 http fetch GET 200 https://registry.npmjs.org/ansi-escapes/-/ansi-escapes-4.3.2.tgz 2706ms (cache miss)
3825 http fetch GET 200 https://registry.npmjs.org/ajv-formats/-/ajv-formats-2.1.1.tgz 2711ms (cache miss)
3826 http fetch GET 200 https://registry.npmjs.org/ansi-html-community/-/ansi-html-community-0.0.8.tgz 2712ms (cache miss)
3827 http fetch GET 200 https://registry.npmjs.org/agent-base/-/agent-base-6.0.2.tgz 2712ms (cache miss)
3828 http fetch GET 200 https://registry.npmjs.org/ajv-keywords/-/ajv-keywords-3.5.2.tgz 2715ms (cache miss)
3829 http fetch GET 200 https://registry.npmjs.org/aggregate-error/-/aggregate-error-3.1.0.tgz 2715ms (cache miss)
3830 http fetch GET 200 https://registry.npmjs.org/address/-/address-1.1.2.tgz 2717ms (cache miss)
3831 http fetch GET 200 https://registry.npmjs.org/ansi-regex/-/ansi-regex-5.0.1.tgz 2719ms (cache miss)
3832 http fetch GET 200 https://registry.npmjs.org/axobject-query/-/axobject-query-2.2.0.tgz 2723ms (cache miss)
3833 http fetch GET 200 https://registry.npmjs.org/acorn-walk/-/acorn-walk-7.2.0.tgz 2729ms (cache miss)
3834 http fetch GET 200 https://registry.npmjs.org/acorn-node/-/acorn-node-1.8.2.tgz 2731ms (cache miss)
3835 http fetch GET 200 https://registry.npmjs.org/acorn-jsx/-/acorn-jsx-5.3.2.tgz 2734ms (cache miss)
3836 http fetch GET 200 https://registry.npmjs.org/acorn-globals/-/acorn-globals-6.0.0.tgz 2742ms (cache miss)
3837 http fetch GET 200 https://registry.npmjs.org/abab/-/abab-2.0.5.tgz 2749ms (cache miss)
3838 http fetch GET 200 https://registry.npmjs.org/acorn-import-assertions/-/acorn-import-assertions-1.8.0.tgz 2749ms (cache miss)
3839 http fetch GET 200 https://registry.npmjs.org/acorn/-/acorn-8.7.0.tgz 2752ms (cache miss)
3840 http fetch GET 200 https://registry.npmjs.org/adjust-sourcemap-loader/-/adjust-sourcemap-loader-4.0.0.tgz 2755ms (cache miss)
3841 http fetch GET 200 https://registry.npmjs.org/accepts/-/accepts-1.3.8.tgz 2757ms (cache miss)
3842 http fetch GET 200 https://registry.npmjs.org/@webassemblyjs/wast-printer/-/wast-printer-1.11.1.tgz 2757ms (cache miss)
3843 http fetch GET 200 https://registry.npmjs.org/ajv/-/ajv-6.12.6.tgz 2759ms (cache miss)
3844 http fetch GET 200 https://registry.npmjs.org/@webassemblyjs/wasm-parser/-/wasm-parser-1.11.1.tgz 2763ms (cache miss)
3845 http fetch GET 200 https://registry.npmjs.org/aria-query/-/aria-query-4.2.2.tgz 2776ms (cache miss)
3846 http fetch GET 200 https://registry.npmjs.org/@webassemblyjs/wasm-edit/-/wasm-edit-1.11.1.tgz 2775ms (cache miss)
3847 http fetch GET 200 https://registry.npmjs.org/@webassemblyjs/utf8/-/utf8-1.11.1.tgz 2776ms (cache miss)
3848 http fetch GET 200 https://registry.npmjs.org/@webassemblyjs/helper-wasm-section/-/helper-wasm-section-1.11.1.tgz 2786ms (cache miss)
3849 http fetch GET 200 https://registry.npmjs.org/@webassemblyjs/helper-numbers/-/helper-numbers-1.11.1.tgz 2790ms (cache miss)
3850 http fetch GET 200 https://registry.npmjs.org/caniuse-lite/-/caniuse-lite-1.0.30001314.tgz 2810ms (cache miss)
3851 http fetch GET 200 https://registry.npmjs.org/@webassemblyjs/helper-buffer/-/helper-buffer-1.11.1.tgz 2809ms (cache miss)
3852 http fetch GET 200 https://registry.npmjs.org/@typescript-eslint/visitor-keys/-/visitor-keys-5.14.0.tgz 2814ms (cache miss)
3853 http fetch GET 200 https://registry.npmjs.org/@webassemblyjs/ast/-/ast-1.11.1.tgz 2815ms (cache miss)
3854 http fetch GET 200 https://registry.npmjs.org/@webassemblyjs/wasm-opt/-/wasm-opt-1.11.1.tgz 2839ms (cache miss)
3855 http fetch GET 200 https://registry.npmjs.org/@webassemblyjs/ieee754/-/ieee754-1.11.1.tgz 2838ms (cache miss)
3856 http fetch GET 200 https://registry.npmjs.org/@typescript-eslint/types/-/types-5.14.0.tgz 2839ms (cache miss)
3857 http fetch GET 200 https://registry.npmjs.org/@xtuc/ieee754/-/ieee754-1.2.0.tgz 2851ms (cache miss)
3858 http fetch GET 200 https://registry.npmjs.org/@webassemblyjs/wasm-gen/-/wasm-gen-1.11.1.tgz 2853ms (cache miss)
3859 http fetch GET 200 https://registry.npmjs.org/firebase/-/firebase-9.8.4.tgz 2885ms (cache miss)
3860 http fetch GET 200 https://registry.npmjs.org/@typescript-eslint/type-utils/-/type-utils-5.14.0.tgz 2858ms (cache miss)
3861 http fetch GET 200 https://registry.npmjs.org/@xtuc/long/-/long-4.2.2.tgz 2861ms (cache miss)
3862 http fetch GET 200 https://registry.npmjs.org/@typescript-eslint/experimental-utils/-/experimental-utils-5.14.0.tgz 2865ms (cache miss)
3863 http fetch GET 200 https://registry.npmjs.org/@typescript-eslint/utils/-/utils-5.14.0.tgz 2867ms (cache miss)
3864 http fetch GET 200 https://registry.npmjs.org/@webassemblyjs/helper-api-error/-/helper-api-error-1.11.1.tgz 2868ms (cache miss)
3865 http fetch GET 200 https://registry.npmjs.org/@webassemblyjs/helper-wasm-bytecode/-/helper-wasm-bytecode-1.11.1.tgz 2871ms (cache miss)
3866 http fetch GET 200 https://registry.npmjs.org/@typescript-eslint/typescript-estree/-/typescript-estree-5.14.0.tgz 2875ms (cache miss)
3867 http fetch GET 200 https://registry.npmjs.org/@types/yargs-parser/-/yargs-parser-21.0.0.tgz 2880ms (cache miss)
3868 http fetch GET 200 https://registry.npmjs.org/@types/yargs/-/yargs-16.0.4.tgz 2885ms (cache miss)
3869 http fetch GET 200 https://registry.npmjs.org/@webassemblyjs/leb128/-/leb128-1.11.1.tgz 2891ms (cache miss)
3870 http fetch GET 200 https://registry.npmjs.org/@types/ws/-/ws-8.5.2.tgz 2909ms (cache miss)
3871 http fetch GET 200 https://registry.npmjs.org/@types/trusted-types/-/trusted-types-2.0.2.tgz 2909ms (cache miss)
3872 http fetch GET 200 https://registry.npmjs.org/@webassemblyjs/floating-point-hex-parser/-/floating-point-hex-parser-1.11.1.tgz 2910ms (cache miss)
3873 http fetch GET 200 https://registry.npmjs.org/@types/serve-index/-/serve-index-1.9.1.tgz 2909ms (cache miss)
3874 http fetch GET 200 https://registry.npmjs.org/@types/serve-static/-/serve-static-1.13.10.tgz 2910ms (cache miss)
3875 http fetch GET 200 https://registry.npmjs.org/@typescript-eslint/parser/-/parser-5.14.0.tgz 2912ms (cache miss)
3876 http fetch GET 200 https://registry.npmjs.org/@types/react/-/react-17.0.40.tgz 2927ms (cache miss)
3877 http fetch GET 200 https://registry.npmjs.org/@types/range-parser/-/range-parser-1.2.4.tgz 2934ms (cache miss)
3878 http fetch GET 200 https://registry.npmjs.org/@types/parse-json/-/parse-json-4.0.0.tgz 2947ms (cache miss)
3879 http fetch GET 200 https://registry.npmjs.org/@types/prop-types/-/prop-types-15.7.4.tgz 2951ms (cache miss)
3880 http fetch GET 200 https://registry.npmjs.org/@types/node/-/node-17.0.21.tgz 2965ms (cache miss)
3881 http fetch GET 200 https://registry.npmjs.org/@types/testing-library__jest-dom/-/testing-library__jest-dom-5.14.3.tgz 2969ms (cache miss)
3882 http fetch GET 200 https://registry.npmjs.org/@types/q/-/q-1.5.5.tgz 2971ms (cache miss)
3883 http fetch GET 200 https://registry.npmjs.org/@types/sockjs/-/sockjs-0.3.33.tgz 2972ms (cache miss)
3884 http fetch GET 200 https://registry.npmjs.org/@types/scheduler/-/scheduler-0.16.2.tgz 2972ms (cache miss)
3885 http fetch GET 200 https://registry.npmjs.org/@types/retry/-/retry-0.12.1.tgz 2972ms (cache miss)
3886 http fetch GET 200 https://registry.npmjs.org/@types/stack-utils/-/stack-utils-2.0.1.tgz 2974ms (cache miss)
3887 http fetch GET 200 https://registry.npmjs.org/@typescript-eslint/scope-manager/-/scope-manager-5.14.0.tgz 2981ms (cache miss)
3888 http fetch GET 200 https://registry.npmjs.org/@types/json-schema/-/json-schema-7.0.9.tgz 2983ms (cache miss)
3889 http fetch GET 200 https://registry.npmjs.org/@types/react-dom/-/react-dom-17.0.13.tgz 2997ms (cache miss)
3890 http fetch GET 200 https://registry.npmjs.org/@types/long/-/long-4.0.2.tgz 2996ms (cache miss)
3891 http fetch GET 200 https://registry.npmjs.org/@types/prettier/-/prettier-2.4.4.tgz 3000ms (cache miss)
3892 http fetch GET 200 https://registry.npmjs.org/@types/qs/-/qs-6.9.7.tgz 3003ms (cache miss)
3893 http fetch GET 200 https://registry.npmjs.org/@types/jest/-/jest-27.4.1.tgz 3003ms (cache miss)
3894 http fetch GET 200 https://registry.npmjs.org/@types/resolve/-/resolve-1.17.1.tgz 3006ms (cache miss)
3895 http fetch GET 200 https://registry.npmjs.org/core-js/-/core-js-3.21.1.tgz 3024ms (cache miss)
3896 http fetch GET 200 https://registry.npmjs.org/core-js-pure/-/core-js-pure-3.21.1.tgz 3025ms (cache miss)
3897 http fetch GET 200 https://registry.npmjs.org/@types/istanbul-lib-report/-/istanbul-lib-report-3.0.0.tgz 3011ms (cache miss)
3898 http fetch GET 200 https://registry.npmjs.org/@types/istanbul-lib-coverage/-/istanbul-lib-coverage-2.0.4.tgz 3012ms (cache miss)
3899 http fetch GET 200 https://registry.npmjs.org/@types/http-proxy/-/http-proxy-1.17.8.tgz 3013ms (cache miss)
3900 http fetch GET 200 https://registry.npmjs.org/@types/istanbul-reports/-/istanbul-reports-3.0.1.tgz 3016ms (cache miss)
3901 http fetch GET 200 https://registry.npmjs.org/@types/mime/-/mime-1.3.2.tgz 3016ms (cache miss)
3902 http fetch GET 200 https://registry.npmjs.org/@typescript-eslint/eslint-plugin/-/eslint-plugin-5.14.0.tgz 3022ms (cache miss)
3903 http fetch GET 200 https://registry.npmjs.org/@types/express/-/express-4.17.13.tgz 3038ms (cache miss)
3904 http fetch GET 200 https://registry.npmjs.org/@types/express-serve-static-core/-/express-serve-static-core-4.17.28.tgz 3038ms (cache miss)
3905 http fetch GET 200 https://registry.npmjs.org/@types/eslint-scope/-/eslint-scope-3.7.3.tgz 3042ms (cache miss)
3906 http fetch GET 200 https://registry.npmjs.org/@types/json5/-/json5-0.0.29.tgz 3046ms (cache miss)
3907 http fetch GET 200 https://registry.npmjs.org/@types/connect-history-api-fallback/-/connect-history-api-fallback-1.3.5.tgz 3050ms (cache miss)
3908 http fetch GET 200 https://registry.npmjs.org/@types/estree/-/estree-0.0.51.tgz 3054ms (cache miss)
3909 http fetch GET 200 https://registry.npmjs.org/@types/babel__template/-/babel__template-7.4.1.tgz 3062ms (cache miss)
3910 http fetch GET 200 https://registry.npmjs.org/@types/babel__core/-/babel__core-7.1.18.tgz 3062ms (cache miss)
3911 http fetch GET 200 https://registry.npmjs.org/@types/html-minifier-terser/-/html-minifier-terser-6.1.0.tgz 3073ms (cache miss)
3912 http fetch GET 200 https://registry.npmjs.org/@types/eslint/-/eslint-7.29.0.tgz 3109ms (cache miss)
3913 http fetch GET 200 https://registry.npmjs.org/@types/body-parser/-/body-parser-1.19.2.tgz 3114ms (cache miss)
3914 http fetch GET 200 https://registry.npmjs.org/@types/babel__generator/-/babel__generator-7.6.4.tgz 3121ms (cache miss)
3915 http fetch GET 200 https://registry.npmjs.org/@types/graceful-fs/-/graceful-fs-4.1.5.tgz 3122ms (cache miss)
3916 http fetch GET 200 https://registry.npmjs.org/@types/connect/-/connect-3.4.35.tgz 3121ms (cache miss)
3917 http fetch GET 200 https://registry.npmjs.org/@types/babel__traverse/-/babel__traverse-7.14.2.tgz 3139ms (cache miss)
3918 http fetch GET 200 https://registry.npmjs.org/@types/bonjour/-/bonjour-3.5.10.tgz 3146ms (cache miss)
3919 http fetch GET 200 https://registry.npmjs.org/@testing-library/jest-dom/-/jest-dom-5.16.2.tgz 3147ms (cache miss)
3920 http fetch GET 200 https://registry.npmjs.org/@trysound/sax/-/sax-0.2.0.tgz 3164ms (cache miss)
3921 http fetch GET 200 https://registry.npmjs.org/@types/aria-query/-/aria-query-4.2.2.tgz 3173ms (cache miss)
3922 http fetch GET 200 https://registry.npmjs.org/@tootallnate/once/-/once-1.1.2.tgz 3180ms (cache miss)
3923 http fetch GET 200 https://registry.npmjs.org/@testing-library/user-event/-/user-event-13.5.0.tgz 3193ms (cache miss)
3924 http fetch GET 200 https://registry.npmjs.org/@testing-library/react/-/react-12.1.4.tgz 3194ms (cache miss)
3925 http fetch GET 200 https://registry.npmjs.org/@testing-library/dom/-/dom-8.11.3.tgz 3193ms (cache miss)
3926 http fetch GET 200 https://registry.npmjs.org/@svgr/plugin-svgo/-/plugin-svgo-5.5.0.tgz 3212ms (cache miss)
3927 http fetch GET 200 https://registry.npmjs.org/@svgr/webpack/-/webpack-5.5.0.tgz 3231ms (cache miss)
3928 http fetch GET 200 https://registry.npmjs.org/@svgr/babel-plugin-transform-svg-component/-/babel-plugin-transform-svg-component-5.5.0.tgz 3246ms (cache miss)
3929 http fetch GET 200 https://registry.npmjs.org/@svgr/hast-util-to-babel-ast/-/hast-util-to-babel-ast-5.5.0.tgz 3251ms (cache miss)
3930 http fetch GET 200 https://registry.npmjs.org/@svgr/core/-/core-5.5.0.tgz 3258ms (cache miss)
3931 http fetch GET 200 https://registry.npmjs.org/@sinonjs/commons/-/commons-1.8.3.tgz 3281ms (cache miss)
3932 http fetch GET 200 https://registry.npmjs.org/@svgr/babel-preset/-/babel-preset-5.5.0.tgz 3295ms (cache miss)
3933 http fetch GET 200 https://registry.npmjs.org/@svgr/plugin-jsx/-/plugin-jsx-5.5.0.tgz 3298ms (cache miss)
3934 http fetch GET 200 https://registry.npmjs.org/@svgr/babel-plugin-transform-react-native-svg/-/babel-plugin-transform-react-native-svg-5.4.0.tgz 3308ms (cache miss)
3935 http fetch GET 200 https://registry.npmjs.org/@svgr/babel-plugin-svg-em-dimensions/-/babel-plugin-svg-em-dimensions-5.4.0.tgz 3310ms (cache miss)
3936 http fetch GET 200 https://registry.npmjs.org/@sinonjs/fake-timers/-/fake-timers-8.1.0.tgz 3332ms (cache miss)
3937 http fetch GET 200 https://registry.npmjs.org/@svgr/babel-plugin-replace-jsx-attribute-value/-/babel-plugin-replace-jsx-attribute-value-5.0.1.tgz 3340ms (cache miss)
3938 http fetch GET 200 https://registry.npmjs.org/@rushstack/eslint-patch/-/eslint-patch-1.1.0.tgz 3345ms (cache miss)
3939 http fetch GET 200 https://registry.npmjs.org/@svgr/babel-plugin-svg-dynamic-title/-/babel-plugin-svg-dynamic-title-5.4.0.tgz 3352ms (cache miss)
3940 http fetch GET 200 https://registry.npmjs.org/@protobufjs/pool/-/pool-1.1.0.tgz 3351ms (cache miss)
3941 http fetch GET 200 https://registry.npmjs.org/@svgr/babel-plugin-remove-jsx-attribute/-/babel-plugin-remove-jsx-attribute-5.4.0.tgz 3356ms (cache miss)
3942 http fetch GET 200 https://registry.npmjs.org/@svgr/babel-plugin-remove-jsx-empty-expression/-/babel-plugin-remove-jsx-empty-expression-5.0.1.tgz 3356ms (cache miss)
3943 http fetch GET 200 https://registry.npmjs.org/@surma/rollup-plugin-off-main-thread/-/rollup-plugin-off-main-thread-2.2.3.tgz 3369ms (cache miss)
3944 http fetch GET 200 https://registry.npmjs.org/@protobufjs/utf8/-/utf8-1.1.0.tgz 3411ms (cache miss)
3945 http fetch GET 200 https://registry.npmjs.org/@protobufjs/path/-/path-1.1.2.tgz 3410ms (cache miss)
3946 http fetch GET 200 https://registry.npmjs.org/@protobufjs/aspromise/-/aspromise-1.1.2.tgz 3410ms (cache miss)
3947 http fetch GET 200 https://registry.npmjs.org/@rollup/pluginutils/-/pluginutils-3.1.0.tgz 3421ms (cache miss)
3948 http fetch GET 200 https://registry.npmjs.org/@protobufjs/fetch/-/fetch-1.1.0.tgz 3422ms (cache miss)
3949 http fetch GET 200 https://registry.npmjs.org/@protobufjs/float/-/float-1.0.2.tgz 3433ms (cache miss)
3950 http fetch GET 200 https://registry.npmjs.org/@rollup/plugin-replace/-/plugin-replace-2.4.2.tgz 3433ms (cache miss)
3951 http fetch GET 200 https://registry.npmjs.org/@rollup/plugin-babel/-/plugin-babel-5.3.1.tgz 3450ms (cache miss)
3952 http fetch GET 200 https://registry.npmjs.org/@nodelib/fs.walk/-/fs.walk-1.2.8.tgz 3475ms (cache miss)
3953 http fetch GET 200 https://registry.npmjs.org/@rollup/plugin-node-resolve/-/plugin-node-resolve-11.2.1.tgz 3476ms (cache miss)
3954 http fetch GET 200 https://registry.npmjs.org/@protobufjs/codegen/-/codegen-2.0.4.tgz 3478ms (cache miss)
3955 http fetch GET 200 https://registry.npmjs.org/@protobufjs/inquire/-/inquire-1.1.0.tgz 3512ms (cache miss)
3956 http fetch GET 200 https://registry.npmjs.org/@protobufjs/eventemitter/-/eventemitter-1.1.0.tgz 3515ms (cache miss)
3957 http fetch GET 200 https://registry.npmjs.org/@jridgewell/sourcemap-codec/-/sourcemap-codec-1.4.11.tgz 3520ms (cache miss)
3958 http fetch GET 200 https://registry.npmjs.org/@jridgewell/trace-mapping/-/trace-mapping-0.3.4.tgz 3521ms (cache miss)
3959 http fetch GET 200 https://registry.npmjs.org/@pmmmwh/react-refresh-webpack-plugin/-/react-refresh-webpack-plugin-0.5.4.tgz 3526ms (cache miss)
3960 http fetch GET 200 https://registry.npmjs.org/@jridgewell/resolve-uri/-/resolve-uri-3.0.5.tgz 3525ms (cache miss)
3961 http fetch GET 200 https://registry.npmjs.org/@svgr/babel-plugin-add-jsx-attribute/-/babel-plugin-add-jsx-attribute-5.4.0.tgz 3535ms (cache miss)
3962 http fetch GET 200 https://registry.npmjs.org/@nodelib/fs.stat/-/fs.stat-2.0.5.tgz 3586ms (cache miss)
3963 http fetch GET 200 https://registry.npmjs.org/@jest/types/-/types-27.5.1.tgz 3586ms (cache miss)
3964 http fetch GET 200 https://registry.npmjs.org/@jest/test-sequencer/-/test-sequencer-27.5.1.tgz 3586ms (cache miss)
3965 http fetch GET 200 https://registry.npmjs.org/@protobufjs/base64/-/base64-1.1.2.tgz 3587ms (cache miss)
3966 http fetch GET 200 https://registry.npmjs.org/@nodelib/fs.scandir/-/fs.scandir-2.1.5.tgz 3594ms (cache miss)
3967 http fetch GET 200 https://registry.npmjs.org/@jest/source-map/-/source-map-27.5.1.tgz 3593ms (cache miss)
3968 http fetch GET 200 https://registry.npmjs.org/@jest/transform/-/transform-27.5.1.tgz 3595ms (cache miss)
3969 http fetch GET 200 https://registry.npmjs.org/@jest/test-result/-/test-result-27.5.1.tgz 3620ms (cache miss)
3970 http fetch GET 200 https://registry.npmjs.org/@jest/globals/-/globals-27.5.1.tgz 3627ms (cache miss)
3971 http fetch GET 200 https://registry.npmjs.org/@jest/fake-timers/-/fake-timers-27.5.1.tgz 3630ms (cache miss)
3972 http fetch GET 200 https://registry.npmjs.org/@humanwhocodes/config-array/-/config-array-0.9.5.tgz 3635ms (cache miss)
3973 http fetch GET 200 https://registry.npmjs.org/@jest/reporters/-/reporters-27.5.1.tgz 3643ms (cache miss)
3974 http fetch GET 200 https://registry.npmjs.org/@jest/console/-/console-27.5.1.tgz 3648ms (cache miss)
3975 http fetch GET 200 https://registry.npmjs.org/@humanwhocodes/object-schema/-/object-schema-1.2.1.tgz 3648ms (cache miss)
3976 http fetch GET 200 https://registry.npmjs.org/@jest/environment/-/environment-27.5.1.tgz 3652ms (cache miss)
3977 http fetch GET 200 https://registry.npmjs.org/@istanbuljs/schema/-/schema-0.1.3.tgz 3657ms (cache miss)
3978 http fetch GET 200 https://registry.npmjs.org/@grpc/proto-loader/-/proto-loader-0.6.13.tgz 3684ms (cache miss)
3979 http fetch GET 200 https://registry.npmjs.org/@firebase/webchannel-wrapper/-/webchannel-wrapper-0.6.2.tgz 3693ms (cache miss)
3980 http fetch GET 200 https://registry.npmjs.org/@firebase/storage-compat/-/storage-compat-0.1.16.tgz 3702ms (cache miss)
3981 http fetch GET 200 https://registry.npmjs.org/@firebase/util/-/util-1.6.2.tgz 3703ms (cache miss)
3982 http fetch GET 200 https://registry.npmjs.org/@jest/core/-/core-27.5.1.tgz 3707ms (cache miss)
3983 http fetch GET 200 https://registry.npmjs.org/@istanbuljs/load-nyc-config/-/load-nyc-config-1.1.0.tgz 3737ms (cache miss)
3984 http fetch GET 200 https://registry.npmjs.org/@firebase/remote-config-compat/-/remote-config-compat-0.1.11.tgz 3738ms (cache miss)
3985 http fetch GET 200 https://registry.npmjs.org/@grpc/grpc-js/-/grpc-js-1.6.7.tgz 3747ms (cache miss)
3986 http fetch GET 200 https://registry.npmjs.org/@firebase/remote-config/-/remote-config-0.3.10.tgz 3752ms (cache miss)
3987 http fetch GET 200 https://registry.npmjs.org/@firebase/messaging-compat/-/messaging-compat-0.1.15.tgz 3756ms (cache miss)
3988 http fetch GET 200 https://registry.npmjs.org/@firebase/performance-compat/-/performance-compat-0.1.11.tgz 3762ms (cache miss)
3989 http fetch GET 200 https://registry.npmjs.org/@firebase/performance-types/-/performance-types-0.1.0.tgz 3764ms (cache miss)
3990 http fetch GET 200 https://registry.npmjs.org/@firebase/remote-config-types/-/remote-config-types-0.2.0.tgz 3772ms (cache miss)
3991 http fetch GET 200 https://registry.npmjs.org/@firebase/storage-types/-/storage-types-0.6.0.tgz 3780ms (cache miss)
3992 http fetch GET 200 https://registry.npmjs.org/@firebase/storage/-/storage-0.9.8.tgz 3783ms (cache miss)
3993 http fetch GET 200 https://registry.npmjs.org/@firebase/performance/-/performance-0.5.11.tgz 3786ms (cache miss)
3994 http fetch GET 200 https://registry.npmjs.org/@firebase/logger/-/logger-0.3.3.tgz 3791ms (cache miss)
3995 http fetch GET 200 https://registry.npmjs.org/@firebase/installations/-/installations-0.5.11.tgz 3794ms (cache miss)
3996 http fetch GET 200 https://registry.npmjs.org/@firebase/functions-compat/-/functions-compat-0.2.3.tgz 3801ms (cache miss)
3997 http fetch GET 200 https://registry.npmjs.org/@firebase/polyfill/-/polyfill-0.3.36.tgz 3802ms (cache miss)
3998 http fetch GET 200 https://registry.npmjs.org/@firebase/messaging-interop-types/-/messaging-interop-types-0.1.0.tgz 3805ms (cache miss)
3999 http fetch GET 200 https://registry.npmjs.org/@firebase/messaging/-/messaging-0.9.15.tgz 3813ms (cache miss)
4000 http fetch GET 200 https://registry.npmjs.org/@firebase/functions/-/functions-0.8.3.tgz 3851ms (cache miss)
4001 http fetch GET 200 https://registry.npmjs.org/@firebase/firestore-compat/-/firestore-compat-0.1.20.tgz 3850ms (cache miss)
4002 http fetch GET 200 https://registry.npmjs.org/@firebase/firestore-types/-/firestore-types-2.5.0.tgz 3869ms (cache miss)
4003 http fetch GET 200 https://registry.npmjs.org/@firebase/database-types/-/database-types-0.9.10.tgz 3876ms (cache miss)
4004 http fetch GET 200 https://registry.npmjs.org/@firebase/functions-types/-/functions-types-0.5.0.tgz 3876ms (cache miss)
4005 http fetch GET 200 https://registry.npmjs.org/@firebase/component/-/component-0.5.16.tgz 3886ms (cache miss)
4006 http fetch GET 200 https://registry.npmjs.org/@firebase/app-compat/-/app-compat-0.1.28.tgz 3887ms (cache miss)
4007 http fetch GET 200 https://registry.npmjs.org/@firebase/auth-interop-types/-/auth-interop-types-0.1.6.tgz 3891ms (cache miss)
4008 http fetch GET 200 https://registry.npmjs.org/@firebase/app-check-interop-types/-/app-check-interop-types-0.1.0.tgz 3908ms (cache miss)
4009 http fetch GET 200 https://registry.npmjs.org/@firebase/auth-compat/-/auth-compat-0.2.17.tgz 3920ms (cache miss)
4010 http fetch GET 200 https://registry.npmjs.org/@firebase/app-check-compat/-/app-check-compat-0.2.10.tgz 3927ms (cache miss)
4011 http fetch GET 200 https://registry.npmjs.org/@firebase/database-compat/-/database-compat-0.2.2.tgz 3941ms (cache miss)
4012 http fetch GET 200 https://registry.npmjs.org/@firebase/analytics-compat/-/analytics-compat-0.1.12.tgz 3939ms (cache miss)
4013 http fetch GET 200 https://registry.npmjs.org/@firebase/auth-types/-/auth-types-0.11.0.tgz 3943ms (cache miss)
4014 http fetch GET 200 https://registry.npmjs.org/@firebase/analytics/-/analytics-0.7.11.tgz 3968ms (cache miss)
4015 http fetch GET 200 https://registry.npmjs.org/@firebase/app/-/app-0.7.27.tgz 3970ms (cache miss)
4016 http fetch GET 200 https://registry.npmjs.org/@firebase/app-types/-/app-types-0.7.0.tgz 3985ms (cache miss)
4017 http fetch GET 200 https://registry.npmjs.org/@firebase/app-check/-/app-check-0.5.10.tgz 3986ms (cache miss)
4018 http fetch GET 200 https://registry.npmjs.org/@eslint/eslintrc/-/eslintrc-1.2.0.tgz 3995ms (cache miss)
4019 http fetch GET 200 https://registry.npmjs.org/@csstools/postcss-oklab-function/-/postcss-oklab-function-1.0.2.tgz 3997ms (cache miss)
4020 http fetch GET 200 https://registry.npmjs.org/@csstools/postcss-ic-unit/-/postcss-ic-unit-1.0.0.tgz 4000ms (cache miss)
4021 http fetch GET 200 https://registry.npmjs.org/@csstools/postcss-is-pseudo-class/-/postcss-is-pseudo-class-2.0.1.tgz 4017ms (cache miss)
4022 http fetch GET 200 https://registry.npmjs.org/@babel/traverse/-/traverse-7.17.3.tgz 4041ms (cache miss)
4023 http fetch GET 200 https://registry.npmjs.org/@firebase/database/-/database-0.13.2.tgz 4044ms (cache miss)
4024 http fetch GET 200 https://registry.npmjs.org/@firebase/analytics-types/-/analytics-types-0.7.0.tgz 4047ms (cache miss)
4025 http fetch GET 200 https://registry.npmjs.org/@firebase/app-check-types/-/app-check-types-0.4.0.tgz 4048ms (cache miss)
4026 http fetch GET 200 https://registry.npmjs.org/@csstools/postcss-color-function/-/postcss-color-function-1.0.3.tgz 4062ms (cache miss)
4027 http fetch GET 200 https://registry.npmjs.org/@csstools/postcss-hwb-function/-/postcss-hwb-function-1.0.0.tgz 4074ms (cache miss)
4028 http fetch GET 200 https://registry.npmjs.org/@csstools/postcss-progressive-custom-properties/-/postcss-progressive-custom-properties-1.3.0.tgz 4078ms (cache miss)
4029 http fetch GET 200 https://registry.npmjs.org/@bcoe/v8-coverage/-/v8-coverage-0.2.3.tgz 4086ms (cache miss)
4030 http fetch GET 200 https://registry.npmjs.org/@csstools/normalize.css/-/normalize.css-12.0.0.tgz 4087ms (cache miss)
4031 http fetch GET 200 https://registry.npmjs.org/@csstools/postcss-normalize-display-values/-/postcss-normalize-display-values-1.0.0.tgz 4091ms (cache miss)
4032 http fetch GET 200 https://registry.npmjs.org/@babel/preset-env/-/preset-env-7.16.11.tgz 4106ms (cache miss)
4033 http fetch GET 200 https://registry.npmjs.org/@babel/preset-typescript/-/preset-typescript-7.16.7.tgz 4106ms (cache miss)
4034 http fetch GET 200 https://registry.npmjs.org/@babel/plugin-transform-unicode-escapes/-/plugin-transform-unicode-escapes-7.16.7.tgz 4107ms (cache miss)
4035 http fetch GET 200 https://registry.npmjs.org/@babel/preset-react/-/preset-react-7.16.7.tgz 4108ms (cache miss)
4036 http fetch GET 200 https://registry.npmjs.org/@babel/template/-/template-7.16.7.tgz 4121ms (cache miss)
4037 http fetch GET 200 https://registry.npmjs.org/@babel/plugin-transform-sticky-regex/-/plugin-transform-sticky-regex-7.16.7.tgz 4122ms (cache miss)
4038 http fetch GET 200 https://registry.npmjs.org/@babel/runtime-corejs3/-/runtime-corejs3-7.17.2.tgz 4123ms (cache miss)
4039 http fetch GET 200 https://registry.npmjs.org/@babel/plugin-transform-typeof-symbol/-/plugin-transform-typeof-symbol-7.16.7.tgz 4123ms (cache miss)
4040 http fetch GET 200 https://registry.npmjs.org/@babel/types/-/types-7.17.0.tgz 4130ms (cache miss)
4041 http fetch GET 200 https://registry.npmjs.org/@babel/plugin-transform-template-literals/-/plugin-transform-template-literals-7.16.7.tgz 4131ms (cache miss)
4042 http fetch GET 200 https://registry.npmjs.org/@babel/plugin-transform-shorthand-properties/-/plugin-transform-shorthand-properties-7.16.7.tgz 4142ms (cache miss)
4043 http fetch GET 200 https://registry.npmjs.org/@babel/plugin-transform-reserved-words/-/plugin-transform-reserved-words-7.16.7.tgz 4142ms (cache miss)
4044 http fetch GET 200 https://registry.npmjs.org/@babel/plugin-transform-spread/-/plugin-transform-spread-7.16.7.tgz 4142ms (cache miss)
4045 http fetch GET 200 https://registry.npmjs.org/@csstools/postcss-font-format-keywords/-/postcss-font-format-keywords-1.0.0.tgz 4144ms (cache miss)
4046 http fetch GET 200 https://registry.npmjs.org/@babel/runtime/-/runtime-7.17.2.tgz 4144ms (cache miss)
4047 http fetch GET 200 https://registry.npmjs.org/@babel/plugin-transform-regenerator/-/plugin-transform-regenerator-7.16.7.tgz 4144ms (cache miss)
4048 http fetch GET 200 https://registry.npmjs.org/@babel/preset-modules/-/preset-modules-0.1.5.tgz 4151ms (cache miss)
4049 http fetch GET 200 https://registry.npmjs.org/@babel/plugin-transform-react-jsx/-/plugin-transform-react-jsx-7.17.3.tgz 4157ms (cache miss)
4050 http fetch GET 200 https://registry.npmjs.org/@babel/plugin-transform-react-pure-annotations/-/plugin-transform-react-pure-annotations-7.16.7.tgz 4164ms (cache miss)
4051 http fetch GET 200 https://registry.npmjs.org/@babel/plugin-transform-react-constant-elements/-/plugin-transform-react-constant-elements-7.17.6.tgz 4170ms (cache miss)
4052 http fetch GET 200 https://registry.npmjs.org/@babel/plugin-transform-unicode-regex/-/plugin-transform-unicode-regex-7.16.7.tgz 4173ms (cache miss)
4053 http fetch GET 200 https://registry.npmjs.org/@babel/plugin-transform-parameters/-/plugin-transform-parameters-7.16.7.tgz 4177ms (cache miss)
4054 http fetch GET 200 https://registry.npmjs.org/@babel/plugin-transform-named-capturing-groups-regex/-/plugin-transform-named-capturing-groups-regex-7.16.8.tgz 4186ms (cache miss)
4055 http fetch GET 200 https://registry.npmjs.org/@babel/plugin-transform-react-display-name/-/plugin-transform-react-display-name-7.16.7.tgz 4188ms (cache miss)
4056 http fetch GET 200 https://registry.npmjs.org/@babel/plugin-transform-modules-amd/-/plugin-transform-modules-amd-7.16.7.tgz 4193ms (cache miss)
4057 http fetch GET 200 https://registry.npmjs.org/@babel/plugin-transform-modules-commonjs/-/plugin-transform-modules-commonjs-7.16.8.tgz 4201ms (cache miss)
4058 http fetch GET 200 https://registry.npmjs.org/@babel/plugin-transform-typescript/-/plugin-transform-typescript-7.16.8.tgz 4203ms (cache miss)
4059 http fetch GET 200 https://registry.npmjs.org/@babel/plugin-transform-literals/-/plugin-transform-literals-7.16.7.tgz 4217ms (cache miss)
4060 http fetch GET 200 https://registry.npmjs.org/@babel/plugin-transform-member-expression-literals/-/plugin-transform-member-expression-literals-7.16.7.tgz 4218ms (cache miss)
4061 http fetch GET 200 https://registry.npmjs.org/@babel/plugin-transform-runtime/-/plugin-transform-runtime-7.17.0.tgz 4219ms (cache miss)
4062 http fetch GET 200 https://registry.npmjs.org/@babel/plugin-transform-for-of/-/plugin-transform-for-of-7.16.7.tgz 4235ms (cache miss)
4063 http fetch GET 200 https://registry.npmjs.org/@babel/plugin-transform-modules-systemjs/-/plugin-transform-modules-systemjs-7.16.7.tgz 4235ms (cache miss)
4064 http fetch GET 200 https://registry.npmjs.org/@babel/plugin-transform-property-literals/-/plugin-transform-property-literals-7.16.7.tgz 4239ms (cache miss)
4065 http fetch GET 200 https://registry.npmjs.org/@babel/plugin-transform-react-jsx-development/-/plugin-transform-react-jsx-development-7.16.7.tgz 4240ms (cache miss)
4066 http fetch GET 200 https://registry.npmjs.org/@babel/plugin-transform-destructuring/-/plugin-transform-destructuring-7.17.3.tgz 4248ms (cache miss)
4067 http fetch GET 200 https://registry.npmjs.org/@babel/plugin-transform-exponentiation-operator/-/plugin-transform-exponentiation-operator-7.16.7.tgz 4251ms (cache miss)
4068 http fetch GET 200 https://registry.npmjs.org/@babel/plugin-transform-new-target/-/plugin-transform-new-target-7.16.7.tgz 4252ms (cache miss)
4069 http fetch GET 200 https://registry.npmjs.org/@babel/plugin-transform-object-super/-/plugin-transform-object-super-7.16.7.tgz 4262ms (cache miss)
4070 http fetch GET 200 https://registry.npmjs.org/@babel/plugin-transform-duplicate-keys/-/plugin-transform-duplicate-keys-7.16.7.tgz 4262ms (cache miss)
4071 http fetch GET 200 https://registry.npmjs.org/@babel/plugin-transform-modules-umd/-/plugin-transform-modules-umd-7.16.7.tgz 4263ms (cache miss)
4072 http fetch GET 200 https://registry.npmjs.org/@babel/plugin-transform-classes/-/plugin-transform-classes-7.16.7.tgz 4262ms (cache miss)
4073 http fetch GET 200 https://registry.npmjs.org/@babel/plugin-transform-block-scoping/-/plugin-transform-block-scoping-7.16.7.tgz 4278ms (cache miss)
4074 http fetch GET 200 https://registry.npmjs.org/@babel/plugin-transform-arrow-functions/-/plugin-transform-arrow-functions-7.16.7.tgz 4279ms (cache miss)
4075 http fetch GET 200 https://registry.npmjs.org/@babel/plugin-transform-function-name/-/plugin-transform-function-name-7.16.7.tgz 4287ms (cache miss)
4076 http fetch GET 200 https://registry.npmjs.org/@babel/plugin-transform-flow-strip-types/-/plugin-transform-flow-strip-types-7.16.7.tgz 4290ms (cache miss)
4077 http fetch GET 200 https://registry.npmjs.org/@babel/plugin-syntax-typescript/-/plugin-syntax-typescript-7.16.7.tgz 4290ms (cache miss)
4078 http fetch GET 200 https://registry.npmjs.org/@babel/plugin-syntax-nullish-coalescing-operator/-/plugin-syntax-nullish-coalescing-operator-7.8.3.tgz 4304ms (cache miss)
4079 http fetch GET 200 https://registry.npmjs.org/@babel/plugin-syntax-optional-chaining/-/plugin-syntax-optional-chaining-7.8.3.tgz 4304ms (cache miss)
4080 http fetch GET 200 https://registry.npmjs.org/@babel/plugin-transform-dotall-regex/-/plugin-transform-dotall-regex-7.16.7.tgz 4310ms (cache miss)
4081 http fetch GET 200 https://registry.npmjs.org/@babel/plugin-syntax-json-strings/-/plugin-syntax-json-strings-7.8.3.tgz 4320ms (cache miss)
4082 http fetch GET 200 https://registry.npmjs.org/@babel/plugin-transform-computed-properties/-/plugin-transform-computed-properties-7.16.7.tgz 4329ms (cache miss)
4083 http fetch GET 200 https://registry.npmjs.org/@babel/plugin-transform-block-scoped-functions/-/plugin-transform-block-scoped-functions-7.16.7.tgz 4341ms (cache miss)
4084 http fetch GET 200 https://registry.npmjs.org/@babel/plugin-syntax-jsx/-/plugin-syntax-jsx-7.16.7.tgz 4348ms (cache miss)
4085 http fetch GET 200 https://registry.npmjs.org/@firebase/firestore/-/firestore-3.4.11.tgz 4369ms (cache miss)
4086 http fetch GET 200 https://registry.npmjs.org/@babel/plugin-transform-async-to-generator/-/plugin-transform-async-to-generator-7.16.8.tgz 4362ms (cache miss)
4087 http fetch GET 200 https://registry.npmjs.org/@babel/plugin-syntax-numeric-separator/-/plugin-syntax-numeric-separator-7.10.4.tgz 4362ms (cache miss)
4088 http fetch GET 200 https://registry.npmjs.org/@babel/plugin-syntax-decorators/-/plugin-syntax-decorators-7.17.0.tgz 4364ms (cache miss)
4089 http fetch GET 200 https://registry.npmjs.org/@babel/plugin-syntax-class-properties/-/plugin-syntax-class-properties-7.12.13.tgz 4366ms (cache miss)
4090 http fetch GET 200 https://registry.npmjs.org/@babel/plugin-syntax-top-level-await/-/plugin-syntax-top-level-await-7.14.5.tgz 4378ms (cache miss)
4091 http fetch GET 200 https://registry.npmjs.org/@babel/plugin-syntax-logical-assignment-operators/-/plugin-syntax-logical-assignment-operators-7.10.4.tgz 4387ms (cache miss)
4092 http fetch GET 200 https://registry.npmjs.org/@babel/plugin-syntax-optional-catch-binding/-/plugin-syntax-optional-catch-binding-7.8.3.tgz 4388ms (cache miss)
4093 http fetch GET 200 https://registry.npmjs.org/@babel/plugin-syntax-object-rest-spread/-/plugin-syntax-object-rest-spread-7.8.3.tgz 4398ms (cache miss)
4094 http fetch GET 200 https://registry.npmjs.org/@firebase/auth/-/auth-0.20.4.tgz 4410ms (cache miss)
4095 http fetch GET 200 https://registry.npmjs.org/@babel/plugin-syntax-private-property-in-object/-/plugin-syntax-private-property-in-object-7.14.5.tgz 4412ms (cache miss)
4096 http fetch GET 200 https://registry.npmjs.org/@babel/plugin-proposal-optional-chaining/-/plugin-proposal-optional-chaining-7.16.7.tgz 4411ms (cache miss)
4097 http fetch GET 200 https://registry.npmjs.org/@babel/plugin-syntax-flow/-/plugin-syntax-flow-7.16.7.tgz 4412ms (cache miss)
4098 http fetch GET 200 https://registry.npmjs.org/@babel/plugin-syntax-dynamic-import/-/plugin-syntax-dynamic-import-7.8.3.tgz 4423ms (cache miss)
4099 http fetch GET 200 https://registry.npmjs.org/@babel/plugin-syntax-import-meta/-/plugin-syntax-import-meta-7.10.4.tgz 4423ms (cache miss)
4100 http fetch GET 200 https://registry.npmjs.org/@babel/plugin-syntax-export-namespace-from/-/plugin-syntax-export-namespace-from-7.8.3.tgz 4429ms (cache miss)
4101 http fetch GET 200 https://registry.npmjs.org/@babel/plugin-syntax-class-static-block/-/plugin-syntax-class-static-block-7.14.5.tgz 4434ms (cache miss)
4102 http fetch GET 200 https://registry.npmjs.org/@babel/plugin-proposal-numeric-separator/-/plugin-proposal-numeric-separator-7.16.7.tgz 4435ms (cache miss)
4103 http fetch GET 200 https://registry.npmjs.org/@babel/plugin-syntax-async-generators/-/plugin-syntax-async-generators-7.8.4.tgz 4449ms (cache miss)
4104 http fetch GET 200 https://registry.npmjs.org/@babel/plugin-proposal-json-strings/-/plugin-proposal-json-strings-7.16.7.tgz 4458ms (cache miss)
4105 http fetch GET 200 https://registry.npmjs.org/@babel/plugin-syntax-bigint/-/plugin-syntax-bigint-7.8.3.tgz 4459ms (cache miss)
4106 http fetch GET 200 https://registry.npmjs.org/@babel/plugin-proposal-dynamic-import/-/plugin-proposal-dynamic-import-7.16.7.tgz 4458ms (cache miss)
4107 http fetch GET 200 https://registry.npmjs.org/@babel/plugin-proposal-export-namespace-from/-/plugin-proposal-export-namespace-from-7.16.7.tgz 4458ms (cache miss)
4108 http fetch GET 200 https://registry.npmjs.org/@babel/plugin-proposal-private-property-in-object/-/plugin-proposal-private-property-in-object-7.16.7.tgz 4462ms (cache miss)
4109 http fetch GET 200 https://registry.npmjs.org/@babel/plugin-proposal-unicode-property-regex/-/plugin-proposal-unicode-property-regex-7.16.7.tgz 4462ms (cache miss)
4110 http fetch GET 200 https://registry.npmjs.org/@babel/plugin-proposal-decorators/-/plugin-proposal-decorators-7.17.2.tgz 4467ms (cache miss)
4111 http fetch GET 200 https://registry.npmjs.org/@babel/plugin-proposal-private-methods/-/plugin-proposal-private-methods-7.16.11.tgz 4468ms (cache miss)
4112 http fetch GET 200 https://registry.npmjs.org/@babel/plugin-proposal-class-static-block/-/plugin-proposal-class-static-block-7.17.6.tgz 4469ms (cache miss)
4113 http fetch GET 200 https://registry.npmjs.org/@babel/plugin-proposal-async-generator-functions/-/plugin-proposal-async-generator-functions-7.16.8.tgz 4481ms (cache miss)
4114 http fetch GET 200 https://registry.npmjs.org/@babel/plugin-proposal-class-properties/-/plugin-proposal-class-properties-7.16.7.tgz 4480ms (cache miss)
4115 http fetch GET 200 https://registry.npmjs.org/@babel/plugin-proposal-optional-catch-binding/-/plugin-proposal-optional-catch-binding-7.16.7.tgz 4493ms (cache miss)
4116 http fetch GET 200 https://registry.npmjs.org/@babel/plugin-proposal-object-rest-spread/-/plugin-proposal-object-rest-spread-7.17.3.tgz 4503ms (cache miss)
4117 http fetch GET 200 https://registry.npmjs.org/@babel/plugin-proposal-nullish-coalescing-operator/-/plugin-proposal-nullish-coalescing-operator-7.16.7.tgz 4502ms (cache miss)
4118 http fetch GET 200 https://registry.npmjs.org/@babel/highlight/-/highlight-7.16.10.tgz 4511ms (cache miss)
4119 http fetch GET 200 https://registry.npmjs.org/@babel/helper-validator-option/-/helper-validator-option-7.16.7.tgz 4513ms (cache miss)
4120 http fetch GET 200 https://registry.npmjs.org/@babel/parser/-/parser-7.17.3.tgz 4514ms (cache miss)
4121 http fetch GET 200 https://registry.npmjs.org/@babel/helper-validator-identifier/-/helper-validator-identifier-7.16.7.tgz 4517ms (cache miss)
4122 http fetch GET 200 https://registry.npmjs.org/@babel/helpers/-/helpers-7.17.2.tgz 4520ms (cache miss)
4123 http fetch GET 200 https://registry.npmjs.org/@babel/helper-split-export-declaration/-/helper-split-export-declaration-7.16.7.tgz 4520ms (cache miss)
4124 http fetch GET 200 https://registry.npmjs.org/@babel/helper-simple-access/-/helper-simple-access-7.16.7.tgz 4521ms (cache miss)
4125 http fetch GET 200 https://registry.npmjs.org/@babel/helper-skip-transparent-expression-wrappers/-/helper-skip-transparent-expression-wrappers-7.16.0.tgz 4527ms (cache miss)
4126 http fetch GET 200 https://registry.npmjs.org/@babel/helper-replace-supers/-/helper-replace-supers-7.16.7.tgz 4527ms (cache miss)
4127 http fetch GET 200 https://registry.npmjs.org/@babel/helper-wrap-function/-/helper-wrap-function-7.16.8.tgz 4539ms (cache miss)
4128 http fetch GET 200 https://registry.npmjs.org/@babel/plugin-proposal-logical-assignment-operators/-/plugin-proposal-logical-assignment-operators-7.16.7.tgz 4559ms (cache miss)
4129 http fetch GET 200 https://registry.npmjs.org/@babel/helper-remap-async-to-generator/-/helper-remap-async-to-generator-7.16.8.tgz 4557ms (cache miss)
4130 http fetch GET 200 https://registry.npmjs.org/@babel/plugin-bugfix-safari-id-destructuring-collision-in-function-expression/-/plugin-bugfix-safari-id-destructuring-collision-in-function-expression-7.16.7.tgz 4559ms (cache miss)
4131 http fetch GET 200 https://registry.npmjs.org/@babel/helper-module-imports/-/helper-module-imports-7.16.7.tgz 4562ms (cache miss)
4132 http fetch GET 200 https://registry.npmjs.org/@babel/plugin-bugfix-v8-spread-parameters-in-optional-chaining/-/plugin-bugfix-v8-spread-parameters-in-optional-chaining-7.16.7.tgz 4569ms (cache miss)
4133 http fetch GET 200 https://registry.npmjs.org/@babel/helper-hoist-variables/-/helper-hoist-variables-7.16.7.tgz 4567ms (cache miss)
4134 http fetch GET 200 https://registry.npmjs.org/@babel/helper-create-regexp-features-plugin/-/helper-create-regexp-features-plugin-7.17.0.tgz 4580ms (cache miss)
4135 http fetch GET 200 https://registry.npmjs.org/@babel/helper-annotate-as-pure/-/helper-annotate-as-pure-7.16.7.tgz 4598ms (cache miss)
4136 http fetch GET 200 https://registry.npmjs.org/@babel/generator/-/generator-7.17.3.tgz 4609ms (cache miss)
4137 http fetch GET 200 https://registry.npmjs.org/@babel/helper-module-transforms/-/helper-module-transforms-7.17.6.tgz 4621ms (cache miss)
4138 http fetch GET 200 https://registry.npmjs.org/@babel/core/-/core-7.17.5.tgz 4625ms (cache miss)
4139 http fetch GET 200 https://registry.npmjs.org/@babel/helper-optimise-call-expression/-/helper-optimise-call-expression-7.16.7.tgz 4634ms (cache miss)
4140 http fetch GET 200 https://registry.npmjs.org/@babel/helper-get-function-arity/-/helper-get-function-arity-7.16.7.tgz 4635ms (cache miss)
4141 http fetch GET 200 https://registry.npmjs.org/@babel/helper-explode-assignable-expression/-/helper-explode-assignable-expression-7.16.7.tgz 4635ms (cache miss)
4142 http fetch GET 200 https://registry.npmjs.org/@babel/helper-plugin-utils/-/helper-plugin-utils-7.16.7.tgz 4636ms (cache miss)
4143 http fetch GET 200 https://registry.npmjs.org/@babel/helper-environment-visitor/-/helper-environment-visitor-7.16.7.tgz 4646ms (cache miss)
4144 http fetch GET 200 https://registry.npmjs.org/@babel/helper-function-name/-/helper-function-name-7.16.7.tgz 4646ms (cache miss)
4145 http fetch GET 200 https://registry.npmjs.org/@babel/helper-create-class-features-plugin/-/helper-create-class-features-plugin-7.17.6.tgz 4651ms (cache miss)
4146 http fetch GET 200 https://registry.npmjs.org/@babel/helper-member-expression-to-functions/-/helper-member-expression-to-functions-7.16.7.tgz 4655ms (cache miss)
4147 http fetch GET 200 https://registry.npmjs.org/webpack-sources/-/webpack-sources-1.4.3.tgz 4658ms (cache miss)
4148 http fetch GET 200 https://registry.npmjs.org/@babel/helper-define-polyfill-provider/-/helper-define-polyfill-provider-0.3.1.tgz 4664ms (cache miss)
4149 http fetch GET 200 https://registry.npmjs.org/@babel/code-frame/-/code-frame-7.16.7.tgz 4666ms (cache miss)
4150 http fetch GET 200 https://registry.npmjs.org/@ampproject/remapping/-/remapping-2.1.2.tgz 4667ms (cache miss)
4151 http fetch GET 200 https://registry.npmjs.org/color-name/-/color-name-1.1.4.tgz 4767ms (cache miss)
4152 http fetch GET 200 https://registry.npmjs.org/source-map/-/source-map-0.6.1.tgz 4772ms (cache miss)
4153 http fetch GET 200 https://registry.npmjs.org/ansi-styles/-/ansi-styles-4.3.0.tgz 4778ms (cache miss)
4154 http fetch GET 200 https://registry.npmjs.org/color-convert/-/color-convert-2.0.1.tgz 4778ms (cache miss)
4155 http fetch GET 200 https://registry.npmjs.org/webidl-conversions/-/webidl-conversions-4.0.2.tgz 4778ms (cache miss)
4156 http fetch GET 200 https://registry.npmjs.org/@babel/compat-data/-/compat-data-7.17.0.tgz 4779ms (cache miss)
4157 http fetch GET 200 https://registry.npmjs.org/@babel/helper-builder-binary-assignment-operator-visitor/-/helper-builder-binary-assignment-operator-visitor-7.16.7.tgz 4779ms (cache miss)
4158 http fetch GET 200 https://registry.npmjs.org/@babel/helper-compilation-targets/-/helper-compilation-targets-7.16.7.tgz 4779ms (cache miss)
4159 http fetch GET 200 https://registry.npmjs.org/json-schema-traverse/-/json-schema-traverse-1.0.0.tgz 4779ms (cache miss)
4160 http fetch GET 200 https://registry.npmjs.org/whatwg-url/-/whatwg-url-7.1.0.tgz 4780ms (cache miss)
4161 http fetch GET 200 https://registry.npmjs.org/@babel/eslint-parser/-/eslint-parser-7.17.0.tgz 4783ms (cache miss)
4162 http fetch GET 200 https://registry.npmjs.org/source-map/-/source-map-0.8.0-beta.0.tgz 4782ms (cache miss)
4163 http fetch GET 200 https://registry.npmjs.org/fs-extra/-/fs-extra-9.1.0.tgz 4783ms (cache miss)
4164 http fetch GET 200 https://registry.npmjs.org/strip-ansi/-/strip-ansi-7.0.1.tgz 4820ms (cache miss)
4165 http fetch GET 200 https://registry.npmjs.org/json-schema-traverse/-/json-schema-traverse-1.0.0.tgz 4820ms (cache miss)
4166 http fetch GET 200 https://registry.npmjs.org/source-map/-/source-map-0.6.1.tgz 4825ms (cache miss)
4167 http fetch GET 200 https://registry.npmjs.org/json-schema-traverse/-/json-schema-traverse-1.0.0.tgz 4826ms (cache miss)
4168 http fetch GET 200 https://registry.npmjs.org/tr46/-/tr46-1.0.1.tgz 4827ms (cache miss)
4169 http fetch GET 200 https://registry.npmjs.org/webpack-sources/-/webpack-sources-2.3.1.tgz 4826ms (cache miss)
4170 http fetch GET 200 https://registry.npmjs.org/ws/-/ws-8.5.0.tgz 4827ms (cache miss)
4171 http fetch GET 200 https://registry.npmjs.org/schema-utils/-/schema-utils-4.0.0.tgz 4828ms (cache miss)
4172 http fetch GET 200 https://registry.npmjs.org/schema-utils/-/schema-utils-4.0.0.tgz 4829ms (cache miss)
4173 http fetch GET 200 https://registry.npmjs.org/iconv-lite/-/iconv-lite-0.4.24.tgz 4832ms (cache miss)
4174 http fetch GET 200 https://registry.npmjs.org/ajv-keywords/-/ajv-keywords-5.1.0.tgz 4854ms (cache miss)
4175 http fetch GET 200 https://registry.npmjs.org/ajv-keywords/-/ajv-keywords-5.1.0.tgz 4854ms (cache miss)
4176 http fetch GET 200 https://registry.npmjs.org/ansi-regex/-/ansi-regex-6.0.1.tgz 4855ms (cache miss)
4177 http fetch GET 200 https://registry.npmjs.org/estraverse/-/estraverse-4.3.0.tgz 4863ms (cache miss)
4178 http fetch GET 200 https://registry.npmjs.org/supports-color/-/supports-color-7.2.0.tgz 4863ms (cache miss)
4179 http fetch GET 200 https://registry.npmjs.org/strip-bom/-/strip-bom-3.0.0.tgz 4864ms (cache miss)
4180 http fetch GET 200 https://registry.npmjs.org/commander/-/commander-2.20.3.tgz 4863ms (cache miss)
4181 http fetch GET 200 https://registry.npmjs.org/tslib/-/tslib-1.14.1.tgz 4865ms (cache miss)
4182 http fetch GET 200 https://registry.npmjs.org/universalify/-/universalify-0.1.2.tgz 4866ms (cache miss)
4183 http fetch GET 200 https://registry.npmjs.org/color-name/-/color-name-1.1.4.tgz 4865ms (cache miss)
4184 http fetch GET 200 https://registry.npmjs.org/json5/-/json5-1.0.1.tgz 4867ms (cache miss)
4185 http fetch GET 200 https://registry.npmjs.org/eslint-scope/-/eslint-scope-5.1.1.tgz 4869ms (cache miss)
4186 http fetch GET 200 https://registry.npmjs.org/has-flag/-/has-flag-4.0.0.tgz 4868ms (cache miss)
4187 http fetch GET 200 https://registry.npmjs.org/source-map/-/source-map-0.7.3.tgz 4869ms (cache miss)
4188 http fetch GET 200 https://registry.npmjs.org/source-map/-/source-map-0.7.3.tgz 4870ms (cache miss)
4189 http fetch GET 200 https://registry.npmjs.org/@apideck/better-ajv-errors/-/better-ajv-errors-0.3.3.tgz 4878ms (cache miss)
4190 http fetch GET 200 https://registry.npmjs.org/domelementtype/-/domelementtype-1.3.1.tgz 4901ms (cache miss)
4191 http fetch GET 200 https://registry.npmjs.org/safe-buffer/-/safe-buffer-5.2.1.tgz 4902ms (cache miss)
4192 http fetch GET 200 https://registry.npmjs.org/domutils/-/domutils-1.7.0.tgz 4902ms (cache miss)
4193 http fetch GET 200 https://registry.npmjs.org/color-convert/-/color-convert-2.0.1.tgz 4903ms (cache miss)
4194 http fetch GET 200 https://registry.npmjs.org/has-flag/-/has-flag-4.0.0.tgz 4902ms (cache miss)
4195 http fetch GET 200 https://registry.npmjs.org/ansi-styles/-/ansi-styles-4.3.0.tgz 4902ms (cache miss)
4196 http fetch GET 200 https://registry.npmjs.org/supports-color/-/supports-color-7.2.0.tgz 4906ms (cache miss)
4197 http fetch GET 200 https://registry.npmjs.org/css-what/-/css-what-3.4.2.tgz 4906ms (cache miss)
4198 http fetch GET 200 https://registry.npmjs.org/nth-check/-/nth-check-1.0.2.tgz 4907ms (cache miss)
4199 http fetch GET 200 https://registry.npmjs.org/chalk/-/chalk-4.1.2.tgz 4908ms (cache miss)
4200 http fetch GET 200 https://registry.npmjs.org/dom-serializer/-/dom-serializer-0.2.2.tgz 4907ms (cache miss)
4201 http fetch GET 200 https://registry.npmjs.org/escape-string-regexp/-/escape-string-regexp-2.0.0.tgz 4907ms (cache miss)
4202 http fetch GET 200 https://registry.npmjs.org/emoji-regex/-/emoji-regex-8.0.0.tgz 4909ms (cache miss)
4203 http fetch GET 200 https://registry.npmjs.org/source-map/-/source-map-0.6.1.tgz 4911ms (cache miss)
4204 http fetch GET 200 https://registry.npmjs.org/type-fest/-/type-fest-0.16.0.tgz 4911ms (cache miss)
4205 http fetch GET 200 https://registry.npmjs.org/ajv/-/ajv-8.10.0.tgz 4929ms (cache miss)
4206 http fetch GET 200 https://registry.npmjs.org/ajv/-/ajv-8.10.0.tgz 4936ms (cache miss)
4207 http fetch GET 200 https://registry.npmjs.org/setprototypeof/-/setprototypeof-1.1.0.tgz 4935ms (cache miss)
4208 http fetch GET 200 https://registry.npmjs.org/css-select/-/css-select-2.1.0.tgz 4935ms (cache miss)
4209 http fetch GET 200 https://registry.npmjs.org/ms/-/ms-2.0.0.tgz 4936ms (cache miss)
4210 http fetch GET 200 https://registry.npmjs.org/ms/-/ms-2.1.3.tgz 4941ms (cache miss)
4211 http fetch GET 200 https://registry.npmjs.org/http-errors/-/http-errors-1.6.3.tgz 4941ms (cache miss)
4212 http fetch GET 200 https://registry.npmjs.org/has-flag/-/has-flag-4.0.0.tgz 4942ms (cache miss)
4213 http fetch GET 200 https://registry.npmjs.org/supports-color/-/supports-color-7.2.0.tgz 4943ms (cache miss)
4214 http fetch GET 200 https://registry.npmjs.org/inherits/-/inherits-2.0.3.tgz 4944ms (cache miss)
4215 http fetch GET 200 https://registry.npmjs.org/debug/-/debug-2.6.9.tgz 4944ms (cache miss)
4216 http fetch GET 200 https://registry.npmjs.org/serialize-javascript/-/serialize-javascript-4.0.0.tgz 4945ms (cache miss)
4217 http fetch GET 200 https://registry.npmjs.org/debug/-/debug-2.6.9.tgz 4946ms (cache miss)
4218 http fetch GET 200 https://registry.npmjs.org/picocolors/-/picocolors-0.2.1.tgz 4947ms (cache miss)
4219 http fetch GET 200 https://registry.npmjs.org/jest-worker/-/jest-worker-26.6.2.tgz 4950ms (cache miss)
4220 http fetch GET 200 https://registry.npmjs.org/source-map/-/source-map-0.6.1.tgz 4954ms (cache miss)
4221 http fetch GET 200 https://registry.npmjs.org/postcss/-/postcss-7.0.39.tgz 4953ms (cache miss)
4222 http fetch GET 200 https://registry.npmjs.org/ajv/-/ajv-8.10.0.tgz 4963ms (cache miss)
4223 http fetch GET 200 https://registry.npmjs.org/minimatch/-/minimatch-3.0.4.tgz 4969ms (cache miss)
4224 http fetch GET 200 https://registry.npmjs.org/jsesc/-/jsesc-0.5.0.tgz 4969ms (cache miss)
4225 http fetch GET 200 https://registry.npmjs.org/ms/-/ms-2.0.0.tgz 4981ms (cache miss)
4226 http fetch GET 200 https://registry.npmjs.org/supports-color/-/supports-color-7.2.0.tgz 4981ms (cache miss)
4227 http fetch GET 200 https://registry.npmjs.org/loader-utils/-/loader-utils-3.2.0.tgz 4981ms (cache miss)
4228 http fetch GET 200 https://registry.npmjs.org/escape-string-regexp/-/escape-string-regexp-4.0.0.tgz 4980ms (cache miss)
4229 http fetch GET 200 https://registry.npmjs.org/history/-/history-5.3.0.tgz 4985ms (cache miss)
4230 http fetch GET 200 https://registry.npmjs.org/history/-/history-5.3.0.tgz 4985ms (cache miss)
4231 http fetch GET 200 https://registry.npmjs.org/has-flag/-/has-flag-4.0.0.tgz 4986ms (cache miss)
4232 http fetch GET 200 https://registry.npmjs.org/color-convert/-/color-convert-2.0.1.tgz 4986ms (cache miss)
4233 http fetch GET 200 https://registry.npmjs.org/chalk/-/chalk-4.1.2.tgz 4986ms (cache miss)
4234 http fetch GET 200 https://registry.npmjs.org/ansi-styles/-/ansi-styles-4.3.0.tgz 4986ms (cache miss)
4235 http fetch GET 200 https://registry.npmjs.org/color-name/-/color-name-1.1.4.tgz 4986ms (cache miss)
4236 http fetch GET 200 https://registry.npmjs.org/bytes/-/bytes-3.1.2.tgz 4986ms (cache miss)
4237 http fetch GET 200 https://registry.npmjs.org/iconv-lite/-/iconv-lite-0.4.24.tgz 4988ms (cache miss)
4238 http fetch GET 200 https://registry.npmjs.org/ipaddr.js/-/ipaddr.js-1.9.1.tgz 5006ms (cache miss)
4239 http fetch GET 200 https://registry.npmjs.org/react-is/-/react-is-16.13.1.tgz 5008ms (cache miss)
4240 http fetch GET 200 https://registry.npmjs.org/ansi-styles/-/ansi-styles-5.2.0.tgz 5019ms (cache miss)
4241 http fetch GET 200 https://registry.npmjs.org/p-limit/-/p-limit-2.3.0.tgz 5026ms (cache miss)
4242 http fetch GET 200 https://registry.npmjs.org/p-locate/-/p-locate-3.0.0.tgz 5026ms (cache miss)
4243 http fetch GET 200 https://registry.npmjs.org/find-up/-/find-up-3.0.0.tgz 5027ms (cache miss)
4244 http fetch GET 200 https://registry.npmjs.org/locate-path/-/locate-path-3.0.0.tgz 5027ms (cache miss)
4245 http fetch GET 200 https://registry.npmjs.org/debug/-/debug-3.2.7.tgz 5027ms (cache miss)
4246 http fetch GET 200 https://registry.npmjs.org/path-exists/-/path-exists-3.0.0.tgz 5028ms (cache miss)
4247 http fetch GET 200 https://registry.npmjs.org/commander/-/commander-7.2.0.tgz 5028ms (cache miss)
4248 http fetch GET 200 https://registry.npmjs.org/source-map/-/source-map-0.6.1.tgz 5030ms (cache miss)
4249 http fetch GET 200 https://registry.npmjs.org/source-map/-/source-map-0.6.1.tgz 5031ms (cache miss)
4250 http fetch GET 200 https://registry.npmjs.org/mdn-data/-/mdn-data-2.0.14.tgz 5032ms (cache miss)
4251 http fetch GET 200 https://registry.npmjs.org/svgo/-/svgo-2.8.0.tgz 5040ms (cache miss)
4252 http fetch GET 200 https://registry.npmjs.org/p-limit/-/p-limit-2.3.0.tgz 5039ms (cache miss)
4253 http fetch GET 200 https://registry.npmjs.org/css-tree/-/css-tree-1.1.3.tgz 5047ms (cache miss)
4254 http fetch GET 200 https://registry.npmjs.org/p-locate/-/p-locate-4.1.0.tgz 5049ms (cache miss)
4255 http fetch GET 200 https://registry.npmjs.org/find-up/-/find-up-4.1.0.tgz 5057ms (cache miss)
4256 http fetch GET 200 https://registry.npmjs.org/whatwg-url/-/whatwg-url-5.0.0.tgz 5066ms (cache miss)
4257 http fetch GET 200 https://registry.npmjs.org/json-schema-traverse/-/json-schema-traverse-1.0.0.tgz 5067ms (cache miss)
4258 http fetch GET 200 https://registry.npmjs.org/tr46/-/tr46-0.0.3.tgz 5069ms (cache miss)
4259 http fetch GET 200 https://registry.npmjs.org/locate-path/-/locate-path-5.0.0.tgz 5069ms (cache miss)
4260 http fetch GET 200 https://registry.npmjs.org/supports-color/-/supports-color-8.1.1.tgz 5068ms (cache miss)
4261 http fetch GET 200 https://registry.npmjs.org/has-flag/-/has-flag-4.0.0.tgz 5068ms (cache miss)
4262 http fetch GET 200 https://registry.npmjs.org/string_decoder/-/string_decoder-1.1.1.tgz 5069ms (cache miss)
4263 http fetch GET 200 https://registry.npmjs.org/webidl-conversions/-/webidl-conversions-3.0.1.tgz 5070ms (cache miss)
4264 http fetch GET 200 https://registry.npmjs.org/semver/-/semver-6.3.0.tgz 5070ms (cache miss)
4265 http fetch GET 200 https://registry.npmjs.org/schema-utils/-/schema-utils-4.0.0.tgz 5071ms (cache miss)
4266 http fetch GET 200 https://registry.npmjs.org/supports-color/-/supports-color-7.2.0.tgz 5073ms (cache miss)
4267 http fetch GET 200 https://registry.npmjs.org/ajv-keywords/-/ajv-keywords-5.1.0.tgz 5087ms (cache miss)
4268 http fetch GET 200 https://registry.npmjs.org/readable-stream/-/readable-stream-2.3.7.tgz 5088ms (cache miss)
4269 http fetch GET 200 https://registry.npmjs.org/color-name/-/color-name-1.1.4.tgz 5094ms (cache miss)
4270 http fetch GET 200 https://registry.npmjs.org/color-convert/-/color-convert-2.0.1.tgz 5097ms (cache miss)
4271 http fetch GET 200 https://registry.npmjs.org/supports-color/-/supports-color-7.2.0.tgz 5102ms (cache miss)
4272 http fetch GET 200 https://registry.npmjs.org/has-flag/-/has-flag-4.0.0.tgz 5103ms (cache miss)
4273 http fetch GET 200 https://registry.npmjs.org/color-name/-/color-name-1.1.4.tgz 5104ms (cache miss)
4274 http fetch GET 200 https://registry.npmjs.org/chalk/-/chalk-4.1.2.tgz 5105ms (cache miss)
4275 http fetch GET 200 https://registry.npmjs.org/strip-ansi/-/strip-ansi-7.0.1.tgz 5117ms (cache miss)
4276 http fetch GET 200 https://registry.npmjs.org/ansi-styles/-/ansi-styles-4.3.0.tgz 5119ms (cache miss)
4277 http fetch GET 200 https://registry.npmjs.org/has-flag/-/has-flag-4.0.0.tgz 5118ms (cache miss)
4278 http fetch GET 200 https://registry.npmjs.org/chalk/-/chalk-4.1.2.tgz 5118ms (cache miss)
4279 http fetch GET 200 https://registry.npmjs.org/slash/-/slash-4.0.0.tgz 5118ms (cache miss)
4280 http fetch GET 200 https://registry.npmjs.org/color-convert/-/color-convert-2.0.1.tgz 5118ms (cache miss)
4281 http fetch GET 200 https://registry.npmjs.org/ansi-styles/-/ansi-styles-4.3.0.tgz 5118ms (cache miss)
4282 http fetch GET 200 https://registry.npmjs.org/string-length/-/string-length-5.0.1.tgz 5118ms (cache miss)
4283 http fetch GET 200 https://registry.npmjs.org/ansi-regex/-/ansi-regex-6.0.1.tgz 5119ms (cache miss)
4284 http fetch GET 200 https://registry.npmjs.org/char-regex/-/char-regex-2.0.1.tgz 5123ms (cache miss)
4285 http fetch GET 200 https://registry.npmjs.org/color-name/-/color-name-1.1.4.tgz 5131ms (cache miss)
4286 http fetch GET 200 https://registry.npmjs.org/has-flag/-/has-flag-4.0.0.tgz 5138ms (cache miss)
4287 http fetch GET 200 https://registry.npmjs.org/has-flag/-/has-flag-4.0.0.tgz 5138ms (cache miss)
4288 http fetch GET 200 https://registry.npmjs.org/ansi-styles/-/ansi-styles-4.3.0.tgz 5139ms (cache miss)
4289 http fetch GET 200 https://registry.npmjs.org/chalk/-/chalk-4.1.2.tgz 5139ms (cache miss)
4290 http fetch GET 200 https://registry.npmjs.org/color-convert/-/color-convert-2.0.1.tgz 5139ms (cache miss)
4291 http fetch GET 200 https://registry.npmjs.org/chalk/-/chalk-4.1.2.tgz 5139ms (cache miss)
4292 http fetch GET 200 https://registry.npmjs.org/supports-color/-/supports-color-7.2.0.tgz 5139ms (cache miss)
4293 http fetch GET 200 https://registry.npmjs.org/color-convert/-/color-convert-2.0.1.tgz 5138ms (cache miss)
4294 http fetch GET 200 https://registry.npmjs.org/supports-color/-/supports-color-7.2.0.tgz 5141ms (cache miss)
4295 http fetch GET 200 https://registry.npmjs.org/has-flag/-/has-flag-4.0.0.tgz 5140ms (cache miss)
4296 http fetch GET 200 https://registry.npmjs.org/supports-color/-/supports-color-7.2.0.tgz 5140ms (cache miss)
4297 http fetch GET 200 https://registry.npmjs.org/ajv/-/ajv-8.10.0.tgz 5147ms (cache miss)
4298 http fetch GET 200 https://registry.npmjs.org/color-convert/-/color-convert-2.0.1.tgz 5145ms (cache miss)
4299 http fetch GET 200 https://registry.npmjs.org/ansi-styles/-/ansi-styles-4.3.0.tgz 5151ms (cache miss)
4300 http fetch GET 200 https://registry.npmjs.org/color-name/-/color-name-1.1.4.tgz 5155ms (cache miss)
4301 http fetch GET 200 https://registry.npmjs.org/chalk/-/chalk-4.1.2.tgz 5166ms (cache miss)
4302 http fetch GET 200 https://registry.npmjs.org/chalk/-/chalk-4.1.2.tgz 5173ms (cache miss)
4303 http fetch GET 200 https://registry.npmjs.org/supports-color/-/supports-color-7.2.0.tgz 5174ms (cache miss)
4304 http fetch GET 200 https://registry.npmjs.org/color-name/-/color-name-1.1.4.tgz 5176ms (cache miss)
4305 http fetch GET 200 https://registry.npmjs.org/ansi-styles/-/ansi-styles-4.3.0.tgz 5176ms (cache miss)
4306 http fetch GET 200 https://registry.npmjs.org/color-name/-/color-name-1.1.4.tgz 5175ms (cache miss)
4307 http fetch GET 200 https://registry.npmjs.org/has-flag/-/has-flag-4.0.0.tgz 5176ms (cache miss)
4308 http fetch GET 200 https://registry.npmjs.org/has-flag/-/has-flag-4.0.0.tgz 5176ms (cache miss)
4309 http fetch GET 200 https://registry.npmjs.org/color-convert/-/color-convert-2.0.1.tgz 5182ms (cache miss)
4310 http fetch GET 200 https://registry.npmjs.org/color-name/-/color-name-1.1.4.tgz 5181ms (cache miss)
4311 http fetch GET 200 https://registry.npmjs.org/color-convert/-/color-convert-2.0.1.tgz 5183ms (cache miss)
4312 http fetch GET 200 https://registry.npmjs.org/ansi-styles/-/ansi-styles-4.3.0.tgz 5183ms (cache miss)
4313 http fetch GET 200 https://registry.npmjs.org/ansi-styles/-/ansi-styles-4.3.0.tgz 5184ms (cache miss)
4314 http fetch GET 200 https://registry.npmjs.org/supports-color/-/supports-color-7.2.0.tgz 5188ms (cache miss)
4315 http fetch GET 200 https://registry.npmjs.org/supports-color/-/supports-color-7.2.0.tgz 5194ms (cache miss)
4316 http fetch GET 200 https://registry.npmjs.org/has-flag/-/has-flag-4.0.0.tgz 5204ms (cache miss)
4317 http fetch GET 200 https://registry.npmjs.org/color-name/-/color-name-1.1.4.tgz 5230ms (cache miss)
4318 http fetch GET 200 https://registry.npmjs.org/color-name/-/color-name-1.1.4.tgz 5230ms (cache miss)
4319 http fetch GET 200 https://registry.npmjs.org/color-name/-/color-name-1.1.4.tgz 5230ms (cache miss)
4320 http fetch GET 200 https://registry.npmjs.org/ansi-styles/-/ansi-styles-4.3.0.tgz 5230ms (cache miss)
4321 http fetch GET 200 https://registry.npmjs.org/color-convert/-/color-convert-2.0.1.tgz 5231ms (cache miss)
4322 http fetch GET 200 https://registry.npmjs.org/color-convert/-/color-convert-2.0.1.tgz 5230ms (cache miss)
4323 http fetch GET 200 https://registry.npmjs.org/chalk/-/chalk-4.1.2.tgz 5230ms (cache miss)
4324 http fetch GET 200 https://registry.npmjs.org/has-flag/-/has-flag-4.0.0.tgz 5230ms (cache miss)
4325 http fetch GET 200 https://registry.npmjs.org/color-convert/-/color-convert-2.0.1.tgz 5230ms (cache miss)
4326 http fetch GET 200 https://registry.npmjs.org/has-flag/-/has-flag-4.0.0.tgz 5230ms (cache miss)
4327 http fetch GET 200 https://registry.npmjs.org/supports-color/-/supports-color-7.2.0.tgz 5230ms (cache miss)
4328 http fetch GET 200 https://registry.npmjs.org/chalk/-/chalk-4.1.2.tgz 5230ms (cache miss)
4329 http fetch GET 200 https://registry.npmjs.org/chalk/-/chalk-4.1.2.tgz 5230ms (cache miss)
4330 http fetch GET 200 https://registry.npmjs.org/chalk/-/chalk-4.1.2.tgz 5231ms (cache miss)
4331 http fetch GET 200 https://registry.npmjs.org/ansi-styles/-/ansi-styles-4.3.0.tgz 5261ms (cache miss)
4332 http fetch GET 200 https://registry.npmjs.org/ansi-styles/-/ansi-styles-4.3.0.tgz 5262ms (cache miss)
4333 http fetch GET 200 https://registry.npmjs.org/ansi-styles/-/ansi-styles-4.3.0.tgz 5262ms (cache miss)
4334 http fetch GET 200 https://registry.npmjs.org/supports-color/-/supports-color-7.2.0.tgz 5262ms (cache miss)
4335 http fetch GET 200 https://registry.npmjs.org/color-name/-/color-name-1.1.4.tgz 5262ms (cache miss)
4336 http fetch GET 200 https://registry.npmjs.org/has-flag/-/has-flag-4.0.0.tgz 5262ms (cache miss)
4337 http fetch GET 200 https://registry.npmjs.org/color-convert/-/color-convert-2.0.1.tgz 5264ms (cache miss)
4338 http fetch GET 200 https://registry.npmjs.org/supports-color/-/supports-color-7.2.0.tgz 5263ms (cache miss)
4339 http fetch GET 200 https://registry.npmjs.org/chalk/-/chalk-4.1.2.tgz 5264ms (cache miss)
4340 http fetch GET 200 https://registry.npmjs.org/has-flag/-/has-flag-4.0.0.tgz 5264ms (cache miss)
4341 http fetch GET 200 https://registry.npmjs.org/supports-color/-/supports-color-7.2.0.tgz 5265ms (cache miss)
4342 http fetch GET 200 https://registry.npmjs.org/color-name/-/color-name-1.1.4.tgz 5264ms (cache miss)
4343 http fetch GET 200 https://registry.npmjs.org/chalk/-/chalk-4.1.2.tgz 5264ms (cache miss)
4344 http fetch GET 200 https://registry.npmjs.org/color-convert/-/color-convert-2.0.1.tgz 5265ms (cache miss)
4345 http fetch GET 200 https://registry.npmjs.org/supports-color/-/supports-color-7.2.0.tgz 5268ms (cache miss)
4346 http fetch GET 200 https://registry.npmjs.org/chalk/-/chalk-4.1.2.tgz 5295ms (cache miss)
4347 http fetch GET 200 https://registry.npmjs.org/color-name/-/color-name-1.1.4.tgz 5295ms (cache miss)
4348 http fetch GET 200 https://registry.npmjs.org/has-flag/-/has-flag-4.0.0.tgz 5295ms (cache miss)
4349 http fetch GET 200 https://registry.npmjs.org/color-convert/-/color-convert-2.0.1.tgz 5295ms (cache miss)
4350 http fetch GET 200 https://registry.npmjs.org/ansi-styles/-/ansi-styles-4.3.0.tgz 5298ms (cache miss)
4351 http fetch GET 200 https://registry.npmjs.org/ansi-styles/-/ansi-styles-4.3.0.tgz 5298ms (cache miss)
4352 http fetch GET 200 https://registry.npmjs.org/supports-color/-/supports-color-7.2.0.tgz 5297ms (cache miss)
4353 http fetch GET 200 https://registry.npmjs.org/ansi-styles/-/ansi-styles-4.3.0.tgz 5297ms (cache miss)
4354 http fetch GET 200 https://registry.npmjs.org/supports-color/-/supports-color-7.2.0.tgz 5299ms (cache miss)
4355 http fetch GET 200 https://registry.npmjs.org/has-flag/-/has-flag-4.0.0.tgz 5300ms (cache miss)
4356 http fetch GET 200 https://registry.npmjs.org/color-convert/-/color-convert-2.0.1.tgz 5300ms (cache miss)
4357 http fetch GET 200 https://registry.npmjs.org/chalk/-/chalk-4.1.2.tgz 5302ms (cache miss)
4358 http fetch GET 200 https://registry.npmjs.org/color-name/-/color-name-1.1.4.tgz 5303ms (cache miss)
4359 http fetch GET 200 https://registry.npmjs.org/has-flag/-/has-flag-4.0.0.tgz 5304ms (cache miss)
4360 http fetch GET 200 https://registry.npmjs.org/color-convert/-/color-convert-2.0.1.tgz 5316ms (cache miss)
4361 http fetch GET 200 https://registry.npmjs.org/color-name/-/color-name-1.1.4.tgz 5324ms (cache miss)
4362 http fetch GET 200 https://registry.npmjs.org/chalk/-/chalk-4.1.2.tgz 5329ms (cache miss)
4363 http fetch GET 200 https://registry.npmjs.org/ansi-styles/-/ansi-styles-4.3.0.tgz 5325ms (cache miss)
4364 http fetch GET 200 https://registry.npmjs.org/supports-color/-/supports-color-7.2.0.tgz 5329ms (cache miss)
4365 http fetch GET 200 https://registry.npmjs.org/chalk/-/chalk-4.1.2.tgz 5329ms (cache miss)
4366 http fetch GET 200 https://registry.npmjs.org/has-flag/-/has-flag-4.0.0.tgz 5329ms (cache miss)
4367 http fetch GET 200 https://registry.npmjs.org/color-name/-/color-name-1.1.4.tgz 5329ms (cache miss)
4368 http fetch GET 200 https://registry.npmjs.org/ansi-styles/-/ansi-styles-4.3.0.tgz 5335ms (cache miss)
4369 http fetch GET 200 https://registry.npmjs.org/color-convert/-/color-convert-2.0.1.tgz 5336ms (cache miss)
4370 http fetch GET 200 https://registry.npmjs.org/async/-/async-0.9.2.tgz 5336ms (cache miss)
4371 http fetch GET 200 https://registry.npmjs.org/has-flag/-/has-flag-4.0.0.tgz 5336ms (cache miss)
4372 http fetch GET 200 https://registry.npmjs.org/semver/-/semver-6.3.0.tgz 5335ms (cache miss)
4373 http fetch GET 200 https://registry.npmjs.org/supports-color/-/supports-color-7.2.0.tgz 5339ms (cache miss)
4374 http fetch GET 200 https://registry.npmjs.org/source-map/-/source-map-0.6.1.tgz 5339ms (cache miss)
4375 http fetch GET 200 https://registry.npmjs.org/string_decoder/-/string_decoder-1.1.1.tgz 5354ms (cache miss)
4376 http fetch GET 200 https://registry.npmjs.org/which/-/which-1.3.1.tgz 5359ms (cache miss)
4377 http fetch GET 200 https://registry.npmjs.org/supports-color/-/supports-color-7.2.0.tgz 5363ms (cache miss)
4378 http fetch GET 200 https://registry.npmjs.org/readable-stream/-/readable-stream-2.3.7.tgz 5364ms (cache miss)
4379 http fetch GET 200 https://registry.npmjs.org/has-flag/-/has-flag-4.0.0.tgz 5372ms (cache miss)
4380 http fetch GET 200 https://registry.npmjs.org/color-name/-/color-name-1.1.4.tgz 5372ms (cache miss)
4381 http fetch GET 200 https://registry.npmjs.org/tapable/-/tapable-1.1.3.tgz 5372ms (cache miss)
4382 http fetch GET 200 https://registry.npmjs.org/resolve-from/-/resolve-from-4.0.0.tgz 5372ms (cache miss)
4383 http fetch GET 200 https://registry.npmjs.org/color-convert/-/color-convert-2.0.1.tgz 5372ms (cache miss)
4384 http fetch GET 200 https://registry.npmjs.org/chalk/-/chalk-4.1.2.tgz 5371ms (cache miss)
4385 http fetch GET 200 https://registry.npmjs.org/schema-utils/-/schema-utils-2.7.0.tgz 5375ms (cache miss)
4386 http fetch GET 200 https://registry.npmjs.org/cosmiconfig/-/cosmiconfig-6.0.0.tgz 5376ms (cache miss)
4387 http fetch GET 200 https://registry.npmjs.org/fs-extra/-/fs-extra-9.1.0.tgz 5377ms (cache miss)
4388 http fetch GET 200 https://registry.npmjs.org/ansi-styles/-/ansi-styles-4.3.0.tgz 5376ms (cache miss)
4389 http fetch GET 200 https://registry.npmjs.org/debug/-/debug-2.6.9.tgz 5379ms (cache miss)
4390 http fetch GET 200 https://registry.npmjs.org/ms/-/ms-2.0.0.tgz 5387ms (cache miss)
4391 http fetch GET 200 https://registry.npmjs.org/ms/-/ms-2.0.0.tgz 5397ms (cache miss)
4392 http fetch GET 200 https://registry.npmjs.org/safe-buffer/-/safe-buffer-5.2.1.tgz 5397ms (cache miss)
4393 http fetch GET 200 https://registry.npmjs.org/glob-parent/-/glob-parent-5.1.2.tgz 5397ms (cache miss)
4394 http fetch GET 200 https://registry.npmjs.org/ms/-/ms-2.0.0.tgz 5408ms (cache miss)
4395 http fetch GET 200 https://registry.npmjs.org/eslint-visitor-keys/-/eslint-visitor-keys-2.1.0.tgz 5410ms (cache miss)
4396 http fetch GET 200 https://registry.npmjs.org/path-exists/-/path-exists-3.0.0.tgz 5409ms (cache miss)
4397 http fetch GET 200 https://registry.npmjs.org/debug/-/debug-2.6.9.tgz 5412ms (cache miss)
4398 http fetch GET 200 https://registry.npmjs.org/semver/-/semver-6.3.0.tgz 5412ms (cache miss)
4399 http fetch GET 200 https://registry.npmjs.org/array-flatten/-/array-flatten-1.1.1.tgz 5414ms (cache miss)
4400 http fetch GET 200 https://registry.npmjs.org/doctrine/-/doctrine-2.1.0.tgz 5414ms (cache miss)
4401 http fetch GET 200 https://registry.npmjs.org/p-try/-/p-try-1.0.0.tgz 5414ms (cache miss)
4402 http fetch GET 200 https://registry.npmjs.org/debug/-/debug-2.6.9.tgz 5414ms (cache miss)
4403 http fetch GET 200 https://registry.npmjs.org/doctrine/-/doctrine-2.1.0.tgz 5420ms (cache miss)
4404 http fetch GET 200 https://registry.npmjs.org/resolve/-/resolve-2.0.0-next.3.tgz 5424ms (cache miss)
4405 http fetch GET 200 https://registry.npmjs.org/p-locate/-/p-locate-2.0.0.tgz 5425ms (cache miss)
4406 http fetch GET 200 https://registry.npmjs.org/p-limit/-/p-limit-1.3.0.tgz 5427ms (cache miss)
4407 http fetch GET 200 https://registry.npmjs.org/find-up/-/find-up-2.1.0.tgz 5434ms (cache miss)
4408 http fetch GET 200 https://registry.npmjs.org/debug/-/debug-3.2.7.tgz 5434ms (cache miss)
4409 http fetch GET 200 https://registry.npmjs.org/supports-color/-/supports-color-7.2.0.tgz 5441ms (cache miss)
4410 http fetch GET 200 https://registry.npmjs.org/locate-path/-/locate-path-2.0.0.tgz 5445ms (cache miss)
4411 http fetch GET 200 https://registry.npmjs.org/escape-string-regexp/-/escape-string-regexp-4.0.0.tgz 5447ms (cache miss)
4412 http fetch GET 200 https://registry.npmjs.org/has-flag/-/has-flag-4.0.0.tgz 5447ms (cache miss)
4413 http fetch GET 200 https://registry.npmjs.org/color-name/-/color-name-1.1.4.tgz 5447ms (cache miss)
4414 http fetch GET 200 https://registry.npmjs.org/globals/-/globals-13.12.1.tgz 5448ms (cache miss)
4415 http fetch GET 200 https://registry.npmjs.org/debug/-/debug-3.2.7.tgz 5449ms (cache miss)
4416 http fetch GET 200 https://registry.npmjs.org/color-convert/-/color-convert-2.0.1.tgz 5453ms (cache miss)
4417 http fetch GET 200 https://registry.npmjs.org/chalk/-/chalk-4.1.2.tgz 5456ms (cache miss)
4418 http fetch GET 200 https://registry.npmjs.org/js-yaml/-/js-yaml-4.1.0.tgz 5456ms (cache miss)
4419 http fetch GET 200 https://registry.npmjs.org/type-fest/-/type-fest-0.20.2.tgz 5458ms (cache miss)
4420 http fetch GET 200 https://registry.npmjs.org/prelude-ls/-/prelude-ls-1.1.2.tgz 5470ms (cache miss)
4421 http fetch GET 200 https://registry.npmjs.org/type-check/-/type-check-0.3.2.tgz 5470ms (cache miss)
4422 http fetch GET 200 https://registry.npmjs.org/argparse/-/argparse-2.0.1.tgz 5470ms (cache miss)
4423 http fetch GET 200 https://registry.npmjs.org/ansi-styles/-/ansi-styles-4.3.0.tgz 5475ms (cache miss)
4424 http fetch GET 200 https://registry.npmjs.org/ms/-/ms-2.0.0.tgz 5504ms (cache miss)
4425 http fetch GET 200 https://registry.npmjs.org/optionator/-/optionator-0.8.3.tgz 5506ms (cache miss)
4426 http fetch GET 200 https://registry.npmjs.org/webidl-conversions/-/webidl-conversions-5.0.0.tgz 5505ms (cache miss)
4427 http fetch GET 200 https://registry.npmjs.org/levn/-/levn-0.3.0.tgz 5505ms (cache miss)
4428 http fetch GET 200 https://registry.npmjs.org/source-map/-/source-map-0.6.1.tgz 5505ms (cache miss)
4429 http fetch GET 200 https://registry.npmjs.org/debug/-/debug-2.6.9.tgz 5506ms (cache miss)
4430 http fetch GET 200 https://registry.npmjs.org/cssom/-/cssom-0.3.8.tgz 5511ms (cache miss)
4431 http fetch GET 200 https://registry.npmjs.org/json-schema-traverse/-/json-schema-traverse-1.0.0.tgz 5512ms (cache miss)
4432 http fetch GET 200 https://registry.npmjs.org/mdn-data/-/mdn-data-2.0.14.tgz 5515ms (cache miss)
4433 http fetch GET 200 https://registry.npmjs.org/source-map/-/source-map-0.6.1.tgz 5518ms (cache miss)
4434 http fetch GET 200 https://registry.npmjs.org/source-map/-/source-map-0.6.1.tgz 5521ms (cache miss)
4435 http fetch GET 200 https://registry.npmjs.org/source-map/-/source-map-0.6.1.tgz 5522ms (cache miss)
4436 http fetch GET 200 https://registry.npmjs.org/css-tree/-/css-tree-1.1.3.tgz 5547ms (cache miss)
4437 http fetch GET 200 https://registry.npmjs.org/ajv-keywords/-/ajv-keywords-5.1.0.tgz 5548ms (cache miss)
4438 http fetch GET 200 https://registry.npmjs.org/safe-buffer/-/safe-buffer-5.2.1.tgz 5548ms (cache miss)
4439 http fetch GET 200 https://registry.npmjs.org/glob-parent/-/glob-parent-5.1.2.tgz 5556ms (cache miss)
4440 http fetch GET 200 https://registry.npmjs.org/ms/-/ms-2.0.0.tgz 5565ms (cache miss)
4441 http fetch GET 200 https://registry.npmjs.org/semver/-/semver-6.3.0.tgz 5565ms (cache miss)
4442 http fetch GET 200 https://registry.npmjs.org/schema-utils/-/schema-utils-4.0.0.tgz 5567ms (cache miss)
4443 http fetch GET 200 https://registry.npmjs.org/ms/-/ms-2.0.0.tgz 5567ms (cache miss)
4444 http fetch GET 200 https://registry.npmjs.org/supports-color/-/supports-color-7.2.0.tgz 5566ms (cache miss)
4445 http fetch GET 200 https://registry.npmjs.org/loader-utils/-/loader-utils-1.4.0.tgz 5566ms (cache miss)
4446 http fetch GET 200 https://registry.npmjs.org/debug/-/debug-2.6.9.tgz 5568ms (cache miss)
4447 http fetch GET 200 https://registry.npmjs.org/debug/-/debug-2.6.9.tgz 5568ms (cache miss)
4448 http fetch GET 200 https://registry.npmjs.org/schema-utils/-/schema-utils-2.7.1.tgz 5571ms (cache miss)
4449 http fetch GET 200 https://registry.npmjs.org/source-map/-/source-map-0.6.1.tgz 5575ms (cache miss)
4450 http fetch GET 200 https://registry.npmjs.org/bytes/-/bytes-3.1.2.tgz 5576ms (cache miss)
4451 http fetch GET 200 https://registry.npmjs.org/iconv-lite/-/iconv-lite-0.4.24.tgz 5578ms (cache miss)
4452 http fetch GET 200 https://registry.npmjs.org/semver/-/semver-7.0.0.tgz 5579ms (cache miss)
4453 http fetch GET 200 https://registry.npmjs.org/source-map/-/source-map-0.6.1.tgz 5580ms (cache miss)
4454 http fetch GET 200 https://registry.npmjs.org/color-convert/-/color-convert-2.0.1.tgz 5589ms (cache miss)
4455 http fetch GET 200 https://registry.npmjs.org/json5/-/json5-1.0.1.tgz 5589ms (cache miss)
4456 http fetch GET 200 https://registry.npmjs.org/json-schema-traverse/-/json-schema-traverse-1.0.0.tgz 5591ms (cache miss)
4457 http fetch GET 200 https://registry.npmjs.org/has-flag/-/has-flag-4.0.0.tgz 5591ms (cache miss)
4458 http fetch GET 200 https://registry.npmjs.org/color-name/-/color-name-1.1.4.tgz 5596ms (cache miss)
4459 http fetch GET 200 https://registry.npmjs.org/ansi-styles/-/ansi-styles-4.3.0.tgz 5596ms (cache miss)
4460 http fetch GET 200 https://registry.npmjs.org/chalk/-/chalk-4.1.2.tgz 5596ms (cache miss)
4461 http fetch GET 200 https://registry.npmjs.org/supports-color/-/supports-color-7.2.0.tgz 5596ms (cache miss)
4462 http fetch GET 200 https://registry.npmjs.org/eslint-scope/-/eslint-scope-5.1.1.tgz 5598ms (cache miss)
4463 http fetch GET 200 https://registry.npmjs.org/estraverse/-/estraverse-4.3.0.tgz 5603ms (cache miss)
4464 http fetch GET 200 https://registry.npmjs.org/has-flag/-/has-flag-4.0.0.tgz 5611ms (cache miss)
4465 http fetch GET 200 https://registry.npmjs.org/acorn/-/acorn-7.4.1.tgz 5611ms (cache miss)
4466 http fetch GET 200 https://registry.npmjs.org/acorn/-/acorn-7.4.1.tgz 5612ms (cache miss)
4467 http fetch GET 200 https://registry.npmjs.org/chalk/-/chalk-3.0.0.tgz 5614ms (cache miss)
4468 http fetch GET 200 https://registry.npmjs.org/color-convert/-/color-convert-2.0.1.tgz 5624ms (cache miss)
4469 http fetch GET 200 https://registry.npmjs.org/ansi-styles/-/ansi-styles-4.3.0.tgz 5624ms (cache miss)
4470 http fetch GET 200 https://registry.npmjs.org/color-name/-/color-name-1.1.4.tgz 5624ms (cache miss)
4471 http fetch GET 200 https://registry.npmjs.org/has-flag/-/has-flag-4.0.0.tgz 5627ms (cache miss)
4472 http fetch GET 200 https://registry.npmjs.org/color-convert/-/color-convert-2.0.1.tgz 5632ms (cache miss)
4473 http fetch GET 200 https://registry.npmjs.org/chalk/-/chalk-4.1.2.tgz 5632ms (cache miss)
4474 http fetch GET 200 https://registry.npmjs.org/ajv/-/ajv-8.10.0.tgz 5637ms (cache miss)
4475 http fetch GET 200 https://registry.npmjs.org/ansi-styles/-/ansi-styles-4.3.0.tgz 5643ms (cache miss)
4476 http fetch GET 200 https://registry.npmjs.org/supports-color/-/supports-color-7.2.0.tgz 5646ms (cache miss)
4477 http fetch GET 200 https://registry.npmjs.org/supports-color/-/supports-color-7.2.0.tgz 5646ms (cache miss)
4478 http fetch GET 200 https://registry.npmjs.org/color-name/-/color-name-1.1.4.tgz 5646ms (cache miss)
4479 http fetch GET 200 https://registry.npmjs.org/color-name/-/color-name-1.1.4.tgz 5655ms (cache miss)
4480 http fetch GET 200 https://registry.npmjs.org/source-map/-/source-map-0.7.3.tgz 5657ms (cache miss)
4481 http fetch GET 200 https://registry.npmjs.org/color-convert/-/color-convert-2.0.1.tgz 5660ms (cache miss)
4482 http fetch GET 200 https://registry.npmjs.org/chalk/-/chalk-4.1.2.tgz 5660ms (cache miss)
4483 http fetch GET 200 https://registry.npmjs.org/has-flag/-/has-flag-4.0.0.tgz 5659ms (cache miss)
4484 http fetch GET 200 https://registry.npmjs.org/ansi-styles/-/ansi-styles-4.3.0.tgz 5663ms (cache miss)
4485 http fetch GET 200 https://registry.npmjs.org/supports-color/-/supports-color-7.2.0.tgz 5665ms (cache miss)
4486 http fetch GET 200 https://registry.npmjs.org/has-flag/-/has-flag-4.0.0.tgz 5666ms (cache miss)
4487 http fetch GET 200 https://registry.npmjs.org/color-name/-/color-name-1.1.4.tgz 5667ms (cache miss)
4488 http fetch GET 200 https://registry.npmjs.org/source-map/-/source-map-0.6.1.tgz 5679ms (cache miss)
4489 http fetch GET 200 https://registry.npmjs.org/color-convert/-/color-convert-2.0.1.tgz 5684ms (cache miss)
4490 http fetch GET 200 https://registry.npmjs.org/supports-color/-/supports-color-7.2.0.tgz 5687ms (cache miss)
4491 http fetch GET 200 https://registry.npmjs.org/ansi-styles/-/ansi-styles-4.3.0.tgz 5690ms (cache miss)
4492 http fetch GET 200 https://registry.npmjs.org/chalk/-/chalk-4.1.2.tgz 5690ms (cache miss)
4493 http fetch GET 200 https://registry.npmjs.org/color-name/-/color-name-1.1.4.tgz 5694ms (cache miss)
4494 http fetch GET 200 https://registry.npmjs.org/has-flag/-/has-flag-4.0.0.tgz 5695ms (cache miss)
4495 http fetch GET 200 https://registry.npmjs.org/source-map/-/source-map-0.6.1.tgz 5696ms (cache miss)
4496 http fetch GET 200 https://registry.npmjs.org/color-convert/-/color-convert-2.0.1.tgz 5697ms (cache miss)
4497 http fetch GET 200 https://registry.npmjs.org/has-flag/-/has-flag-4.0.0.tgz 5697ms (cache miss)
4498 http fetch GET 200 https://registry.npmjs.org/chalk/-/chalk-4.1.2.tgz 5697ms (cache miss)
4499 http fetch GET 200 https://registry.npmjs.org/supports-color/-/supports-color-7.2.0.tgz 5697ms (cache miss)
4500 http fetch GET 200 https://registry.npmjs.org/ajv/-/ajv-8.10.0.tgz 5702ms (cache miss)
4501 http fetch GET 200 https://registry.npmjs.org/aria-query/-/aria-query-5.0.0.tgz 5713ms (cache miss)
4502 http fetch GET 200 https://registry.npmjs.org/aria-query/-/aria-query-5.0.0.tgz 5712ms (cache miss)
4503 http fetch GET 200 https://registry.npmjs.org/color-name/-/color-name-1.1.4.tgz 5711ms (cache miss)
4504 http fetch GET 200 https://registry.npmjs.org/ansi-styles/-/ansi-styles-4.3.0.tgz 5714ms (cache miss)
4505 http fetch GET 200 https://registry.npmjs.org/color-convert/-/color-convert-2.0.1.tgz 5721ms (cache miss)
4506 http fetch GET 200 https://registry.npmjs.org/chalk/-/chalk-4.1.2.tgz 5728ms (cache miss)
4507 http fetch GET 200 https://registry.npmjs.org/has-flag/-/has-flag-4.0.0.tgz 5728ms (cache miss)
4508 http fetch GET 200 https://registry.npmjs.org/color-name/-/color-name-1.1.4.tgz 5728ms (cache miss)
4509 http fetch GET 200 https://registry.npmjs.org/ansi-styles/-/ansi-styles-4.3.0.tgz 5730ms (cache miss)
4510 http fetch GET 200 https://registry.npmjs.org/supports-color/-/supports-color-7.2.0.tgz 5730ms (cache miss)
4511 http fetch GET 200 https://registry.npmjs.org/chalk/-/chalk-4.1.2.tgz 5736ms (cache miss)
4512 http fetch GET 200 https://registry.npmjs.org/p-locate/-/p-locate-4.1.0.tgz 5736ms (cache miss)
4513 http fetch GET 200 https://registry.npmjs.org/find-up/-/find-up-4.1.0.tgz 5737ms (cache miss)
4514 http fetch GET 200 https://registry.npmjs.org/color-convert/-/color-convert-2.0.1.tgz 5737ms (cache miss)
4515 http fetch GET 200 https://registry.npmjs.org/ansi-styles/-/ansi-styles-4.3.0.tgz 5737ms (cache miss)
4516 http fetch GET 200 https://registry.npmjs.org/p-limit/-/p-limit-2.3.0.tgz 5746ms (cache miss)
4517 http fetch GET 200 https://registry.npmjs.org/@types/estree/-/estree-0.0.39.tgz 5749ms (cache miss)
4518 http fetch GET 200 https://registry.npmjs.org/camelcase/-/camelcase-5.3.1.tgz 5746ms (cache miss)
4519 http fetch GET 200 https://registry.npmjs.org/whatwg-fetch/-/whatwg-fetch-2.0.4.tgz 5765ms (cache miss)
4520 http fetch GET 200 https://registry.npmjs.org/locate-path/-/locate-path-5.0.0.tgz 5775ms (cache miss)
4521 http fetch GET 200 https://registry.npmjs.org/globals/-/globals-13.12.1.tgz 5774ms (cache miss)
4522 http fetch GET 200 https://registry.npmjs.org/argparse/-/argparse-2.0.1.tgz 5776ms (cache miss)
4523 http fetch GET 200 https://registry.npmjs.org/idb/-/idb-7.0.1.tgz 5778ms (cache miss)
4524 http fetch GET 200 https://registry.npmjs.org/idb/-/idb-7.0.1.tgz 5777ms (cache miss)
4525 http fetch GET 200 https://registry.npmjs.org/idb/-/idb-7.0.1.tgz 5778ms (cache miss)
4526 http fetch GET 200 https://registry.npmjs.org/source-map/-/source-map-0.6.1.tgz 5782ms (cache miss)
4527 http fetch GET 200 https://registry.npmjs.org/type-fest/-/type-fest-0.20.2.tgz 5780ms (cache miss)
4528 http fetch GET 200 https://registry.npmjs.org/js-yaml/-/js-yaml-4.1.0.tgz 5781ms (cache miss)
4529 http fetch GET 200 https://registry.npmjs.org/semver/-/semver-6.3.0.tgz 5782ms (cache miss)
4530 http fetch GET 200 https://registry.npmjs.org/semver/-/semver-6.3.0.tgz 5788ms (cache miss)
4531 http fetch GET 200 https://registry.npmjs.org/ignore/-/ignore-4.0.6.tgz 5788ms (cache miss)
4532 http fetch GET 200 https://registry.npmjs.org/semver/-/semver-6.3.0.tgz 5788ms (cache miss)
4533 http fetch GET 200 https://registry.npmjs.org/eslint-visitor-keys/-/eslint-visitor-keys-2.1.0.tgz 5806ms (cache miss)
4534 http fetch GET 200 https://registry.npmjs.org/semver/-/semver-6.3.0.tgz 5814ms (cache miss)
4535 http fetch GET 200 https://registry.npmjs.org/semver/-/semver-6.3.0.tgz 5813ms (cache miss)
4536 http fetch GET 200 https://registry.npmjs.org/estraverse/-/estraverse-4.3.0.tgz 5814ms (cache miss)
4537 http fetch GET 200 https://registry.npmjs.org/semver/-/semver-6.3.0.tgz 5815ms (cache miss)
4538 http fetch GET 200 https://registry.npmjs.org/semver 5564ms (cache miss)
4539 silly packumentCache corgi:https://registry.npmjs.org/semver set size:undefined disposed:false
4540 http fetch GET 200 https://registry.npmjs.org/eslint-scope/-/eslint-scope-5.1.1.tgz 5817ms (cache miss)
4541 http fetch GET 200 https://registry.npmjs.org/js-yaml 5569ms (cache miss)
4542 silly packumentCache corgi:https://registry.npmjs.org/js-yaml set size:undefined disposed:false
4543 http fetch GET 200 https://registry.npmjs.org/@babel%2fhelpers 5571ms (cache miss)
4544 silly packumentCache corgi:https://registry.npmjs.org/@babel%2fhelpers set size:undefined disposed:false
4545 http fetch GET 200 https://registry.npmjs.org/@babel%2ftraverse 5588ms (cache miss)
4546 silly packumentCache corgi:https://registry.npmjs.org/@babel%2ftraverse set size:undefined disposed:false
4547 http fetch GET 200 https://registry.npmjs.org/json5 5590ms (cache miss)
4548 silly packumentCache corgi:https://registry.npmjs.org/json5 set size:undefined disposed:false
4549 http fetch GET 200 https://registry.npmjs.org/async 5591ms (cache miss)
4550 silly packumentCache corgi:https://registry.npmjs.org/async set size:undefined disposed:false
4551 http fetch GET 200 https://registry.npmjs.org/@protobufjs%2futf8 5606ms (cache miss)
4552 silly packumentCache corgi:https://registry.npmjs.org/@protobufjs%2futf8 set size:undefined disposed:false
4553 http fetch GET 200 https://registry.npmjs.org/@tootallnate%2fonce 5607ms (cache miss)
4554 silly packumentCache corgi:https://registry.npmjs.org/@tootallnate%2fonce set size:undefined disposed:false
4555 http fetch GET 200 https://registry.npmjs.org/body-parser 5607ms (cache miss)
4556 silly packumentCache corgi:https://registry.npmjs.org/body-parser set size:undefined disposed:false
4557 http fetch GET 200 https://registry.npmjs.org/ajv 5610ms (cache miss)
4558 silly packumentCache corgi:https://registry.npmjs.org/ajv set size:undefined disposed:false
4559 http fetch GET 200 https://registry.npmjs.org/brace-expansion 5648ms (cache miss)
4560 silly packumentCache corgi:https://registry.npmjs.org/brace-expansion set size:undefined disposed:false
4561 http fetch GET 200 https://registry.npmjs.org/braces 5648ms (cache miss)
4562 silly packumentCache corgi:https://registry.npmjs.org/braces set size:undefined disposed:false
4563 http fetch GET 200 https://registry.npmjs.org/cookie 5654ms (cache miss)
4564 silly packumentCache corgi:https://registry.npmjs.org/cookie set size:undefined disposed:false
4565 http fetch GET 200 https://registry.npmjs.org/decode-uri-component 5654ms (cache miss)
4566 silly packumentCache corgi:https://registry.npmjs.org/decode-uri-component set size:undefined disposed:false
4567 http fetch GET 200 https://registry.npmjs.org/cross-spawn 5655ms (cache miss)
4568 silly packumentCache corgi:https://registry.npmjs.org/cross-spawn set size:undefined disposed:false
4569 http fetch GET 200 https://registry.npmjs.org/ejs 5655ms (cache miss)
4570 silly packumentCache corgi:https://registry.npmjs.org/ejs set size:undefined disposed:false
4571 http fetch GET 200 https://registry.npmjs.org/@babel%2fruntime-corejs3 5657ms (cache miss)
4572 silly packumentCache corgi:https://registry.npmjs.org/@babel%2fruntime-corejs3 set size:undefined disposed:false
4573 http fetch GET 200 https://registry.npmjs.org/@babel%2fplugin-transform-modules-systemjs 5659ms (cache miss)
4574 silly packumentCache corgi:https://registry.npmjs.org/@babel%2fplugin-transform-modules-systemjs set size:undefined disposed:false
4575 http fetch GET 200 https://registry.npmjs.org/@babel%2fruntime 5660ms (cache miss)
4576 silly packumentCache corgi:https://registry.npmjs.org/@babel%2fruntime set size:undefined disposed:false
4577 http fetch GET 200 https://registry.npmjs.org/express 5660ms (cache miss)
4578 silly packumentCache corgi:https://registry.npmjs.org/express set size:undefined disposed:false
4579 http fetch GET 200 https://registry.npmjs.org/@grpc%2fgrpc-js 5670ms (cache miss)
4580 silly packumentCache corgi:https://registry.npmjs.org/@grpc%2fgrpc-js set size:undefined disposed:false
4581 http fetch GET 200 https://registry.npmjs.org/loader-utils 5670ms (cache miss)
4582 silly packumentCache corgi:https://registry.npmjs.org/loader-utils set size:undefined disposed:false
4583 http fetch GET 200 https://registry.npmjs.org/form-data 5673ms (cache miss)
4584 silly packumentCache corgi:https://registry.npmjs.org/form-data set size:undefined disposed:false
4585 http fetch GET 200 https://registry.npmjs.org/ip 5700ms (cache miss)
4586 silly packumentCache corgi:https://registry.npmjs.org/ip set size:undefined disposed:false
4587 http fetch GET 200 https://registry.npmjs.org/minimist 5701ms (cache miss)
4588 silly packumentCache corgi:https://registry.npmjs.org/minimist set size:undefined disposed:false
4589 http fetch GET 200 https://registry.npmjs.org/lodash 5703ms (cache miss)
4590 silly packumentCache corgi:https://registry.npmjs.org/lodash set size:undefined disposed:false
4591 http fetch GET 200 https://registry.npmjs.org/follow-redirects 5705ms (cache miss)
4592 silly packumentCache corgi:https://registry.npmjs.org/follow-redirects set size:undefined disposed:false
4593 http fetch GET 200 https://registry.npmjs.org/flatted 5707ms (cache miss)
4594 silly packumentCache corgi:https://registry.npmjs.org/flatted set size:undefined disposed:false
4595 http fetch GET 200 https://registry.npmjs.org/minimatch 5709ms (cache miss)
4596 silly packumentCache corgi:https://registry.npmjs.org/minimatch set size:undefined disposed:false
4597 http fetch GET 200 https://registry.npmjs.org/path-to-regexp 5711ms (cache miss)
4598 silly packumentCache corgi:https://registry.npmjs.org/path-to-regexp set size:undefined disposed:false
4599 http fetch GET 200 https://registry.npmjs.org/micromatch 5713ms (cache miss)
4600 silly packumentCache corgi:https://registry.npmjs.org/micromatch set size:undefined disposed:false
4601 http fetch GET 200 https://registry.npmjs.org/http-proxy-middleware 5714ms (cache miss)
4602 silly packumentCache corgi:https://registry.npmjs.org/http-proxy-middleware set size:undefined disposed:false
4603 http fetch GET 200 https://registry.npmjs.org/picomatch 5716ms (cache miss)
4604 silly packumentCache corgi:https://registry.npmjs.org/picomatch set size:undefined disposed:false
4605 http fetch GET 200 https://registry.npmjs.org/on-headers 5716ms (cache miss)
4606 silly packumentCache corgi:https://registry.npmjs.org/on-headers set size:undefined disposed:false
4607 http fetch GET 200 https://registry.npmjs.org/nanoid 5720ms (cache miss)
4608 silly packumentCache corgi:https://registry.npmjs.org/nanoid set size:undefined disposed:false
4609 http fetch GET 200 https://registry.npmjs.org/svgo 5738ms (cache miss)
4610 silly packumentCache corgi:https://registry.npmjs.org/svgo set size:undefined disposed:false
4611 http fetch GET 200 https://registry.npmjs.org/qs 5739ms (cache miss)
4612 silly packumentCache corgi:https://registry.npmjs.org/qs set size:undefined disposed:false
4613 http fetch GET 200 https://registry.npmjs.org/send 5742ms (cache miss)
4614 silly packumentCache corgi:https://registry.npmjs.org/send set size:undefined disposed:false
4615 http fetch GET 200 https://registry.npmjs.org/protobufjs 5748ms (cache miss)
4616 silly packumentCache corgi:https://registry.npmjs.org/protobufjs set size:undefined disposed:false
4617 http fetch GET 200 https://registry.npmjs.org/serialize-javascript 5759ms (cache miss)
4618 silly packumentCache corgi:https://registry.npmjs.org/serialize-javascript set size:undefined disposed:false
4619 http fetch GET 200 https://registry.npmjs.org/terser 5765ms (cache miss)
4620 silly packumentCache corgi:https://registry.npmjs.org/terser set size:undefined disposed:false
4621 http fetch GET 200 https://registry.npmjs.org/uuid 5776ms (cache miss)
4622 silly packumentCache corgi:https://registry.npmjs.org/uuid set size:undefined disposed:false
4623 http fetch GET 200 https://registry.npmjs.org/node-forge 5781ms (cache miss)
4624 silly packumentCache corgi:https://registry.npmjs.org/node-forge set size:undefined disposed:false
4625 http fetch GET 200 https://registry.npmjs.org/nth-check 5785ms (cache miss)
4626 silly packumentCache corgi:https://registry.npmjs.org/nth-check set size:undefined disposed:false
4627 http fetch GET 200 https://registry.npmjs.org/react-router 5785ms (cache miss)
4628 silly packumentCache corgi:https://registry.npmjs.org/react-router set size:undefined disposed:false
4629 http fetch GET 200 https://registry.npmjs.org/ws 5798ms (cache miss)
4630 silly packumentCache corgi:https://registry.npmjs.org/ws set size:undefined disposed:false
4631 http fetch GET 200 https://registry.npmjs.org/postcss 5802ms (cache miss)
4632 silly packumentCache corgi:https://registry.npmjs.org/postcss set size:undefined disposed:false
4633 http fetch GET 200 https://registry.npmjs.org/webpack-dev-server 5806ms (cache miss)
4634 silly packumentCache corgi:https://registry.npmjs.org/webpack-dev-server set size:undefined disposed:false
4635 http fetch GET 200 https://registry.npmjs.org/tmp 5813ms (cache miss)
4636 silly packumentCache corgi:https://registry.npmjs.org/tmp set size:undefined disposed:false
4637 http fetch GET 200 https://registry.npmjs.org/yaml 5821ms (cache miss)
4638 silly packumentCache corgi:https://registry.npmjs.org/yaml set size:undefined disposed:false
4639 http fetch GET 200 https://registry.npmjs.org/rollup 5826ms (cache miss)
4640 silly packumentCache corgi:https://registry.npmjs.org/rollup set size:undefined disposed:false
4641 http fetch GET 200 https://registry.npmjs.org/webpack 5841ms (cache miss)
4642 silly packumentCache corgi:https://registry.npmjs.org/webpack set size:undefined disposed:false
4643 http fetch GET 200 https://registry.npmjs.org/serve-static 5875ms (cache miss)
4644 silly packumentCache corgi:https://registry.npmjs.org/serve-static set size:undefined disposed:false
4645 http fetch GET 200 https://registry.npmjs.org/word-wrap 5876ms (cache miss)
4646 silly packumentCache corgi:https://registry.npmjs.org/word-wrap set size:undefined disposed:false
4647 http fetch GET 200 https://registry.npmjs.org/tough-cookie 5876ms (cache miss)
4648 silly packumentCache corgi:https://registry.npmjs.org/tough-cookie set size:undefined disposed:false
4649 http fetch GET 200 https://registry.npmjs.org/webpack-dev-middleware 5878ms (cache miss)
4650 silly packumentCache corgi:https://registry.npmjs.org/webpack-dev-middleware set size:undefined disposed:false
4651 http fetch GET 200 https://registry.npmjs.org/core-js/-/core-js-3.6.5.tgz 6150ms (cache miss)
4652 warn deprecated core-js@3.6.5: core-js@<3.23.3 is no longer maintained and not recommended for usage due to the number of issues. Because of the V8 engine whims, feature detection in old core-js versions could cause a slowdown up to 100x even if nothing is polyfilled. Some versions have web compatibility issues. Please, upgrade your dependencies to the actual version of core-js.
4653 info run core-js@3.21.1 postinstall node_modules/core-js node -e "try{require('./postinstall')}catch(e){}"
4654 info run core-js-pure@3.21.1 postinstall node_modules/core-js-pure node -e "try{require('./postinstall')}catch(e){}"
4655 info run protobufjs@6.11.3 postinstall node_modules/protobufjs node scripts/postinstall
4656 info run core-js@3.6.5 postinstall node_modules/@firebase/polyfill/node_modules/core-js node -e "try{require('./postinstall')}catch(e){}"
4657 http fetch GET 200 https://registry.npmjs.org/firebase 5925ms (cache miss)
4658 silly packumentCache corgi:https://registry.npmjs.org/firebase set size:undefined disposed:false
4659 info run protobufjs@6.11.3 postinstall { code: 0, signal: null }
4660 info run core-js-pure@3.21.1 postinstall { code: 0, signal: null }
4661 info run core-js@3.21.1 postinstall { code: 0, signal: null }
4662 info run core-js@3.6.5 postinstall { code: 0, signal: null }
4663 silly packumentCache corgi:https://registry.npmjs.org/core-js-compat cache-miss
4664 silly packumentCache corgi:https://registry.npmjs.org/@typescript-eslint%2feslint-plugin cache-miss
4665 silly packumentCache corgi:https://registry.npmjs.org/@typescript-eslint%2ftypescript-estree cache-miss
4666 silly packumentCache corgi:https://registry.npmjs.org/css-loader cache-miss
4667 silly packumentCache corgi:https://registry.npmjs.org/fork-ts-checker-webpack-plugin cache-miss
4668 silly packumentCache corgi:https://registry.npmjs.org/jest-snapshot cache-miss
4669 silly packumentCache corgi:https://registry.npmjs.org/postcss-loader cache-miss
4670 silly packumentCache corgi:https://registry.npmjs.org/react-scripts cache-miss
4671 http fetch GET 200 https://registry.npmjs.org/core-js-compat 40ms (cache miss)
4672 silly packumentCache corgi:https://registry.npmjs.org/core-js-compat set size:undefined disposed:false
4673 http fetch GET 200 https://registry.npmjs.org/css-loader 44ms (cache miss)
4674 silly packumentCache corgi:https://registry.npmjs.org/css-loader set size:undefined disposed:false
4675 http fetch GET 200 https://registry.npmjs.org/postcss-loader 46ms (cache miss)
4676 silly packumentCache corgi:https://registry.npmjs.org/postcss-loader set size:undefined disposed:false
4677 http fetch GET 200 https://registry.npmjs.org/fork-ts-checker-webpack-plugin 58ms (cache miss)
4678 silly packumentCache corgi:https://registry.npmjs.org/fork-ts-checker-webpack-plugin set size:undefined disposed:false
4679 http fetch GET 200 https://registry.npmjs.org/react-scripts 106ms (cache miss)
4680 silly packumentCache corgi:https://registry.npmjs.org/react-scripts set size:undefined disposed:false
4681 http fetch GET 200 https://registry.npmjs.org/jest-snapshot 131ms (cache miss)
4682 silly packumentCache corgi:https://registry.npmjs.org/jest-snapshot set size:undefined disposed:false
4683 http fetch GET 200 https://registry.npmjs.org/@typescript-eslint%2ftypescript-estree 258ms (cache miss)
4684 silly packumentCache corgi:https://registry.npmjs.org/@typescript-eslint%2ftypescript-estree set size:undefined disposed:false
4685 http fetch GET 200 https://registry.npmjs.org/@typescript-eslint%2feslint-plugin 332ms (cache miss)
4686 silly packumentCache corgi:https://registry.npmjs.org/@typescript-eslint%2feslint-plugin set size:undefined disposed:false
4687 silly packumentCache corgi:https://registry.npmjs.org/@babel%2fcore cache-miss
4688 silly packumentCache corgi:https://registry.npmjs.org/@babel%2feslint-parser cache-miss
4689 silly packumentCache corgi:https://registry.npmjs.org/@babel%2fhelper-compilation-targets cache-miss
4690 silly packumentCache corgi:https://registry.npmjs.org/@babel%2fhelper-define-polyfill-provider cache-miss
4691 silly packumentCache corgi:https://registry.npmjs.org/@babel%2fplugin-transform-runtime cache-miss
4692 silly packumentCache corgi:https://registry.npmjs.org/@babel%2fpreset-env cache-miss
4693 silly packumentCache corgi:https://registry.npmjs.org/babel-plugin-polyfill-corejs2 cache-miss
4694 silly packumentCache corgi:https://registry.npmjs.org/eslint-plugin-react cache-miss
4695 silly packumentCache corgi:https://registry.npmjs.org/istanbul-lib-instrument cache-miss
4696 silly packumentCache corgi:https://registry.npmjs.org/make-dir cache-miss
4697 http fetch GET 200 https://registry.npmjs.org/make-dir 41ms (cache miss)
4698 silly packumentCache corgi:https://registry.npmjs.org/make-dir set size:undefined disposed:false
4699 http fetch GET 200 https://registry.npmjs.org/istanbul-lib-instrument 42ms (cache miss)
4700 silly packumentCache corgi:https://registry.npmjs.org/istanbul-lib-instrument set size:undefined disposed:false
4701 http fetch GET 200 https://registry.npmjs.org/babel-plugin-polyfill-corejs2 43ms (cache miss)
4702 silly packumentCache corgi:https://registry.npmjs.org/babel-plugin-polyfill-corejs2 set size:undefined disposed:false
4703 http fetch GET 200 https://registry.npmjs.org/eslint-plugin-react 48ms (cache miss)
4704 silly packumentCache corgi:https://registry.npmjs.org/eslint-plugin-react set size:undefined disposed:false
4705 http fetch GET 200 https://registry.npmjs.org/@babel%2feslint-parser 51ms (cache miss)
4706 silly packumentCache corgi:https://registry.npmjs.org/@babel%2feslint-parser set size:undefined disposed:false
4707 http fetch GET 200 https://registry.npmjs.org/@babel%2fcore 57ms (cache miss)
4708 silly packumentCache corgi:https://registry.npmjs.org/@babel%2fcore set size:undefined disposed:false
4709 http fetch GET 200 https://registry.npmjs.org/@babel%2fplugin-transform-runtime 59ms (cache miss)
4710 silly packumentCache corgi:https://registry.npmjs.org/@babel%2fplugin-transform-runtime set size:undefined disposed:false
4711 http fetch GET 200 https://registry.npmjs.org/@babel%2fpreset-env 76ms (cache miss)
4712 silly packumentCache corgi:https://registry.npmjs.org/@babel%2fpreset-env set size:undefined disposed:false
4713 http fetch GET 200 https://registry.npmjs.org/@babel%2fhelper-define-polyfill-provider 129ms (cache miss)
4714 silly packumentCache corgi:https://registry.npmjs.org/@babel%2fhelper-define-polyfill-provider set size:undefined disposed:false
4715 http fetch GET 200 https://registry.npmjs.org/@babel%2fhelper-compilation-targets 198ms (cache miss)
4716 silly packumentCache corgi:https://registry.npmjs.org/@babel%2fhelper-compilation-targets set size:undefined disposed:false
4717 silly packumentCache corgi:https://registry.npmjs.org/@testing-library%2fdom cache-miss
4718 silly packumentCache corgi:https://registry.npmjs.org/@testing-library%2fjest-dom cache-miss
4719 silly packumentCache corgi:https://registry.npmjs.org/@testing-library%2freact cache-miss
4720 silly packumentCache corgi:https://registry.npmjs.org/@testing-library%2fuser-event cache-miss
4721 silly packumentCache corgi:https://registry.npmjs.org/aria-query cache-miss
4722 silly packumentCache corgi:https://registry.npmjs.org/babel-plugin-macros cache-miss
4723 silly packumentCache corgi:https://registry.npmjs.org/babel-preset-react-app cache-miss
4724 silly packumentCache corgi:https://registry.npmjs.org/eslint-plugin-jsx-a11y cache-miss
4725 silly packumentCache corgi:https://registry.npmjs.org/history cache-miss
4726 silly packumentCache corgi:https://registry.npmjs.org/regenerator-transform cache-miss
4727 silly packumentCache corgi:https://registry.npmjs.org/workbox-build cache-miss
4728 http fetch GET 200 https://registry.npmjs.org/regenerator-transform 41ms (cache miss)
4729 silly packumentCache corgi:https://registry.npmjs.org/regenerator-transform set size:undefined disposed:false
4730 http fetch GET 200 https://registry.npmjs.org/eslint-plugin-jsx-a11y 46ms (cache miss)
4731 silly packumentCache corgi:https://registry.npmjs.org/eslint-plugin-jsx-a11y set size:undefined disposed:false
4732 http fetch GET 200 https://registry.npmjs.org/babel-plugin-macros 49ms (cache miss)
4733 silly packumentCache corgi:https://registry.npmjs.org/babel-plugin-macros set size:undefined disposed:false
4734 http fetch GET 200 https://registry.npmjs.org/babel-preset-react-app 51ms (cache miss)
4735 silly packumentCache corgi:https://registry.npmjs.org/babel-preset-react-app set size:undefined disposed:false
4736 http fetch GET 200 https://registry.npmjs.org/aria-query 53ms (cache miss)
4737 silly packumentCache corgi:https://registry.npmjs.org/aria-query set size:undefined disposed:false
4738 http fetch GET 200 https://registry.npmjs.org/history 54ms (cache miss)
4739 silly packumentCache corgi:https://registry.npmjs.org/history set size:undefined disposed:false
4740 http fetch GET 200 https://registry.npmjs.org/@testing-library%2fuser-event 66ms (cache miss)
4741 silly packumentCache corgi:https://registry.npmjs.org/@testing-library%2fuser-event set size:undefined disposed:false
4742 http fetch GET 200 https://registry.npmjs.org/@testing-library%2fdom 79ms (cache miss)
4743 silly packumentCache corgi:https://registry.npmjs.org/@testing-library%2fdom set size:undefined disposed:false
4744 http fetch GET 200 https://registry.npmjs.org/@testing-library%2fjest-dom 114ms (cache miss)
4745 silly packumentCache corgi:https://registry.npmjs.org/@testing-library%2fjest-dom set size:undefined disposed:false
4746 http fetch GET 200 https://registry.npmjs.org/workbox-build 126ms (cache miss)
4747 silly packumentCache corgi:https://registry.npmjs.org/workbox-build set size:undefined disposed:false
4748 http fetch GET 200 https://registry.npmjs.org/@testing-library%2freact 270ms (cache miss)
4749 silly packumentCache corgi:https://registry.npmjs.org/@testing-library%2freact set size:undefined disposed:false
4750 silly packumentCache corgi:https://registry.npmjs.org/@babel%2fhelper-module-transforms cache-miss
4751 silly packumentCache corgi:https://registry.npmjs.org/@babel%2fhelper-replace-supers cache-miss
4752 silly packumentCache corgi:https://registry.npmjs.org/@babel%2fhelper-wrap-function cache-miss
4753 http fetch GET 200 https://registry.npmjs.org/@babel%2fhelper-module-transforms 71ms (cache miss)
4754 silly packumentCache corgi:https://registry.npmjs.org/@babel%2fhelper-module-transforms set size:undefined disposed:false
4755 http fetch GET 200 https://registry.npmjs.org/@babel%2fhelper-wrap-function 83ms (cache miss)
4756 silly packumentCache corgi:https://registry.npmjs.org/@babel%2fhelper-wrap-function set size:undefined disposed:false
4757 http fetch GET 200 https://registry.npmjs.org/@babel%2fhelper-replace-supers 86ms (cache miss)
4758 silly packumentCache corgi:https://registry.npmjs.org/@babel%2fhelper-replace-supers set size:undefined disposed:false
4759 silly packumentCache corgi:https://registry.npmjs.org/@istanbuljs%2fload-nyc-config cache-miss
4760 http fetch GET 200 https://registry.npmjs.org/@istanbuljs%2fload-nyc-config 135ms (cache miss)
4761 silly packumentCache corgi:https://registry.npmjs.org/@istanbuljs%2fload-nyc-config set size:undefined disposed:false
4762 silly packumentCache corgi:https://registry.npmjs.org/@eslint%2feslintrc cache-miss
4763 silly packumentCache corgi:https://registry.npmjs.org/eslint cache-miss
4764 http fetch GET 200 https://registry.npmjs.org/eslint 65ms (cache miss)
4765 silly packumentCache corgi:https://registry.npmjs.org/eslint set size:undefined disposed:false
4766 http fetch GET 200 https://registry.npmjs.org/@eslint%2feslintrc 125ms (cache miss)
4767 silly packumentCache corgi:https://registry.npmjs.org/@eslint%2feslintrc set size:undefined disposed:false
4768 silly packumentCache corgi:https://registry.npmjs.org/@firebase%2ffirestore cache-miss
4769 http fetch GET 200 https://registry.npmjs.org/@firebase%2ffirestore 436ms (cache miss)
4770 silly packumentCache corgi:https://registry.npmjs.org/@firebase%2ffirestore set size:undefined disposed:false
4771 silly packumentCache corgi:https://registry.npmjs.org/http-proxy-agent cache-miss
4772 http fetch GET 200 https://registry.npmjs.org/http-proxy-agent 32ms (cache miss)
4773 silly packumentCache corgi:https://registry.npmjs.org/http-proxy-agent set size:undefined disposed:false
4774 silly packumentCache corgi:https://registry.npmjs.org/ajv-keywords cache-miss
4775 silly packumentCache corgi:https://registry.npmjs.org/schema-utils cache-miss
4776 http fetch GET 200 https://registry.npmjs.org/schema-utils 41ms (cache miss)
4777 silly packumentCache corgi:https://registry.npmjs.org/schema-utils set size:undefined disposed:false
4778 http fetch GET 200 https://registry.npmjs.org/ajv-keywords 46ms (cache miss)
4779 silly packumentCache corgi:https://registry.npmjs.org/ajv-keywords set size:undefined disposed:false
4780 silly packumentCache corgi:https://registry.npmjs.org/ajv-formats cache-miss
4781 silly packumentCache corgi:https://registry.npmjs.org/@apideck%2fbetter-ajv-errors cache-miss
4782 http fetch GET 200 https://registry.npmjs.org/@apideck%2fbetter-ajv-errors 65ms (cache miss)
4783 silly packumentCache corgi:https://registry.npmjs.org/@apideck%2fbetter-ajv-errors set size:undefined disposed:false
4784 http fetch GET 200 https://registry.npmjs.org/ajv-formats 129ms (cache miss)
4785 silly packumentCache corgi:https://registry.npmjs.org/ajv-formats set size:undefined disposed:false
4786 silly packumentCache corgi:https://registry.npmjs.org/portfinder cache-miss
4787 http fetch GET 200 https://registry.npmjs.org/portfinder 110ms (cache miss)
4788 silly packumentCache corgi:https://registry.npmjs.org/portfinder set size:undefined disposed:false
4789 silly packumentCache corgi:https://registry.npmjs.org/jsdom cache-miss
4790 http fetch GET 200 https://registry.npmjs.org/jsdom 45ms (cache miss)
4791 silly packumentCache corgi:https://registry.npmjs.org/jsdom set size:undefined disposed:false
4792 silly packumentCache corgi:https://registry.npmjs.org/tsconfig-paths cache-miss
4793 http fetch GET 200 https://registry.npmjs.org/tsconfig-paths 79ms (cache miss)
4794 silly packumentCache corgi:https://registry.npmjs.org/tsconfig-paths set size:undefined disposed:false
4795 silly packumentCache corgi:https://registry.npmjs.org/@surma%2frollup-plugin-off-main-thread cache-miss
4796 http fetch GET 200 https://registry.npmjs.org/@surma%2frollup-plugin-off-main-thread 128ms (cache miss)
4797 silly packumentCache corgi:https://registry.npmjs.org/@surma%2frollup-plugin-off-main-thread set size:undefined disposed:false
4798 silly packumentCache corgi:https://registry.npmjs.org/react-dev-utils cache-miss
4799 http fetch GET 200 https://registry.npmjs.org/react-dev-utils 105ms (cache miss)
4800 silly packumentCache corgi:https://registry.npmjs.org/react-dev-utils set size:undefined disposed:false
4801 silly packumentCache corgi:https://registry.npmjs.org/@pmmmwh%2freact-refresh-webpack-plugin cache-miss
4802 silly packumentCache corgi:https://registry.npmjs.org/@svgr%2fwebpack cache-miss
4803 silly packumentCache corgi:https://registry.npmjs.org/adjust-sourcemap-loader cache-miss
4804 silly packumentCache corgi:https://registry.npmjs.org/file-loader cache-miss
4805 silly packumentCache corgi:https://registry.npmjs.org/resolve-url-loader cache-miss
4806 http fetch GET 200 https://registry.npmjs.org/resolve-url-loader 42ms (cache miss)
4807 silly packumentCache corgi:https://registry.npmjs.org/resolve-url-loader set size:undefined disposed:false
4808 http fetch GET 200 https://registry.npmjs.org/@pmmmwh%2freact-refresh-webpack-plugin 63ms (cache miss)
4809 silly packumentCache corgi:https://registry.npmjs.org/@pmmmwh%2freact-refresh-webpack-plugin set size:undefined disposed:false
4810 http fetch GET 200 https://registry.npmjs.org/adjust-sourcemap-loader 97ms (cache miss)
4811 silly packumentCache corgi:https://registry.npmjs.org/adjust-sourcemap-loader set size:undefined disposed:false
4812 http fetch GET 200 https://registry.npmjs.org/file-loader 98ms (cache miss)
4813 silly packumentCache corgi:https://registry.npmjs.org/file-loader set size:undefined disposed:false
4814 http fetch GET 200 https://registry.npmjs.org/@svgr%2fwebpack 131ms (cache miss)
4815 silly packumentCache corgi:https://registry.npmjs.org/@svgr%2fwebpack set size:undefined disposed:false
4816 silly packumentCache corgi:https://registry.npmjs.org/babel-loader cache-miss
4817 http fetch GET 200 https://registry.npmjs.org/babel-loader 36ms (cache miss)
4818 silly packumentCache corgi:https://registry.npmjs.org/babel-loader set size:undefined disposed:false
4819 silly packumentCache corgi:https://registry.npmjs.org/chokidar cache-miss
4820 http fetch GET 200 https://registry.npmjs.org/chokidar 42ms (cache miss)
4821 silly packumentCache corgi:https://registry.npmjs.org/chokidar set size:undefined disposed:false
4822 silly packumentCache corgi:https://registry.npmjs.org/execa cache-miss
4823 http fetch GET 200 https://registry.npmjs.org/execa 52ms (cache miss)
4824 silly packumentCache corgi:https://registry.npmjs.org/execa set size:undefined disposed:false
4825 silly packumentCache corgi:https://registry.npmjs.org/source-map-resolve cache-miss
4826 http fetch GET 200 https://registry.npmjs.org/source-map-resolve 34ms (cache miss)
4827 silly packumentCache corgi:https://registry.npmjs.org/source-map-resolve set size:undefined disposed:false
4828 silly packumentCache corgi:https://registry.npmjs.org/flat-cache cache-miss
4829 http fetch GET 200 https://registry.npmjs.org/flat-cache 37ms (cache miss)
4830 silly packumentCache corgi:https://registry.npmjs.org/flat-cache set size:undefined disposed:false
4831 silly packumentCache corgi:https://registry.npmjs.org/http-proxy cache-miss
4832 http fetch GET 200 https://registry.npmjs.org/http-proxy 45ms (cache miss)
4833 silly packumentCache corgi:https://registry.npmjs.org/http-proxy set size:undefined disposed:false
4834 silly packumentCache corgi:https://registry.npmjs.org/dns-packet cache-miss
4835 http fetch GET 200 https://registry.npmjs.org/dns-packet 99ms (cache miss)
4836 silly packumentCache corgi:https://registry.npmjs.org/dns-packet set size:undefined disposed:false
4837 silly packumentCache corgi:https://registry.npmjs.org/eslint-plugin-flowtype cache-miss
4838 silly packumentCache corgi:https://registry.npmjs.org/html-webpack-plugin cache-miss
4839 silly packumentCache corgi:https://registry.npmjs.org/pretty-error cache-miss
4840 silly packumentCache corgi:https://registry.npmjs.org/renderkid cache-miss
4841 silly packumentCache corgi:https://registry.npmjs.org/whatwg-url cache-miss
4842 http fetch GET 200 https://registry.npmjs.org/pretty-error 40ms (cache miss)
4843 silly packumentCache corgi:https://registry.npmjs.org/pretty-error set size:undefined disposed:false
4844 http fetch GET 200 https://registry.npmjs.org/renderkid 40ms (cache miss)
4845 silly packumentCache corgi:https://registry.npmjs.org/renderkid set size:undefined disposed:false
4846 http fetch GET 200 https://registry.npmjs.org/whatwg-url 40ms (cache miss)
4847 silly packumentCache corgi:https://registry.npmjs.org/whatwg-url set size:undefined disposed:false
4848 http fetch GET 200 https://registry.npmjs.org/html-webpack-plugin 59ms (cache miss)
4849 silly packumentCache corgi:https://registry.npmjs.org/html-webpack-plugin set size:undefined disposed:false
4850 http fetch GET 200 https://registry.npmjs.org/eslint-plugin-flowtype 88ms (cache miss)
4851 silly packumentCache corgi:https://registry.npmjs.org/eslint-plugin-flowtype set size:undefined disposed:false
4852 silly packumentCache corgi:https://registry.npmjs.org/@jest%2fcore cache-miss
4853 silly packumentCache corgi:https://registry.npmjs.org/@jest%2ftransform cache-miss
4854 silly packumentCache corgi:https://registry.npmjs.org/eslint-webpack-plugin cache-miss
4855 silly packumentCache corgi:https://registry.npmjs.org/fast-glob cache-miss
4856 silly packumentCache corgi:https://registry.npmjs.org/jest-config cache-miss
4857 silly packumentCache corgi:https://registry.npmjs.org/jest-haste-map cache-miss
4858 silly packumentCache corgi:https://registry.npmjs.org/jest-message-util cache-miss
4859 http fetch GET 200 https://registry.npmjs.org/fast-glob 43ms (cache miss)
4860 silly packumentCache corgi:https://registry.npmjs.org/fast-glob set size:undefined disposed:false
4861 http fetch GET 200 https://registry.npmjs.org/jest-message-util 48ms (cache miss)
4862 silly packumentCache corgi:https://registry.npmjs.org/jest-message-util set size:undefined disposed:false
4863 http fetch GET 200 https://registry.npmjs.org/@jest%2fcore 62ms (cache miss)
4864 silly packumentCache corgi:https://registry.npmjs.org/@jest%2fcore set size:undefined disposed:false
4865 http fetch GET 200 https://registry.npmjs.org/@jest%2ftransform 67ms (cache miss)
4866 silly packumentCache corgi:https://registry.npmjs.org/@jest%2ftransform set size:undefined disposed:false
4867 http fetch GET 200 https://registry.npmjs.org/eslint-webpack-plugin 106ms (cache miss)
4868 silly packumentCache corgi:https://registry.npmjs.org/eslint-webpack-plugin set size:undefined disposed:false
4869 http fetch GET 200 https://registry.npmjs.org/jest-haste-map 123ms (cache miss)
4870 silly packumentCache corgi:https://registry.npmjs.org/jest-haste-map set size:undefined disposed:false
4871 http fetch GET 200 https://registry.npmjs.org/jest-config 132ms (cache miss)
4872 silly packumentCache corgi:https://registry.npmjs.org/jest-config set size:undefined disposed:false
4873 silly packumentCache corgi:https://registry.npmjs.org/@humanwhocodes%2fconfig-array cache-miss
4874 silly packumentCache corgi:https://registry.npmjs.org/eslint-plugin-import cache-miss
4875 silly packumentCache corgi:https://registry.npmjs.org/filelist cache-miss
4876 silly packumentCache corgi:https://registry.npmjs.org/glob cache-miss
4877 silly packumentCache corgi:https://registry.npmjs.org/jake cache-miss
4878 silly packumentCache corgi:https://registry.npmjs.org/test-exclude cache-miss
4879 silly packumentCache corgi:https://registry.npmjs.org/recursive-readdir cache-miss
4880 http fetch GET 200 https://registry.npmjs.org/recursive-readdir 46ms (cache miss)
4881 silly packumentCache corgi:https://registry.npmjs.org/recursive-readdir set size:undefined disposed:false
4882 http fetch GET 200 https://registry.npmjs.org/test-exclude 47ms (cache miss)
4883 silly packumentCache corgi:https://registry.npmjs.org/test-exclude set size:undefined disposed:false
4884 http fetch GET 200 https://registry.npmjs.org/jake 75ms (cache miss)
4885 silly packumentCache corgi:https://registry.npmjs.org/jake set size:undefined disposed:false
4886 http fetch GET 200 https://registry.npmjs.org/glob 79ms (cache miss)
4887 silly packumentCache corgi:https://registry.npmjs.org/glob set size:undefined disposed:false
4888 http fetch GET 200 https://registry.npmjs.org/eslint-plugin-import 82ms (cache miss)
4889 silly packumentCache corgi:https://registry.npmjs.org/eslint-plugin-import set size:undefined disposed:false
4890 http fetch GET 200 https://registry.npmjs.org/@humanwhocodes%2fconfig-array 84ms (cache miss)
4891 silly packumentCache corgi:https://registry.npmjs.org/@humanwhocodes%2fconfig-array set size:undefined disposed:false
4892 http fetch GET 200 https://registry.npmjs.org/filelist 117ms (cache miss)
4893 silly packumentCache corgi:https://registry.npmjs.org/filelist set size:undefined disposed:false
4894 silly packumentCache corgi:https://registry.npmjs.org/detective cache-miss
4895 silly packumentCache corgi:https://registry.npmjs.org/mkdirp cache-miss
4896 http fetch GET 200 https://registry.npmjs.org/mkdirp 35ms (cache miss)
4897 silly packumentCache corgi:https://registry.npmjs.org/mkdirp set size:undefined disposed:false
4898 http fetch GET 200 https://registry.npmjs.org/detective 40ms (cache miss)
4899 silly packumentCache corgi:https://registry.npmjs.org/detective set size:undefined disposed:false
4900 silly packumentCache corgi:https://registry.npmjs.org/selfsigned cache-miss
4901 http fetch GET 200 https://registry.npmjs.org/selfsigned 36ms (cache miss)
4902 silly packumentCache corgi:https://registry.npmjs.org/selfsigned set size:undefined disposed:false
4903 silly packumentCache corgi:https://registry.npmjs.org/css-select cache-miss
4904 http fetch GET 200 https://registry.npmjs.org/css-select 95ms (cache miss)
4905 silly packumentCache corgi:https://registry.npmjs.org/css-select set size:undefined disposed:false
4906 silly packumentCache corgi:https://registry.npmjs.org/compression cache-miss
4907 http fetch GET 200 https://registry.npmjs.org/compression 31ms (cache miss)
4908 silly packumentCache corgi:https://registry.npmjs.org/compression set size:undefined disposed:false
4909 silly packumentCache corgi:https://registry.npmjs.org/@rollup%2fpluginutils cache-miss
4910 silly packumentCache corgi:https://registry.npmjs.org/anymatch cache-miss
4911 silly packumentCache corgi:https://registry.npmjs.org/jest-util cache-miss
4912 silly packumentCache corgi:https://registry.npmjs.org/readdirp cache-miss
4913 http fetch GET 200 https://registry.npmjs.org/anymatch 39ms (cache miss)
4914 silly packumentCache corgi:https://registry.npmjs.org/anymatch set size:undefined disposed:false
4915 http fetch GET 200 https://registry.npmjs.org/readdirp 40ms (cache miss)
4916 silly packumentCache corgi:https://registry.npmjs.org/readdirp set size:undefined disposed:false
4917 http fetch GET 200 https://registry.npmjs.org/jest-util 53ms (cache miss)
4918 silly packumentCache corgi:https://registry.npmjs.org/jest-util set size:undefined disposed:false
4919 http fetch GET 200 https://registry.npmjs.org/@rollup%2fpluginutils 56ms (cache miss)
4920 silly packumentCache corgi:https://registry.npmjs.org/@rollup%2fpluginutils set size:undefined disposed:false
4921 silly packumentCache corgi:https://registry.npmjs.org/@csstools%2fpostcss-color-function cache-miss
4922 silly packumentCache corgi:https://registry.npmjs.org/@csstools%2fpostcss-font-format-keywords cache-miss
4923 silly packumentCache corgi:https://registry.npmjs.org/@csstools%2fpostcss-hwb-function cache-miss
4924 silly packumentCache corgi:https://registry.npmjs.org/@csstools%2fpostcss-ic-unit cache-miss
4925 silly packumentCache corgi:https://registry.npmjs.org/@csstools%2fpostcss-is-pseudo-class cache-miss
4926 silly packumentCache corgi:https://registry.npmjs.org/@csstools%2fpostcss-normalize-display-values cache-miss
4927 silly packumentCache corgi:https://registry.npmjs.org/@csstools%2fpostcss-oklab-function cache-miss
4928 silly packumentCache corgi:https://registry.npmjs.org/@csstools%2fpostcss-progressive-custom-properties cache-miss
4929 silly packumentCache corgi:https://registry.npmjs.org/autoprefixer cache-miss
4930 silly packumentCache corgi:https://registry.npmjs.org/css-blank-pseudo cache-miss
4931 silly packumentCache corgi:https://registry.npmjs.org/css-declaration-sorter cache-miss
4932 silly packumentCache corgi:https://registry.npmjs.org/css-has-pseudo cache-miss
4933 silly packumentCache corgi:https://registry.npmjs.org/css-minimizer-webpack-plugin cache-miss
4934 silly packumentCache corgi:https://registry.npmjs.org/css-prefers-color-scheme cache-miss
4935 silly packumentCache corgi:https://registry.npmjs.org/cssnano cache-miss
4936 silly packumentCache corgi:https://registry.npmjs.org/cssnano-preset-default cache-miss
4937 silly packumentCache corgi:https://registry.npmjs.org/cssnano-utils cache-miss
4938 silly packumentCache corgi:https://registry.npmjs.org/icss-utils cache-miss
4939 silly packumentCache corgi:https://registry.npmjs.org/postcss-attribute-case-insensitive cache-miss
4940 silly packumentCache corgi:https://registry.npmjs.org/postcss-browser-comments cache-miss
4941 silly packumentCache corgi:https://registry.npmjs.org/postcss-calc cache-miss
4942 silly packumentCache corgi:https://registry.npmjs.org/postcss-color-functional-notation cache-miss
4943 silly packumentCache corgi:https://registry.npmjs.org/postcss-color-hex-alpha cache-miss
4944 silly packumentCache corgi:https://registry.npmjs.org/postcss-color-rebeccapurple cache-miss
4945 silly packumentCache corgi:https://registry.npmjs.org/postcss-colormin cache-miss
4946 silly packumentCache corgi:https://registry.npmjs.org/postcss-convert-values cache-miss
4947 silly packumentCache corgi:https://registry.npmjs.org/postcss-custom-media cache-miss
4948 silly packumentCache corgi:https://registry.npmjs.org/postcss-custom-properties cache-miss
4949 silly packumentCache corgi:https://registry.npmjs.org/postcss-custom-selectors cache-miss
4950 silly packumentCache corgi:https://registry.npmjs.org/postcss-dir-pseudo-class cache-miss
4951 silly packumentCache corgi:https://registry.npmjs.org/postcss-discard-comments cache-miss
4952 silly packumentCache corgi:https://registry.npmjs.org/postcss-discard-duplicates cache-miss
4953 silly packumentCache corgi:https://registry.npmjs.org/postcss-discard-empty cache-miss
4954 silly packumentCache corgi:https://registry.npmjs.org/postcss-discard-overridden cache-miss
4955 silly packumentCache corgi:https://registry.npmjs.org/postcss-double-position-gradients cache-miss
4956 silly packumentCache corgi:https://registry.npmjs.org/postcss-env-function cache-miss
4957 silly packumentCache corgi:https://registry.npmjs.org/postcss-flexbugs-fixes cache-miss
4958 silly packumentCache corgi:https://registry.npmjs.org/postcss-focus-visible cache-miss
4959 silly packumentCache corgi:https://registry.npmjs.org/postcss-focus-within cache-miss
4960 silly packumentCache corgi:https://registry.npmjs.org/postcss-font-variant cache-miss
4961 silly packumentCache corgi:https://registry.npmjs.org/postcss-gap-properties cache-miss
4962 silly packumentCache corgi:https://registry.npmjs.org/postcss-image-set-function cache-miss
4963 silly packumentCache corgi:https://registry.npmjs.org/postcss-initial cache-miss
4964 silly packumentCache corgi:https://registry.npmjs.org/postcss-js cache-miss
4965 silly packumentCache corgi:https://registry.npmjs.org/postcss-lab-function cache-miss
4966 silly packumentCache corgi:https://registry.npmjs.org/postcss-logical cache-miss
4967 silly packumentCache corgi:https://registry.npmjs.org/postcss-media-minmax cache-miss
4968 silly packumentCache corgi:https://registry.npmjs.org/postcss-merge-longhand cache-miss
4969 silly packumentCache corgi:https://registry.npmjs.org/postcss-merge-rules cache-miss
4970 silly packumentCache corgi:https://registry.npmjs.org/postcss-minify-font-values cache-miss
4971 silly packumentCache corgi:https://registry.npmjs.org/postcss-minify-gradients cache-miss
4972 silly packumentCache corgi:https://registry.npmjs.org/postcss-minify-params cache-miss
4973 silly packumentCache corgi:https://registry.npmjs.org/postcss-minify-selectors cache-miss
4974 silly packumentCache corgi:https://registry.npmjs.org/postcss-modules-extract-imports cache-miss
4975 silly packumentCache corgi:https://registry.npmjs.org/postcss-modules-local-by-default cache-miss
4976 silly packumentCache corgi:https://registry.npmjs.org/postcss-modules-scope cache-miss
4977 silly packumentCache corgi:https://registry.npmjs.org/postcss-modules-values cache-miss
4978 silly packumentCache corgi:https://registry.npmjs.org/postcss-nested cache-miss
4979 silly packumentCache corgi:https://registry.npmjs.org/postcss-nesting cache-miss
4980 silly packumentCache corgi:https://registry.npmjs.org/postcss-normalize cache-miss
4981 silly packumentCache corgi:https://registry.npmjs.org/postcss-normalize-charset cache-miss
4982 silly packumentCache corgi:https://registry.npmjs.org/postcss-normalize-display-values cache-miss
4983 silly packumentCache corgi:https://registry.npmjs.org/postcss-normalize-positions cache-miss
4984 silly packumentCache corgi:https://registry.npmjs.org/postcss-normalize-repeat-style cache-miss
4985 silly packumentCache corgi:https://registry.npmjs.org/postcss-normalize-string cache-miss
4986 silly packumentCache corgi:https://registry.npmjs.org/postcss-normalize-timing-functions cache-miss
4987 silly packumentCache corgi:https://registry.npmjs.org/postcss-normalize-unicode cache-miss
4988 silly packumentCache corgi:https://registry.npmjs.org/postcss-normalize-url cache-miss
4989 silly packumentCache corgi:https://registry.npmjs.org/postcss-normalize-whitespace cache-miss
4990 silly packumentCache corgi:https://registry.npmjs.org/postcss-ordered-values cache-miss
4991 silly packumentCache corgi:https://registry.npmjs.org/postcss-overflow-shorthand cache-miss
4992 silly packumentCache corgi:https://registry.npmjs.org/postcss-page-break cache-miss
4993 silly packumentCache corgi:https://registry.npmjs.org/postcss-place cache-miss
4994 silly packumentCache corgi:https://registry.npmjs.org/postcss-preset-env cache-miss
4995 silly packumentCache corgi:https://registry.npmjs.org/postcss-pseudo-class-any-link cache-miss
4996 silly packumentCache corgi:https://registry.npmjs.org/postcss-reduce-initial cache-miss
4997 silly packumentCache corgi:https://registry.npmjs.org/postcss-reduce-transforms cache-miss
4998 silly packumentCache corgi:https://registry.npmjs.org/postcss-replace-overflow-wrap cache-miss
4999 silly packumentCache corgi:https://registry.npmjs.org/postcss-selector-not cache-miss
5000 silly packumentCache corgi:https://registry.npmjs.org/postcss-svgo cache-miss
5001 silly packumentCache corgi:https://registry.npmjs.org/postcss-unique-selectors cache-miss
5002 silly packumentCache corgi:https://registry.npmjs.org/stylehacks cache-miss
5003 silly packumentCache corgi:https://registry.npmjs.org/tailwindcss cache-miss
5004 http fetch GET 200 https://registry.npmjs.org/css-blank-pseudo 64ms (cache miss)
5005 silly packumentCache corgi:https://registry.npmjs.org/css-blank-pseudo set size:undefined disposed:false
5006 http fetch GET 200 https://registry.npmjs.org/css-has-pseudo 65ms (cache miss)
5007 silly packumentCache corgi:https://registry.npmjs.org/css-has-pseudo set size:undefined disposed:false
5008 http fetch GET 200 https://registry.npmjs.org/css-declaration-sorter 67ms (cache miss)
5009 silly packumentCache corgi:https://registry.npmjs.org/css-declaration-sorter set size:undefined disposed:false
5010 http fetch GET 200 https://registry.npmjs.org/css-prefers-color-scheme 70ms (cache miss)
5011 silly packumentCache corgi:https://registry.npmjs.org/css-prefers-color-scheme set size:undefined disposed:false
5012 http fetch GET 200 https://registry.npmjs.org/icss-utils 99ms (cache miss)
5013 silly packumentCache corgi:https://registry.npmjs.org/icss-utils set size:undefined disposed:false
5014 http fetch GET 200 https://registry.npmjs.org/cssnano-preset-default 105ms (cache miss)
5015 silly packumentCache corgi:https://registry.npmjs.org/cssnano-preset-default set size:undefined disposed:false
5016 http fetch GET 200 https://registry.npmjs.org/postcss-attribute-case-insensitive 107ms (cache miss)
5017 silly packumentCache corgi:https://registry.npmjs.org/postcss-attribute-case-insensitive set size:undefined disposed:false
5018 http fetch GET 200 https://registry.npmjs.org/css-minimizer-webpack-plugin 132ms (cache miss)
5019 silly packumentCache corgi:https://registry.npmjs.org/css-minimizer-webpack-plugin set size:undefined disposed:false
5020 http fetch GET 200 https://registry.npmjs.org/postcss-browser-comments 141ms (cache miss)
5021 silly packumentCache corgi:https://registry.npmjs.org/postcss-browser-comments set size:undefined disposed:false
5022 http fetch GET 200 https://registry.npmjs.org/postcss-calc 141ms (cache miss)
5023 silly packumentCache corgi:https://registry.npmjs.org/postcss-calc set size:undefined disposed:false
5024 http fetch GET 200 https://registry.npmjs.org/autoprefixer 144ms (cache miss)
5025 silly packumentCache corgi:https://registry.npmjs.org/autoprefixer set size:undefined disposed:false
5026 http fetch GET 200 https://registry.npmjs.org/postcss-color-functional-notation 156ms (cache miss)
5027 silly packumentCache corgi:https://registry.npmjs.org/postcss-color-functional-notation set size:undefined disposed:false
5028 http fetch GET 200 https://registry.npmjs.org/cssnano 156ms (cache miss)
5029 silly packumentCache corgi:https://registry.npmjs.org/cssnano set size:undefined disposed:false
5030 http fetch GET 200 https://registry.npmjs.org/cssnano-utils 161ms (cache miss)
5031 silly packumentCache corgi:https://registry.npmjs.org/cssnano-utils set size:undefined disposed:false
5032 http fetch GET 200 https://registry.npmjs.org/postcss-color-rebeccapurple 174ms (cache miss)
5033 silly packumentCache corgi:https://registry.npmjs.org/postcss-color-rebeccapurple set size:undefined disposed:false
5034 http fetch GET 200 https://registry.npmjs.org/postcss-colormin 178ms (cache miss)
5035 silly packumentCache corgi:https://registry.npmjs.org/postcss-colormin set size:undefined disposed:false
5036 http fetch GET 200 https://registry.npmjs.org/postcss-convert-values 180ms (cache miss)
5037 silly packumentCache corgi:https://registry.npmjs.org/postcss-convert-values set size:undefined disposed:false
5038 http fetch GET 200 https://registry.npmjs.org/@csstools%2fpostcss-color-function 185ms (cache miss)
5039 silly packumentCache corgi:https://registry.npmjs.org/@csstools%2fpostcss-color-function set size:undefined disposed:false
5040 http fetch GET 200 https://registry.npmjs.org/postcss-custom-media 195ms (cache miss)
5041 silly packumentCache corgi:https://registry.npmjs.org/postcss-custom-media set size:undefined disposed:false
5042 http fetch GET 200 https://registry.npmjs.org/postcss-custom-selectors 196ms (cache miss)
5043 silly packumentCache corgi:https://registry.npmjs.org/postcss-custom-selectors set size:undefined disposed:false
5044 http fetch GET 200 https://registry.npmjs.org/postcss-custom-properties 198ms (cache miss)
5045 silly packumentCache corgi:https://registry.npmjs.org/postcss-custom-properties set size:undefined disposed:false
5046 http fetch GET 200 https://registry.npmjs.org/@csstools%2fpostcss-normalize-display-values 205ms (cache miss)
5047 silly packumentCache corgi:https://registry.npmjs.org/@csstools%2fpostcss-normalize-display-values set size:undefined disposed:false
5048 http fetch GET 200 https://registry.npmjs.org/@csstools%2fpostcss-hwb-function 207ms (cache miss)
5049 silly packumentCache corgi:https://registry.npmjs.org/@csstools%2fpostcss-hwb-function set size:undefined disposed:false
5050 http fetch GET 200 https://registry.npmjs.org/@csstools%2fpostcss-ic-unit 213ms (cache miss)
5051 silly packumentCache corgi:https://registry.npmjs.org/@csstools%2fpostcss-ic-unit set size:undefined disposed:false
5052 http fetch GET 200 https://registry.npmjs.org/postcss-discard-comments 214ms (cache miss)
5053 silly packumentCache corgi:https://registry.npmjs.org/postcss-discard-comments set size:undefined disposed:false
5054 http fetch GET 200 https://registry.npmjs.org/@csstools%2fpostcss-oklab-function 216ms (cache miss)
5055 silly packumentCache corgi:https://registry.npmjs.org/@csstools%2fpostcss-oklab-function set size:undefined disposed:false
5056 http fetch GET 200 https://registry.npmjs.org/@csstools%2fpostcss-progressive-custom-properties 217ms (cache miss)
5057 silly packumentCache corgi:https://registry.npmjs.org/@csstools%2fpostcss-progressive-custom-properties set size:undefined disposed:false
5058 http fetch GET 200 https://registry.npmjs.org/postcss-discard-empty 218ms (cache miss)
5059 silly packumentCache corgi:https://registry.npmjs.org/postcss-discard-empty set size:undefined disposed:false
5060 http fetch GET 200 https://registry.npmjs.org/postcss-discard-duplicates 221ms (cache miss)
5061 silly packumentCache corgi:https://registry.npmjs.org/postcss-discard-duplicates set size:undefined disposed:false
5062 http fetch GET 200 https://registry.npmjs.org/postcss-discard-overridden 231ms (cache miss)
5063 silly packumentCache corgi:https://registry.npmjs.org/postcss-discard-overridden set size:undefined disposed:false
5064 http fetch GET 200 https://registry.npmjs.org/postcss-color-hex-alpha 239ms (cache miss)
5065 silly packumentCache corgi:https://registry.npmjs.org/postcss-color-hex-alpha set size:undefined disposed:false
5066 http fetch GET 200 https://registry.npmjs.org/postcss-env-function 240ms (cache miss)
5067 silly packumentCache corgi:https://registry.npmjs.org/postcss-env-function set size:undefined disposed:false
5068 http fetch GET 200 https://registry.npmjs.org/@csstools%2fpostcss-is-pseudo-class 242ms (cache miss)
5069 silly packumentCache corgi:https://registry.npmjs.org/@csstools%2fpostcss-is-pseudo-class set size:undefined disposed:false
5070 http fetch GET 200 https://registry.npmjs.org/postcss-focus-visible 244ms (cache miss)
5071 silly packumentCache corgi:https://registry.npmjs.org/postcss-focus-visible set size:undefined disposed:false
5072 http fetch GET 200 https://registry.npmjs.org/postcss-flexbugs-fixes 244ms (cache miss)
5073 silly packumentCache corgi:https://registry.npmjs.org/postcss-flexbugs-fixes set size:undefined disposed:false
5074 http fetch GET 200 https://registry.npmjs.org/postcss-gap-properties 254ms (cache miss)
5075 silly packumentCache corgi:https://registry.npmjs.org/postcss-gap-properties set size:undefined disposed:false
5076 http fetch GET 200 https://registry.npmjs.org/postcss-font-variant 254ms (cache miss)
5077 silly packumentCache corgi:https://registry.npmjs.org/postcss-font-variant set size:undefined disposed:false
5078 http fetch GET 200 https://registry.npmjs.org/postcss-image-set-function 261ms (cache miss)
5079 silly packumentCache corgi:https://registry.npmjs.org/postcss-image-set-function set size:undefined disposed:false
5080 http fetch GET 200 https://registry.npmjs.org/postcss-lab-function 279ms (cache miss)
5081 silly packumentCache corgi:https://registry.npmjs.org/postcss-lab-function set size:undefined disposed:false
5082 http fetch GET 200 https://registry.npmjs.org/@csstools%2fpostcss-font-format-keywords 283ms (cache miss)
5083 silly packumentCache corgi:https://registry.npmjs.org/@csstools%2fpostcss-font-format-keywords set size:undefined disposed:false
5084 http fetch GET 200 https://registry.npmjs.org/postcss-logical 282ms (cache miss)
5085 silly packumentCache corgi:https://registry.npmjs.org/postcss-logical set size:undefined disposed:false
5086 http fetch GET 200 https://registry.npmjs.org/postcss-merge-rules 283ms (cache miss)
5087 silly packumentCache corgi:https://registry.npmjs.org/postcss-merge-rules set size:undefined disposed:false
5088 http fetch GET 200 https://registry.npmjs.org/postcss-media-minmax 284ms (cache miss)
5089 silly packumentCache corgi:https://registry.npmjs.org/postcss-media-minmax set size:undefined disposed:false
5090 http fetch GET 200 https://registry.npmjs.org/postcss-double-position-gradients 288ms (cache miss)
5091 silly packumentCache corgi:https://registry.npmjs.org/postcss-double-position-gradients set size:undefined disposed:false
5092 http fetch GET 200 https://registry.npmjs.org/postcss-minify-font-values 287ms (cache miss)
5093 silly packumentCache corgi:https://registry.npmjs.org/postcss-minify-font-values set size:undefined disposed:false
5094 http fetch GET 200 https://registry.npmjs.org/postcss-dir-pseudo-class 294ms (cache miss)
5095 silly packumentCache corgi:https://registry.npmjs.org/postcss-dir-pseudo-class set size:undefined disposed:false
5096 http fetch GET 200 https://registry.npmjs.org/postcss-minify-gradients 299ms (cache miss)
5097 silly packumentCache corgi:https://registry.npmjs.org/postcss-minify-gradients set size:undefined disposed:false
5098 http fetch GET 200 https://registry.npmjs.org/postcss-initial 313ms (cache miss)
5099 silly packumentCache corgi:https://registry.npmjs.org/postcss-initial set size:undefined disposed:false
5100 http fetch GET 200 https://registry.npmjs.org/postcss-js 316ms (cache miss)
5101 silly packumentCache corgi:https://registry.npmjs.org/postcss-js set size:undefined disposed:false
5102 http fetch GET 200 https://registry.npmjs.org/postcss-modules-local-by-default 319ms (cache miss)
5103 silly packumentCache corgi:https://registry.npmjs.org/postcss-modules-local-by-default set size:undefined disposed:false
5104 http fetch GET 200 https://registry.npmjs.org/postcss-modules-values 322ms (cache miss)
5105 silly packumentCache corgi:https://registry.npmjs.org/postcss-modules-values set size:undefined disposed:false
5106 http fetch GET 200 https://registry.npmjs.org/postcss-focus-within 326ms (cache miss)
5107 silly packumentCache corgi:https://registry.npmjs.org/postcss-focus-within set size:undefined disposed:false
5108 http fetch GET 200 https://registry.npmjs.org/postcss-nesting 325ms (cache miss)
5109 silly packumentCache corgi:https://registry.npmjs.org/postcss-nesting set size:undefined disposed:false
5110 http fetch GET 200 https://registry.npmjs.org/postcss-normalize 337ms (cache miss)
5111 silly packumentCache corgi:https://registry.npmjs.org/postcss-normalize set size:undefined disposed:false
5112 http fetch GET 200 https://registry.npmjs.org/postcss-normalize-charset 338ms (cache miss)
5113 silly packumentCache corgi:https://registry.npmjs.org/postcss-normalize-charset set size:undefined disposed:false
5114 http fetch GET 200 https://registry.npmjs.org/postcss-normalize-display-values 340ms (cache miss)
5115 silly packumentCache corgi:https://registry.npmjs.org/postcss-normalize-display-values set size:undefined disposed:false
5116 http fetch GET 200 https://registry.npmjs.org/postcss-normalize-repeat-style 356ms (cache miss)
5117 silly packumentCache corgi:https://registry.npmjs.org/postcss-normalize-repeat-style set size:undefined disposed:false
5118 http fetch GET 200 https://registry.npmjs.org/postcss-normalize-positions 358ms (cache miss)
5119 silly packumentCache corgi:https://registry.npmjs.org/postcss-normalize-positions set size:undefined disposed:false
5120 http fetch GET 200 https://registry.npmjs.org/postcss-merge-longhand 359ms (cache miss)
5121 silly packumentCache corgi:https://registry.npmjs.org/postcss-merge-longhand set size:undefined disposed:false
5122 http fetch GET 200 https://registry.npmjs.org/postcss-normalize-string 361ms (cache miss)
5123 silly packumentCache corgi:https://registry.npmjs.org/postcss-normalize-string set size:undefined disposed:false
5124 http fetch GET 200 https://registry.npmjs.org/postcss-normalize-url 365ms (cache miss)
5125 silly packumentCache corgi:https://registry.npmjs.org/postcss-normalize-url set size:undefined disposed:false
5126 http fetch GET 200 https://registry.npmjs.org/postcss-normalize-timing-functions 369ms (cache miss)
5127 silly packumentCache corgi:https://registry.npmjs.org/postcss-normalize-timing-functions set size:undefined disposed:false
5128 http fetch GET 200 https://registry.npmjs.org/postcss-minify-params 371ms (cache miss)
5129 silly packumentCache corgi:https://registry.npmjs.org/postcss-minify-params set size:undefined disposed:false
5130 http fetch GET 200 https://registry.npmjs.org/postcss-ordered-values 373ms (cache miss)
5131 silly packumentCache corgi:https://registry.npmjs.org/postcss-ordered-values set size:undefined disposed:false
5132 http fetch GET 200 https://registry.npmjs.org/postcss-normalize-whitespace 374ms (cache miss)
5133 silly packumentCache corgi:https://registry.npmjs.org/postcss-normalize-whitespace set size:undefined disposed:false
5134 http fetch GET 200 https://registry.npmjs.org/postcss-overflow-shorthand 375ms (cache miss)
5135 silly packumentCache corgi:https://registry.npmjs.org/postcss-overflow-shorthand set size:undefined disposed:false
5136 http fetch GET 200 https://registry.npmjs.org/postcss-minify-selectors 380ms (cache miss)
5137 silly packumentCache corgi:https://registry.npmjs.org/postcss-minify-selectors set size:undefined disposed:false
5138 http fetch GET 200 https://registry.npmjs.org/postcss-modules-scope 382ms (cache miss)
5139 silly packumentCache corgi:https://registry.npmjs.org/postcss-modules-scope set size:undefined disposed:false
5140 http fetch GET 200 https://registry.npmjs.org/postcss-nested 384ms (cache miss)
5141 silly packumentCache corgi:https://registry.npmjs.org/postcss-nested set size:undefined disposed:false
5142 http fetch GET 200 https://registry.npmjs.org/postcss-modules-extract-imports 387ms (cache miss)
5143 silly packumentCache corgi:https://registry.npmjs.org/postcss-modules-extract-imports set size:undefined disposed:false
5144 http fetch GET 200 https://registry.npmjs.org/postcss-page-break 389ms (cache miss)
5145 silly packumentCache corgi:https://registry.npmjs.org/postcss-page-break set size:undefined disposed:false
5146 http fetch GET 200 https://registry.npmjs.org/postcss-place 399ms (cache miss)
5147 silly packumentCache corgi:https://registry.npmjs.org/postcss-place set size:undefined disposed:false
5148 http fetch GET 200 https://registry.npmjs.org/postcss-pseudo-class-any-link 403ms (cache miss)
5149 silly packumentCache corgi:https://registry.npmjs.org/postcss-pseudo-class-any-link set size:undefined disposed:false
5150 http fetch GET 200 https://registry.npmjs.org/postcss-replace-overflow-wrap 404ms (cache miss)
5151 silly packumentCache corgi:https://registry.npmjs.org/postcss-replace-overflow-wrap set size:undefined disposed:false
5152 http fetch GET 200 https://registry.npmjs.org/postcss-selector-not 406ms (cache miss)
5153 silly packumentCache corgi:https://registry.npmjs.org/postcss-selector-not set size:undefined disposed:false
5154 http fetch GET 200 https://registry.npmjs.org/postcss-reduce-initial 409ms (cache miss)
5155 silly packumentCache corgi:https://registry.npmjs.org/postcss-reduce-initial set size:undefined disposed:false
5156 http fetch GET 200 https://registry.npmjs.org/postcss-svgo 420ms (cache miss)
5157 silly packumentCache corgi:https://registry.npmjs.org/postcss-svgo set size:undefined disposed:false
5158 http fetch GET 200 https://registry.npmjs.org/postcss-normalize-unicode 421ms (cache miss)
5159 silly packumentCache corgi:https://registry.npmjs.org/postcss-normalize-unicode set size:undefined disposed:false
5160 http fetch GET 200 https://registry.npmjs.org/stylehacks 428ms (cache miss)
5161 silly packumentCache corgi:https://registry.npmjs.org/stylehacks set size:undefined disposed:false
5162 http fetch GET 200 https://registry.npmjs.org/postcss-unique-selectors 478ms (cache miss)
5163 silly packumentCache corgi:https://registry.npmjs.org/postcss-unique-selectors set size:undefined disposed:false
5164 http fetch GET 200 https://registry.npmjs.org/postcss-preset-env 484ms (cache miss)
5165 silly packumentCache corgi:https://registry.npmjs.org/postcss-preset-env set size:undefined disposed:false
5166 http fetch GET 200 https://registry.npmjs.org/postcss-reduce-transforms 489ms (cache miss)
5167 silly packumentCache corgi:https://registry.npmjs.org/postcss-reduce-transforms set size:undefined disposed:false
5168 http fetch GET 200 https://registry.npmjs.org/tailwindcss 527ms (cache miss)
5169 silly packumentCache corgi:https://registry.npmjs.org/tailwindcss set size:undefined disposed:false
5170 silly packumentCache corgi:https://registry.npmjs.org/@grpc%2fproto-loader cache-miss
5171 http fetch GET 200 https://registry.npmjs.org/@grpc%2fproto-loader 132ms (cache miss)
5172 silly packumentCache corgi:https://registry.npmjs.org/@grpc%2fproto-loader set size:undefined disposed:false
5173 silly packumentCache corgi:https://registry.npmjs.org/react-router-dom cache-miss
5174 http fetch GET 200 https://registry.npmjs.org/react-router-dom 151ms (cache miss)
5175 silly packumentCache corgi:https://registry.npmjs.org/react-router-dom set size:undefined disposed:false
5176 silly packumentCache corgi:https://registry.npmjs.org/@rollup%2fplugin-babel cache-miss
5177 silly packumentCache corgi:https://registry.npmjs.org/@rollup%2fplugin-node-resolve cache-miss
5178 silly packumentCache corgi:https://registry.npmjs.org/@rollup%2fplugin-replace cache-miss
5179 silly packumentCache corgi:https://registry.npmjs.org/rollup-plugin-terser cache-miss
5180 http fetch GET 200 https://registry.npmjs.org/rollup-plugin-terser 56ms (cache miss)
5181 silly packumentCache corgi:https://registry.npmjs.org/rollup-plugin-terser set size:undefined disposed:false
5182 http fetch GET 200 https://registry.npmjs.org/@rollup%2fplugin-replace 192ms (cache miss)
5183 silly packumentCache corgi:https://registry.npmjs.org/@rollup%2fplugin-replace set size:undefined disposed:false
5184 http fetch GET 200 https://registry.npmjs.org/@rollup%2fplugin-node-resolve 203ms (cache miss)
5185 silly packumentCache corgi:https://registry.npmjs.org/@rollup%2fplugin-node-resolve set size:undefined disposed:false
5186 http fetch GET 200 https://registry.npmjs.org/@rollup%2fplugin-babel 232ms (cache miss)
5187 silly packumentCache corgi:https://registry.npmjs.org/@rollup%2fplugin-babel set size:undefined disposed:false
5188 silly packumentCache corgi:https://registry.npmjs.org/terser-webpack-plugin cache-miss
5189 http fetch GET 200 https://registry.npmjs.org/terser-webpack-plugin 36ms (cache miss)
5190 silly packumentCache corgi:https://registry.npmjs.org/terser-webpack-plugin set size:undefined disposed:false
5191 silly packumentCache corgi:https://registry.npmjs.org/html-minifier-terser cache-miss
5192 http fetch GET 200 https://registry.npmjs.org/html-minifier-terser 39ms (cache miss)
5193 silly packumentCache corgi:https://registry.npmjs.org/html-minifier-terser set size:undefined disposed:false
5194 silly packumentCache corgi:https://registry.npmjs.org/selenium-webdriver cache-miss
5195 http fetch GET 200 https://registry.npmjs.org/selenium-webdriver 101ms (cache miss)
5196 silly packumentCache corgi:https://registry.npmjs.org/selenium-webdriver set size:undefined disposed:false
5197 silly packumentCache corgi:https://registry.npmjs.org/sockjs cache-miss
5198 http fetch GET 200 https://registry.npmjs.org/sockjs 30ms (cache miss)
5199 silly packumentCache corgi:https://registry.npmjs.org/sockjs set size:undefined disposed:false
5200 silly packumentCache corgi:https://registry.npmjs.org/mini-css-extract-plugin cache-miss
5201 silly packumentCache corgi:https://registry.npmjs.org/sass-loader cache-miss
5202 silly packumentCache corgi:https://registry.npmjs.org/source-map-loader cache-miss
5203 silly packumentCache corgi:https://registry.npmjs.org/style-loader cache-miss
5204 silly packumentCache corgi:https://registry.npmjs.org/webpack-manifest-plugin cache-miss
5205 silly packumentCache corgi:https://registry.npmjs.org/workbox-webpack-plugin cache-miss
5206 http fetch GET 200 https://registry.npmjs.org/webpack-manifest-plugin 98ms (cache miss)
5207 silly packumentCache corgi:https://registry.npmjs.org/webpack-manifest-plugin set size:undefined disposed:false
5208 http fetch GET 200 https://registry.npmjs.org/style-loader 112ms (cache miss)
5209 silly packumentCache corgi:https://registry.npmjs.org/style-loader set size:undefined disposed:false
5210 http fetch GET 200 https://registry.npmjs.org/workbox-webpack-plugin 113ms (cache miss)
5211 silly packumentCache corgi:https://registry.npmjs.org/workbox-webpack-plugin set size:undefined disposed:false
5212 http fetch GET 200 https://registry.npmjs.org/mini-css-extract-plugin 124ms (cache miss)
5213 silly packumentCache corgi:https://registry.npmjs.org/mini-css-extract-plugin set size:undefined disposed:false
5214 http fetch GET 200 https://registry.npmjs.org/source-map-loader 161ms (cache miss)
5215 silly packumentCache corgi:https://registry.npmjs.org/source-map-loader set size:undefined disposed:false
5216 http fetch GET 200 https://registry.npmjs.org/sass-loader 184ms (cache miss)
5217 silly packumentCache corgi:https://registry.npmjs.org/sass-loader set size:undefined disposed:false
5218 silly packumentCache corgi:https://registry.npmjs.org/optionator cache-miss
5219 http fetch GET 200 https://registry.npmjs.org/optionator 34ms (cache miss)
5220 silly packumentCache corgi:https://registry.npmjs.org/optionator set size:undefined disposed:false
5221 silly packumentCache corgi:https://registry.npmjs.org/cosmiconfig cache-miss
5222 silly packumentCache corgi:https://registry.npmjs.org/postcss-load-config cache-miss
5223 http fetch GET 200 https://registry.npmjs.org/postcss-load-config 95ms (cache miss)
5224 silly packumentCache corgi:https://registry.npmjs.org/postcss-load-config set size:undefined disposed:false
5225 http fetch GET 200 https://registry.npmjs.org/cosmiconfig 101ms (cache miss)
5226 silly packumentCache corgi:https://registry.npmjs.org/cosmiconfig set size:undefined disposed:false
5227 silly packumentCache corgi:https://registry.npmjs.org/babel-plugin-polyfill-corejs3 cache-miss
5228 http fetch GET 200 https://registry.npmjs.org/babel-plugin-polyfill-corejs3 41ms (cache miss)
5229 silly packumentCache corgi:https://registry.npmjs.org/babel-plugin-polyfill-corejs3 set size:undefined disposed:false
5230 silly packumentCache corgi:https://registry.npmjs.org/multicast-dns cache-miss
5231 http fetch GET 200 https://registry.npmjs.org/multicast-dns 39ms (cache miss)
5232 silly packumentCache corgi:https://registry.npmjs.org/multicast-dns set size:undefined disposed:false
5233 silly packumentCache corgi:https://registry.npmjs.org/jest-environment-jsdom cache-miss
5234 http fetch GET 200 https://registry.npmjs.org/jest-environment-jsdom 49ms (cache miss)
5235 silly packumentCache corgi:https://registry.npmjs.org/jest-environment-jsdom set size:undefined disposed:false
5236 silly packumentCache corgi:https://registry.npmjs.org/bonjour cache-miss
5237 http fetch GET 200 https://registry.npmjs.org/bonjour 34ms (cache miss)
5238 silly packumentCache corgi:https://registry.npmjs.org/bonjour set size:undefined disposed:false
5239 silly packumentCache corgi:https://registry.npmjs.org/@svgr%2fplugin-svgo cache-miss
5240 http fetch GET 200 https://registry.npmjs.org/@svgr%2fplugin-svgo 49ms (cache miss)
5241 silly packumentCache corgi:https://registry.npmjs.org/@svgr%2fplugin-svgo set size:undefined disposed:false
5242 silly packumentCache corgi:https://registry.npmjs.org/@firebase%2ffirestore-compat cache-miss
5243 http fetch GET 200 https://registry.npmjs.org/@firebase%2ffirestore-compat 4352ms (cache miss)
5244 silly packumentCache corgi:https://registry.npmjs.org/@firebase%2ffirestore-compat set size:undefined disposed:false
5245 silly packumentCache corgi:https://registry.npmjs.org/jest-runner cache-miss
5246 http fetch GET 200 https://registry.npmjs.org/jest-runner 74ms (cache miss)
5247 silly packumentCache corgi:https://registry.npmjs.org/jest-runner set size:undefined disposed:false
5248 silly packumentCache corgi:https://registry.npmjs.org/jest-cli cache-miss
5249 http fetch GET 200 https://registry.npmjs.org/jest-cli 114ms (cache miss)
5250 silly packumentCache corgi:https://registry.npmjs.org/jest-cli set size:undefined disposed:false
5251 silly packumentCache corgi:https://registry.npmjs.org/jest cache-miss
5252 http fetch GET 200 https://registry.npmjs.org/jest 229ms (cache miss)
5253 silly packumentCache corgi:https://registry.npmjs.org/jest set size:undefined disposed:false
5254 silly packumentCache corgi:https://registry.npmjs.org/jest-watch-typeahead cache-miss
5255 http fetch GET 200 https://registry.npmjs.org/jest-watch-typeahead 123ms (cache miss)
5256 silly packumentCache corgi:https://registry.npmjs.org/jest-watch-typeahead set size:undefined disposed:false
5257 silly ADD node_modules/yocto-queue
5258 silly ADD node_modules/yargs-parser
5259 silly ADD node_modules/yargs
5260 silly ADD node_modules/yaml
5261 silly ADD node_modules/yallist
5262 silly ADD node_modules/y18n
5263 silly ADD node_modules/xtend
5264 silly ADD node_modules/xmlchars
5265 silly ADD node_modules/xml-name-validator
5266 silly ADD node_modules/ws
5267 silly ADD node_modules/write-file-atomic
5268 silly ADD node_modules/wrappy
5269 silly ADD node_modules/wrap-ansi
5270 silly ADD node_modules/wrap-ansi/node_modules/color-name
5271 silly ADD node_modules/wrap-ansi/node_modules/color-convert
5272 silly ADD node_modules/wrap-ansi/node_modules/ansi-styles
5273 silly ADD node_modules/workbox-window
5274 silly ADD node_modules/workbox-webpack-plugin
5275 silly ADD node_modules/workbox-webpack-plugin/node_modules/webpack-sources
5276 silly ADD node_modules/workbox-webpack-plugin/node_modules/source-map
5277 silly ADD node_modules/workbox-sw
5278 silly ADD node_modules/workbox-streams
5279 silly ADD node_modules/workbox-strategies
5280 silly ADD node_modules/workbox-routing
5281 silly ADD node_modules/workbox-recipes
5282 silly ADD node_modules/workbox-range-requests
5283 silly ADD node_modules/workbox-precaching
5284 silly ADD node_modules/workbox-navigation-preload
5285 silly ADD node_modules/workbox-google-analytics
5286 silly ADD node_modules/workbox-expiration
5287 silly ADD node_modules/workbox-core
5288 silly ADD node_modules/workbox-cacheable-response
5289 silly ADD node_modules/workbox-build
5290 silly ADD node_modules/workbox-build/node_modules/whatwg-url
5291 silly ADD node_modules/workbox-build/node_modules/webidl-conversions
5292 silly ADD node_modules/workbox-build/node_modules/tr46
5293 silly ADD node_modules/workbox-build/node_modules/source-map
5294 silly ADD node_modules/workbox-build/node_modules/json-schema-traverse
5295 silly ADD node_modules/workbox-build/node_modules/fs-extra
5296 silly ADD node_modules/workbox-build/node_modules/ajv
5297 silly ADD node_modules/workbox-build/node_modules/@apideck/better-ajv-errors
5298 silly ADD node_modules/workbox-broadcast-update
5299 silly ADD node_modules/workbox-background-sync
5300 silly ADD node_modules/word-wrap
5301 silly ADD node_modules/which-boxed-primitive
5302 silly ADD node_modules/which
5303 silly ADD node_modules/whatwg-url
5304 silly ADD node_modules/whatwg-mimetype
5305 silly ADD node_modules/whatwg-fetch
5306 silly ADD node_modules/whatwg-encoding
5307 silly ADD node_modules/whatwg-encoding/node_modules/iconv-lite
5308 silly ADD node_modules/websocket-extensions
5309 silly ADD node_modules/websocket-driver
5310 silly ADD node_modules/webpack-sources
5311 silly ADD node_modules/webpack-manifest-plugin
5312 silly ADD node_modules/webpack-manifest-plugin/node_modules/webpack-sources
5313 silly ADD node_modules/webpack-manifest-plugin/node_modules/source-map
5314 silly ADD node_modules/webpack-dev-server
5315 silly ADD node_modules/webpack-dev-server/node_modules/ws
5316 silly ADD node_modules/webpack-dev-server/node_modules/strip-ansi
5317 silly ADD node_modules/webpack-dev-server/node_modules/schema-utils
5318 silly ADD node_modules/webpack-dev-server/node_modules/json-schema-traverse
5319 silly ADD node_modules/webpack-dev-server/node_modules/ansi-regex
5320 silly ADD node_modules/webpack-dev-server/node_modules/ajv-keywords
5321 silly ADD node_modules/webpack-dev-server/node_modules/ajv
5322 silly ADD node_modules/webpack-dev-middleware
5323 silly ADD node_modules/webpack-dev-middleware/node_modules/schema-utils
5324 silly ADD node_modules/webpack-dev-middleware/node_modules/json-schema-traverse
5325 silly ADD node_modules/webpack-dev-middleware/node_modules/ajv-keywords
5326 silly ADD node_modules/webpack-dev-middleware/node_modules/ajv
5327 silly ADD node_modules/webpack
5328 silly ADD node_modules/webpack/node_modules/estraverse
5329 silly ADD node_modules/webpack/node_modules/eslint-scope
5330 silly ADD node_modules/webidl-conversions
5331 silly ADD node_modules/web-vitals
5332 silly ADD node_modules/wbuf
5333 silly ADD node_modules/watchpack
5334 silly ADD node_modules/walker
5335 silly ADD node_modules/w3c-xmlserializer
5336 silly ADD node_modules/w3c-hr-time
5337 silly ADD node_modules/vary
5338 silly ADD node_modules/v8-to-istanbul
5339 silly ADD node_modules/v8-to-istanbul/node_modules/source-map
5340 silly ADD node_modules/v8-compile-cache
5341 silly ADD node_modules/uuid
5342 silly ADD node_modules/utils-merge
5343 silly ADD node_modules/utila
5344 silly ADD node_modules/util.promisify
5345 silly ADD node_modules/util-deprecate
5346 silly ADD node_modules/uri-js
5347 silly ADD node_modules/upath
5348 silly ADD node_modules/unquote
5349 silly ADD node_modules/unpipe
5350 silly ADD node_modules/universalify
5351 silly ADD node_modules/unique-string
5352 silly ADD node_modules/unicode-property-aliases-ecmascript
5353 silly ADD node_modules/unicode-match-property-value-ecmascript
5354 silly ADD node_modules/unicode-match-property-ecmascript
5355 silly ADD node_modules/unicode-canonical-property-names-ecmascript
5356 silly ADD node_modules/unbox-primitive
5357 silly ADD node_modules/typescript
5358 silly ADD node_modules/typedarray-to-buffer
5359 silly ADD node_modules/type-is
5360 silly ADD node_modules/type-fest
5361 silly ADD node_modules/type-detect
5362 silly ADD node_modules/type-check
5363 silly ADD node_modules/tsutils
5364 silly ADD node_modules/tsutils/node_modules/tslib
5365 silly ADD node_modules/tslib
5366 silly ADD node_modules/tsconfig-paths
5367 silly ADD node_modules/tsconfig-paths/node_modules/strip-bom
5368 silly ADD node_modules/tsconfig-paths/node_modules/json5
5369 silly ADD node_modules/tryer
5370 silly ADD node_modules/tr46
5371 silly ADD node_modules/tough-cookie
5372 silly ADD node_modules/tough-cookie/node_modules/universalify
5373 silly ADD node_modules/toidentifier
5374 silly ADD node_modules/to-regex-range
5375 silly ADD node_modules/to-fast-properties
5376 silly ADD node_modules/tmpl
5377 silly ADD node_modules/tmp
5378 silly ADD node_modules/timsort
5379 silly ADD node_modules/thunky
5380 silly ADD node_modules/throat
5381 silly ADD node_modules/text-table
5382 silly ADD node_modules/test-exclude
5383 silly ADD node_modules/terser-webpack-plugin
5384 silly ADD node_modules/terser-webpack-plugin/node_modules/source-map
5385 silly ADD node_modules/terser
5386 silly ADD node_modules/terser/node_modules/source-map
5387 silly ADD node_modules/terser/node_modules/commander
5388 silly ADD node_modules/terminal-link
5389 silly ADD node_modules/tempy
5390 silly ADD node_modules/tempy/node_modules/type-fest
5391 silly ADD node_modules/temp-dir
5392 silly ADD node_modules/tapable
5393 silly ADD node_modules/tailwindcss
5394 silly ADD node_modules/tailwindcss/node_modules/supports-color
5395 silly ADD node_modules/tailwindcss/node_modules/has-flag
5396 silly ADD node_modules/tailwindcss/node_modules/color-name
5397 silly ADD node_modules/tailwindcss/node_modules/color-convert
5398 silly ADD node_modules/tailwindcss/node_modules/chalk
5399 silly ADD node_modules/tailwindcss/node_modules/ansi-styles
5400 silly ADD node_modules/symbol-tree
5401 silly ADD node_modules/svgo
5402 silly ADD node_modules/svgo/node_modules/nth-check
5403 silly ADD node_modules/svgo/node_modules/domutils
5404 silly ADD node_modules/svgo/node_modules/domutils/node_modules/domelementtype
5405 silly ADD node_modules/svgo/node_modules/dom-serializer
5406 silly ADD node_modules/svgo/node_modules/css-what
5407 silly ADD node_modules/svgo/node_modules/css-select
5408 silly ADD node_modules/svg-parser
5409 silly ADD node_modules/supports-preserve-symlinks-flag
5410 silly ADD node_modules/supports-hyperlinks
5411 silly ADD node_modules/supports-hyperlinks/node_modules/supports-color
5412 silly ADD node_modules/supports-hyperlinks/node_modules/has-flag
5413 silly ADD node_modules/supports-color
5414 silly ADD node_modules/stylehacks
5415 silly ADD node_modules/style-loader
5416 silly ADD node_modules/strip-json-comments
5417 silly ADD node_modules/strip-indent
5418 silly ADD node_modules/strip-final-newline
5419 silly ADD node_modules/strip-comments
5420 silly ADD node_modules/strip-bom
5421 silly ADD node_modules/strip-ansi
5422 silly ADD node_modules/stringify-object
5423 silly ADD node_modules/string.prototype.trimstart
5424 silly ADD node_modules/string.prototype.trimend
5425 silly ADD node_modules/string.prototype.matchall
5426 silly ADD node_modules/string-width
5427 silly ADD node_modules/string-width/node_modules/emoji-regex
5428 silly ADD node_modules/string-natural-compare
5429 silly ADD node_modules/string-length
5430 silly ADD node_modules/string_decoder
5431 silly ADD node_modules/string_decoder/node_modules/safe-buffer
5432 silly ADD node_modules/statuses
5433 silly ADD node_modules/stackframe
5434 silly ADD node_modules/stack-utils
5435 silly ADD node_modules/stack-utils/node_modules/escape-string-regexp
5436 silly ADD node_modules/stable
5437 silly ADD node_modules/sprintf-js
5438 silly ADD node_modules/spdy-transport
5439 silly ADD node_modules/spdy
5440 silly ADD node_modules/sourcemap-codec
5441 silly ADD node_modules/source-map-support
5442 silly ADD node_modules/source-map-support/node_modules/source-map
5443 silly ADD node_modules/source-map-resolve
5444 silly ADD node_modules/source-map-loader
5445 silly ADD node_modules/source-map-js
5446 silly ADD node_modules/source-map
5447 silly ADD node_modules/source-list-map
5448 silly ADD node_modules/sockjs
5449 silly ADD node_modules/slash
5450 silly ADD node_modules/sisteransi
5451 silly ADD node_modules/signal-exit
5452 silly ADD node_modules/side-channel
5453 silly ADD node_modules/shell-quote
5454 silly ADD node_modules/shebang-regex
5455 silly ADD node_modules/shebang-command
5456 silly ADD node_modules/setprototypeof
5457 silly ADD node_modules/setimmediate
5458 silly ADD node_modules/serve-static
5459 silly ADD node_modules/serve-index
5460 silly ADD node_modules/serve-index/node_modules/setprototypeof
5461 silly ADD node_modules/serve-index/node_modules/ms
5462 silly ADD node_modules/serve-index/node_modules/inherits
5463 silly ADD node_modules/serve-index/node_modules/http-errors
5464 silly ADD node_modules/serve-index/node_modules/debug
5465 silly ADD node_modules/serialize-javascript
5466 silly ADD node_modules/send
5467 silly ADD node_modules/send/node_modules/ms
5468 silly ADD node_modules/send/node_modules/debug
5469 silly ADD node_modules/send/node_modules/debug/node_modules/ms
5470 silly ADD node_modules/semver
5471 silly ADD node_modules/selfsigned
5472 silly ADD node_modules/selenium-webdriver
5473 silly ADD node_modules/select-hose
5474 silly ADD node_modules/schema-utils
5475 silly ADD node_modules/scheduler
5476 silly ADD node_modules/saxes
5477 silly ADD node_modules/sax
5478 silly ADD node_modules/sass-loader
5479 silly ADD node_modules/sanitize.css
5480 silly ADD node_modules/safer-buffer
5481 silly ADD node_modules/safe-buffer
5482 silly ADD node_modules/run-parallel
5483 silly ADD node_modules/rollup-plugin-terser
5484 silly ADD node_modules/rollup-plugin-terser/node_modules/supports-color
5485 silly ADD node_modules/rollup-plugin-terser/node_modules/serialize-javascript
5486 silly ADD node_modules/rollup-plugin-terser/node_modules/jest-worker
5487 silly ADD node_modules/rollup-plugin-terser/node_modules/has-flag
5488 silly ADD node_modules/rollup
5489 silly ADD node_modules/rimraf
5490 silly ADD node_modules/reusify
5491 silly ADD node_modules/retry
5492 silly ADD node_modules/resolve.exports
5493 silly ADD node_modules/resolve-url-loader
5494 silly ADD node_modules/resolve-url-loader/node_modules/source-map
5495 silly ADD node_modules/resolve-url-loader/node_modules/postcss
5496 silly ADD node_modules/resolve-url-loader/node_modules/picocolors
5497 silly ADD node_modules/resolve-from
5498 silly ADD node_modules/resolve-cwd
5499 silly ADD node_modules/resolve
5500 silly ADD node_modules/requires-port
5501 silly ADD node_modules/require-from-string
5502 silly ADD node_modules/require-directory
5503 silly ADD node_modules/renderkid
5504 silly ADD node_modules/relateurl
5505 silly ADD node_modules/regjsparser
5506 silly ADD node_modules/regjsparser/node_modules/jsesc
5507 silly ADD node_modules/regjsgen
5508 silly ADD node_modules/regexpu-core
5509 silly ADD node_modules/regexpp
5510 silly ADD node_modules/regexp.prototype.flags
5511 silly ADD node_modules/regex-parser
5512 silly ADD node_modules/regenerator-transform
5513 silly ADD node_modules/regenerator-runtime
5514 silly ADD node_modules/regenerate-unicode-properties
5515 silly ADD node_modules/regenerate
5516 silly ADD node_modules/redent
5517 silly ADD node_modules/recursive-readdir
5518 silly ADD node_modules/recursive-readdir/node_modules/minimatch
5519 silly ADD node_modules/readdirp
5520 silly ADD node_modules/readable-stream
5521 silly ADD node_modules/react-scripts
5522 silly ADD node_modules/react-router-dom
5523 silly ADD node_modules/react-router-dom/node_modules/history
5524 silly ADD node_modules/react-router
5525 silly ADD node_modules/react-router/node_modules/history
5526 silly ADD node_modules/react-refresh
5527 silly ADD node_modules/react-is
5528 silly ADD node_modules/react-icons
5529 silly ADD node_modules/react-error-overlay
5530 silly ADD node_modules/react-dom
5531 silly ADD node_modules/react-dev-utils
5532 silly ADD node_modules/react-dev-utils/node_modules/supports-color
5533 silly ADD node_modules/react-dev-utils/node_modules/loader-utils
5534 silly ADD node_modules/react-dev-utils/node_modules/has-flag
5535 silly ADD node_modules/react-dev-utils/node_modules/escape-string-regexp
5536 silly ADD node_modules/react-dev-utils/node_modules/color-name
5537 silly ADD node_modules/react-dev-utils/node_modules/color-convert
5538 silly ADD node_modules/react-dev-utils/node_modules/chalk
5539 silly ADD node_modules/react-dev-utils/node_modules/ansi-styles
5540 silly ADD node_modules/react-app-polyfill
5541 silly ADD node_modules/react
5542 silly ADD node_modules/raw-body
5543 silly ADD node_modules/raw-body/node_modules/iconv-lite
5544 silly ADD node_modules/raw-body/node_modules/bytes
5545 silly ADD node_modules/range-parser
5546 silly ADD node_modules/randombytes
5547 silly ADD node_modules/raf
5548 silly ADD node_modules/quick-lru
5549 silly ADD node_modules/queue-microtask
5550 silly ADD node_modules/qs
5551 silly ADD node_modules/q
5552 silly ADD node_modules/punycode
5553 silly ADD node_modules/psl
5554 silly ADD node_modules/proxy-addr
5555 silly ADD node_modules/proxy-addr/node_modules/ipaddr.js
5556 silly ADD node_modules/protobufjs
5557 silly ADD node_modules/prop-types
5558 silly ADD node_modules/prop-types/node_modules/react-is
5559 silly ADD node_modules/prompts
5560 silly ADD node_modules/promise-polyfill
5561 silly ADD node_modules/promise
5562 silly ADD node_modules/process-nextick-args
5563 silly ADD node_modules/pretty-format
5564 silly ADD node_modules/pretty-format/node_modules/ansi-styles
5565 silly ADD node_modules/pretty-error
5566 silly ADD node_modules/pretty-bytes
5567 silly ADD node_modules/prelude-ls
5568 silly ADD node_modules/postcss-value-parser
5569 silly ADD node_modules/postcss-unique-selectors
5570 silly ADD node_modules/postcss-svgo
5571 silly ADD node_modules/postcss-svgo/node_modules/svgo
5572 silly ADD node_modules/postcss-svgo/node_modules/source-map
5573 silly ADD node_modules/postcss-svgo/node_modules/mdn-data
5574 silly ADD node_modules/postcss-svgo/node_modules/css-tree
5575 silly ADD node_modules/postcss-svgo/node_modules/commander
5576 silly ADD node_modules/postcss-selector-parser
5577 silly ADD node_modules/postcss-selector-not
5578 silly ADD node_modules/postcss-replace-overflow-wrap
5579 silly ADD node_modules/postcss-reduce-transforms
5580 silly ADD node_modules/postcss-reduce-initial
5581 silly ADD node_modules/postcss-pseudo-class-any-link
5582 silly ADD node_modules/postcss-preset-env
5583 silly ADD node_modules/postcss-place
5584 silly ADD node_modules/postcss-page-break
5585 silly ADD node_modules/postcss-overflow-shorthand
5586 silly ADD node_modules/postcss-ordered-values
5587 silly ADD node_modules/postcss-opacity-percentage
5588 silly ADD node_modules/postcss-normalize-whitespace
5589 silly ADD node_modules/postcss-normalize-url
5590 silly ADD node_modules/postcss-normalize-unicode
5591 silly ADD node_modules/postcss-normalize-timing-functions
5592 silly ADD node_modules/postcss-normalize-string
5593 silly ADD node_modules/postcss-normalize-repeat-style
5594 silly ADD node_modules/postcss-normalize-positions
5595 silly ADD node_modules/postcss-normalize-display-values
5596 silly ADD node_modules/postcss-normalize-charset
5597 silly ADD node_modules/postcss-normalize
5598 silly ADD node_modules/postcss-nesting
5599 silly ADD node_modules/postcss-nested
5600 silly ADD node_modules/postcss-modules-values
5601 silly ADD node_modules/postcss-modules-scope
5602 silly ADD node_modules/postcss-modules-local-by-default
5603 silly ADD node_modules/postcss-modules-extract-imports
5604 silly ADD node_modules/postcss-minify-selectors
5605 silly ADD node_modules/postcss-minify-params
5606 silly ADD node_modules/postcss-minify-gradients
5607 silly ADD node_modules/postcss-minify-font-values
5608 silly ADD node_modules/postcss-merge-rules
5609 silly ADD node_modules/postcss-merge-longhand
5610 silly ADD node_modules/postcss-media-minmax
5611 silly ADD node_modules/postcss-logical
5612 silly ADD node_modules/postcss-loader
5613 silly ADD node_modules/postcss-load-config
5614 silly ADD node_modules/postcss-lab-function
5615 silly ADD node_modules/postcss-js
5616 silly ADD node_modules/postcss-initial
5617 silly ADD node_modules/postcss-image-set-function
5618 silly ADD node_modules/postcss-gap-properties
5619 silly ADD node_modules/postcss-font-variant
5620 silly ADD node_modules/postcss-focus-within
5621 silly ADD node_modules/postcss-focus-visible
5622 silly ADD node_modules/postcss-flexbugs-fixes
5623 silly ADD node_modules/postcss-env-function
5624 silly ADD node_modules/postcss-double-position-gradients
5625 silly ADD node_modules/postcss-discard-overridden
5626 silly ADD node_modules/postcss-discard-empty
5627 silly ADD node_modules/postcss-discard-duplicates
5628 silly ADD node_modules/postcss-discard-comments
5629 silly ADD node_modules/postcss-dir-pseudo-class
5630 silly ADD node_modules/postcss-custom-selectors
5631 silly ADD node_modules/postcss-custom-properties
5632 silly ADD node_modules/postcss-custom-media
5633 silly ADD node_modules/postcss-convert-values
5634 silly ADD node_modules/postcss-colormin
5635 silly ADD node_modules/postcss-color-rebeccapurple
5636 silly ADD node_modules/postcss-color-hex-alpha
5637 silly ADD node_modules/postcss-color-functional-notation
5638 silly ADD node_modules/postcss-calc
5639 silly ADD node_modules/postcss-browser-comments
5640 silly ADD node_modules/postcss-attribute-case-insensitive
5641 silly ADD node_modules/postcss
5642 silly ADD node_modules/portfinder
5643 silly ADD node_modules/portfinder/node_modules/debug
5644 silly ADD node_modules/pkg-up
5645 silly ADD node_modules/pkg-up/node_modules/path-exists
5646 silly ADD node_modules/pkg-up/node_modules/p-locate
5647 silly ADD node_modules/pkg-up/node_modules/p-limit
5648 silly ADD node_modules/pkg-up/node_modules/locate-path
5649 silly ADD node_modules/pkg-up/node_modules/find-up
5650 silly ADD node_modules/pkg-dir
5651 silly ADD node_modules/pkg-dir/node_modules/p-locate
5652 silly ADD node_modules/pkg-dir/node_modules/p-limit
5653 silly ADD node_modules/pkg-dir/node_modules/locate-path
5654 silly ADD node_modules/pkg-dir/node_modules/find-up
5655 silly ADD node_modules/pirates
5656 silly ADD node_modules/picomatch
5657 silly ADD node_modules/picocolors
5658 silly ADD node_modules/performance-now
5659 silly ADD node_modules/path-type
5660 silly ADD node_modules/path-to-regexp
5661 silly ADD node_modules/path-parse
5662 silly ADD node_modules/path-key
5663 silly ADD node_modules/path-is-absolute
5664 silly ADD node_modules/path-exists
5665 silly ADD node_modules/pascal-case
5666 silly ADD node_modules/parseurl
5667 silly ADD node_modules/parse5
5668 silly ADD node_modules/parse-json
5669 silly ADD node_modules/parent-module
5670 silly ADD node_modules/param-case
5671 silly ADD node_modules/pako
5672 silly ADD node_modules/p-try
5673 silly ADD node_modules/p-retry
5674 silly ADD node_modules/p-map
5675 silly ADD node_modules/p-locate
5676 silly ADD node_modules/p-limit
5677 silly ADD node_modules/optionator
5678 silly ADD node_modules/open
5679 silly ADD node_modules/onetime
5680 silly ADD node_modules/once
5681 silly ADD node_modules/on-headers
5682 silly ADD node_modules/on-finished
5683 silly ADD node_modules/obuf
5684 silly ADD node_modules/object.values
5685 silly ADD node_modules/object.hasown
5686 silly ADD node_modules/object.getownpropertydescriptors
5687 silly ADD node_modules/object.fromentries
5688 silly ADD node_modules/object.entries
5689 silly ADD node_modules/object.assign
5690 silly ADD node_modules/object-keys
5691 silly ADD node_modules/object-is
5692 silly ADD node_modules/object-inspect
5693 silly ADD node_modules/object-hash
5694 silly ADD node_modules/object-assign
5695 silly ADD node_modules/nwsapi
5696 silly ADD node_modules/nth-check
5697 silly ADD node_modules/npm-run-path
5698 silly ADD node_modules/normalize-url
5699 silly ADD node_modules/normalize-range
5700 silly ADD node_modules/normalize-path
5701 silly ADD node_modules/node-releases
5702 silly ADD node_modules/node-int64
5703 silly ADD node_modules/node-forge
5704 silly ADD node_modules/node-fetch
5705 silly ADD node_modules/node-fetch/node_modules/whatwg-url
5706 silly ADD node_modules/node-fetch/node_modules/webidl-conversions
5707 silly ADD node_modules/node-fetch/node_modules/tr46
5708 silly ADD node_modules/no-case
5709 silly ADD node_modules/neo-async
5710 silly ADD node_modules/negotiator
5711 silly ADD node_modules/natural-compare
5712 silly ADD node_modules/nanoid
5713 silly ADD node_modules/multicast-dns-service-types
5714 silly ADD node_modules/multicast-dns
5715 silly ADD node_modules/ms
5716 silly ADD node_modules/mkdirp
5717 silly ADD node_modules/minimist
5718 silly ADD node_modules/minimatch
5719 silly ADD node_modules/minimalistic-assert
5720 silly ADD node_modules/mini-css-extract-plugin
5721 silly ADD node_modules/mini-css-extract-plugin/node_modules/schema-utils
5722 silly ADD node_modules/mini-css-extract-plugin/node_modules/json-schema-traverse
5723 silly ADD node_modules/mini-css-extract-plugin/node_modules/ajv-keywords
5724 silly ADD node_modules/mini-css-extract-plugin/node_modules/ajv
5725 silly ADD node_modules/min-indent
5726 silly ADD node_modules/mimic-fn
5727 silly ADD node_modules/mime-types
5728 silly ADD node_modules/mime-db
5729 silly ADD node_modules/mime
5730 silly ADD node_modules/micromatch
5731 silly ADD node_modules/methods
5732 silly ADD node_modules/merge2
5733 silly ADD node_modules/merge-stream
5734 silly ADD node_modules/merge-descriptors
5735 silly ADD node_modules/memfs
5736 silly ADD node_modules/media-typer
5737 silly ADD node_modules/mdn-data
5738 silly ADD node_modules/makeerror
5739 silly ADD node_modules/make-dir
5740 silly ADD node_modules/make-dir/node_modules/semver
5741 silly ADD node_modules/magic-string
5742 silly ADD node_modules/lz-string
5743 silly ADD node_modules/lru-cache
5744 silly ADD node_modules/lower-case
5745 silly ADD node_modules/loose-envify
5746 silly ADD node_modules/long
5747 silly ADD node_modules/lodash.uniq
5748 silly ADD node_modules/lodash.sortby
5749 silly ADD node_modules/lodash.merge
5750 silly ADD node_modules/lodash.memoize
5751 silly ADD node_modules/lodash.debounce
5752 silly ADD node_modules/lodash.camelcase
5753 silly ADD node_modules/lodash
5754 silly ADD node_modules/locate-path
5755 silly ADD node_modules/loader-utils
5756 silly ADD node_modules/loader-runner
5757 silly ADD node_modules/lines-and-columns
5758 silly ADD node_modules/lilconfig
5759 silly ADD node_modules/lie
5760 silly ADD node_modules/levn
5761 silly ADD node_modules/leven
5762 silly ADD node_modules/language-tags
5763 silly ADD node_modules/language-subtag-registry
5764 silly ADD node_modules/klona
5765 silly ADD node_modules/kleur
5766 silly ADD node_modules/kind-of
5767 silly ADD node_modules/jszip
5768 silly ADD node_modules/jszip/node_modules/string_decoder
5769 silly ADD node_modules/jszip/node_modules/readable-stream
5770 silly ADD node_modules/jsx-ast-utils
5771 silly ADD node_modules/jsonpointer
5772 silly ADD node_modules/jsonfile
5773 silly ADD node_modules/json5
5774 silly ADD node_modules/json-stable-stringify-without-jsonify
5775 silly ADD node_modules/json-schema-traverse
5776 silly ADD node_modules/json-schema
5777 silly ADD node_modules/json-parse-even-better-errors
5778 silly ADD node_modules/json-parse-better-errors
5779 silly ADD node_modules/jsesc
5780 silly ADD node_modules/jsdom
5781 silly ADD node_modules/js-yaml
5782 silly ADD node_modules/js-tokens
5783 silly ADD node_modules/jest-worker
5784 silly ADD node_modules/jest-worker/node_modules/supports-color
5785 silly ADD node_modules/jest-worker/node_modules/has-flag
5786 silly ADD node_modules/jest-watcher
5787 silly ADD node_modules/jest-watcher/node_modules/supports-color
5788 silly ADD node_modules/jest-watcher/node_modules/has-flag
5789 silly ADD node_modules/jest-watcher/node_modules/color-name
5790 silly ADD node_modules/jest-watcher/node_modules/color-convert
5791 silly ADD node_modules/jest-watcher/node_modules/chalk
5792 silly ADD node_modules/jest-watcher/node_modules/ansi-styles
5793 silly ADD node_modules/jest-watch-typeahead
5794 silly ADD node_modules/jest-watch-typeahead/node_modules/supports-color
5795 silly ADD node_modules/jest-watch-typeahead/node_modules/strip-ansi
5796 silly ADD node_modules/jest-watch-typeahead/node_modules/string-length
5797 silly ADD node_modules/jest-watch-typeahead/node_modules/slash
5798 silly ADD node_modules/jest-watch-typeahead/node_modules/has-flag
5799 silly ADD node_modules/jest-watch-typeahead/node_modules/color-name
5800 silly ADD node_modules/jest-watch-typeahead/node_modules/color-convert
5801 silly ADD node_modules/jest-watch-typeahead/node_modules/char-regex
5802 silly ADD node_modules/jest-watch-typeahead/node_modules/chalk
5803 silly ADD node_modules/jest-watch-typeahead/node_modules/ansi-styles
5804 silly ADD node_modules/jest-watch-typeahead/node_modules/ansi-regex
5805 silly ADD node_modules/jest-validate
5806 silly ADD node_modules/jest-validate/node_modules/supports-color
5807 silly ADD node_modules/jest-validate/node_modules/has-flag
5808 silly ADD node_modules/jest-validate/node_modules/color-name
5809 silly ADD node_modules/jest-validate/node_modules/color-convert
5810 silly ADD node_modules/jest-validate/node_modules/chalk
5811 silly ADD node_modules/jest-validate/node_modules/ansi-styles
5812 silly ADD node_modules/jest-util
5813 silly ADD node_modules/jest-util/node_modules/supports-color
5814 silly ADD node_modules/jest-util/node_modules/has-flag
5815 silly ADD node_modules/jest-util/node_modules/color-name
5816 silly ADD node_modules/jest-util/node_modules/color-convert
5817 silly ADD node_modules/jest-util/node_modules/chalk
5818 silly ADD node_modules/jest-util/node_modules/ansi-styles
5819 silly ADD node_modules/jest-snapshot
5820 silly ADD node_modules/jest-snapshot/node_modules/supports-color
5821 silly ADD node_modules/jest-snapshot/node_modules/has-flag
5822 silly ADD node_modules/jest-snapshot/node_modules/color-name
5823 silly ADD node_modules/jest-snapshot/node_modules/color-convert
5824 silly ADD node_modules/jest-snapshot/node_modules/chalk
5825 silly ADD node_modules/jest-snapshot/node_modules/ansi-styles
5826 silly ADD node_modules/jest-serializer
5827 silly ADD node_modules/jest-runtime
5828 silly ADD node_modules/jest-runtime/node_modules/supports-color
5829 silly ADD node_modules/jest-runtime/node_modules/has-flag
5830 silly ADD node_modules/jest-runtime/node_modules/color-name
5831 silly ADD node_modules/jest-runtime/node_modules/color-convert
5832 silly ADD node_modules/jest-runtime/node_modules/chalk
5833 silly ADD node_modules/jest-runtime/node_modules/ansi-styles
5834 silly ADD node_modules/jest-runner
5835 silly ADD node_modules/jest-runner/node_modules/supports-color
5836 silly ADD node_modules/jest-runner/node_modules/has-flag
5837 silly ADD node_modules/jest-runner/node_modules/color-name
5838 silly ADD node_modules/jest-runner/node_modules/color-convert
5839 silly ADD node_modules/jest-runner/node_modules/chalk
5840 silly ADD node_modules/jest-runner/node_modules/ansi-styles
5841 silly ADD node_modules/jest-resolve-dependencies
5842 silly ADD node_modules/jest-resolve
5843 silly ADD node_modules/jest-resolve/node_modules/supports-color
5844 silly ADD node_modules/jest-resolve/node_modules/has-flag
5845 silly ADD node_modules/jest-resolve/node_modules/color-name
5846 silly ADD node_modules/jest-resolve/node_modules/color-convert
5847 silly ADD node_modules/jest-resolve/node_modules/chalk
5848 silly ADD node_modules/jest-resolve/node_modules/ansi-styles
5849 silly ADD node_modules/jest-regex-util
5850 silly ADD node_modules/jest-pnp-resolver
5851 silly ADD node_modules/jest-mock
5852 silly ADD node_modules/jest-message-util
5853 silly ADD node_modules/jest-message-util/node_modules/supports-color
5854 silly ADD node_modules/jest-message-util/node_modules/has-flag
5855 silly ADD node_modules/jest-message-util/node_modules/color-name
5856 silly ADD node_modules/jest-message-util/node_modules/color-convert
5857 silly ADD node_modules/jest-message-util/node_modules/chalk
5858 silly ADD node_modules/jest-message-util/node_modules/ansi-styles
5859 silly ADD node_modules/jest-matcher-utils
5860 silly ADD node_modules/jest-matcher-utils/node_modules/supports-color
5861 silly ADD node_modules/jest-matcher-utils/node_modules/has-flag
5862 silly ADD node_modules/jest-matcher-utils/node_modules/color-name
5863 silly ADD node_modules/jest-matcher-utils/node_modules/color-convert
5864 silly ADD node_modules/jest-matcher-utils/node_modules/chalk
5865 silly ADD node_modules/jest-matcher-utils/node_modules/ansi-styles
5866 silly ADD node_modules/jest-leak-detector
5867 silly ADD node_modules/jest-jasmine2
5868 silly ADD node_modules/jest-jasmine2/node_modules/supports-color
5869 silly ADD node_modules/jest-jasmine2/node_modules/has-flag
5870 silly ADD node_modules/jest-jasmine2/node_modules/color-name
5871 silly ADD node_modules/jest-jasmine2/node_modules/color-convert
5872 silly ADD node_modules/jest-jasmine2/node_modules/chalk
5873 silly ADD node_modules/jest-jasmine2/node_modules/ansi-styles
5874 silly ADD node_modules/jest-haste-map
5875 silly ADD node_modules/jest-get-type
5876 silly ADD node_modules/jest-environment-node
5877 silly ADD node_modules/jest-environment-jsdom
5878 silly ADD node_modules/jest-each
5879 silly ADD node_modules/jest-each/node_modules/supports-color
5880 silly ADD node_modules/jest-each/node_modules/has-flag
5881 silly ADD node_modules/jest-each/node_modules/color-name
5882 silly ADD node_modules/jest-each/node_modules/color-convert
5883 silly ADD node_modules/jest-each/node_modules/chalk
5884 silly ADD node_modules/jest-each/node_modules/ansi-styles
5885 silly ADD node_modules/jest-docblock
5886 silly ADD node_modules/jest-diff
5887 silly ADD node_modules/jest-diff/node_modules/supports-color
5888 silly ADD node_modules/jest-diff/node_modules/has-flag
5889 silly ADD node_modules/jest-diff/node_modules/color-name
5890 silly ADD node_modules/jest-diff/node_modules/color-convert
5891 silly ADD node_modules/jest-diff/node_modules/chalk
5892 silly ADD node_modules/jest-diff/node_modules/ansi-styles
5893 silly ADD node_modules/jest-config
5894 silly ADD node_modules/jest-config/node_modules/supports-color
5895 silly ADD node_modules/jest-config/node_modules/has-flag
5896 silly ADD node_modules/jest-config/node_modules/color-name
5897 silly ADD node_modules/jest-config/node_modules/color-convert
5898 silly ADD node_modules/jest-config/node_modules/chalk
5899 silly ADD node_modules/jest-config/node_modules/ansi-styles
5900 silly ADD node_modules/jest-cli
5901 silly ADD node_modules/jest-cli/node_modules/supports-color
5902 silly ADD node_modules/jest-cli/node_modules/has-flag
5903 silly ADD node_modules/jest-cli/node_modules/color-name
5904 silly ADD node_modules/jest-cli/node_modules/color-convert
5905 silly ADD node_modules/jest-cli/node_modules/chalk
5906 silly ADD node_modules/jest-cli/node_modules/ansi-styles
5907 silly ADD node_modules/jest-circus
5908 silly ADD node_modules/jest-circus/node_modules/supports-color
5909 silly ADD node_modules/jest-circus/node_modules/has-flag
5910 silly ADD node_modules/jest-circus/node_modules/color-name
5911 silly ADD node_modules/jest-circus/node_modules/color-convert
5912 silly ADD node_modules/jest-circus/node_modules/chalk
5913 silly ADD node_modules/jest-circus/node_modules/ansi-styles
5914 silly ADD node_modules/jest-changed-files
5915 silly ADD node_modules/jest
5916 silly ADD node_modules/jake
5917 silly ADD node_modules/jake/node_modules/async
5918 silly ADD node_modules/istanbul-reports
5919 silly ADD node_modules/istanbul-lib-source-maps
5920 silly ADD node_modules/istanbul-lib-source-maps/node_modules/source-map
5921 silly ADD node_modules/istanbul-lib-report
5922 silly ADD node_modules/istanbul-lib-report/node_modules/supports-color
5923 silly ADD node_modules/istanbul-lib-report/node_modules/has-flag
5924 silly ADD node_modules/istanbul-lib-instrument
5925 silly ADD node_modules/istanbul-lib-instrument/node_modules/semver
5926 silly ADD node_modules/istanbul-lib-coverage
5927 silly ADD node_modules/isexe
5928 silly ADD node_modules/isarray
5929 silly ADD node_modules/is-wsl
5930 silly ADD node_modules/is-weakref
5931 silly ADD node_modules/is-typedarray
5932 silly ADD node_modules/is-symbol
5933 silly ADD node_modules/is-string
5934 silly ADD node_modules/is-stream
5935 silly ADD node_modules/is-shared-array-buffer
5936 silly ADD node_modules/is-root
5937 silly ADD node_modules/is-regexp
5938 silly ADD node_modules/is-regex
5939 silly ADD node_modules/is-potential-custom-element-name
5940 silly ADD node_modules/is-plain-obj
5941 silly ADD node_modules/is-path-inside
5942 silly ADD node_modules/is-path-cwd
5943 silly ADD node_modules/is-obj
5944 silly ADD node_modules/is-number-object
5945 silly ADD node_modules/is-number
5946 silly ADD node_modules/is-negative-zero
5947 silly ADD node_modules/is-module
5948 silly ADD node_modules/is-glob
5949 silly ADD node_modules/is-generator-fn
5950 silly ADD node_modules/is-fullwidth-code-point
5951 silly ADD node_modules/is-extglob
5952 silly ADD node_modules/is-docker
5953 silly ADD node_modules/is-date-object
5954 silly ADD node_modules/is-core-module
5955 silly ADD node_modules/is-callable
5956 silly ADD node_modules/is-boolean-object
5957 silly ADD node_modules/is-binary-path
5958 silly ADD node_modules/is-bigint
5959 silly ADD node_modules/is-arrayish
5960 silly ADD node_modules/is-arguments
5961 silly ADD node_modules/ipaddr.js
5962 silly ADD node_modules/ip
5963 silly ADD node_modules/internal-slot
5964 silly ADD node_modules/ini
5965 silly ADD node_modules/inherits
5966 silly ADD node_modules/inflight
5967 silly ADD node_modules/indent-string
5968 silly ADD node_modules/imurmurhash
5969 silly ADD node_modules/import-local
5970 silly ADD node_modules/import-fresh
5971 silly ADD node_modules/import-fresh/node_modules/resolve-from
5972 silly ADD node_modules/immer
5973 silly ADD node_modules/immediate
5974 silly ADD node_modules/ignore
5975 silly ADD node_modules/identity-obj-proxy
5976 silly ADD node_modules/idb
5977 silly ADD node_modules/icss-utils
5978 silly ADD node_modules/iconv-lite
5979 silly ADD node_modules/human-signals
5980 silly ADD node_modules/https-proxy-agent
5981 silly ADD node_modules/http-proxy-middleware
5982 silly ADD node_modules/http-proxy-agent
5983 silly ADD node_modules/http-proxy
5984 silly ADD node_modules/http-parser-js
5985 silly ADD node_modules/http-errors
5986 silly ADD node_modules/http-deceiver
5987 silly ADD node_modules/htmlparser2
5988 silly ADD node_modules/html-webpack-plugin
5989 silly ADD node_modules/html-minifier-terser
5990 silly ADD node_modules/html-escaper
5991 silly ADD node_modules/html-entities
5992 silly ADD node_modules/html-encoding-sniffer
5993 silly ADD node_modules/hpack.js
5994 silly ADD node_modules/hpack.js/node_modules/string_decoder
5995 silly ADD node_modules/hpack.js/node_modules/readable-stream
5996 silly ADD node_modules/hoopy
5997 silly ADD node_modules/he
5998 silly ADD node_modules/has-tostringtag
5999 silly ADD node_modules/has-symbols
6000 silly ADD node_modules/has-flag
6001 silly ADD node_modules/has-bigints
6002 silly ADD node_modules/has
6003 silly ADD node_modules/harmony-reflect
6004 silly ADD node_modules/handle-thing
6005 silly ADD node_modules/gzip-size
6006 silly ADD node_modules/graceful-fs
6007 silly ADD node_modules/globby
6008 silly ADD node_modules/globals
6009 silly ADD node_modules/global-prefix
6010 silly ADD node_modules/global-prefix/node_modules/which
6011 silly ADD node_modules/global-modules
6012 silly ADD node_modules/glob-to-regexp
6013 silly ADD node_modules/glob-parent
6014 silly ADD node_modules/glob
6015 silly ADD node_modules/get-symbol-description
6016 silly ADD node_modules/get-stream
6017 silly ADD node_modules/get-package-type
6018 silly ADD node_modules/get-own-enumerable-property-symbols
6019 silly ADD node_modules/get-intrinsic
6020 silly ADD node_modules/get-caller-file
6021 silly ADD node_modules/gensync
6022 silly ADD node_modules/functional-red-black-tree
6023 silly ADD node_modules/function-bind
6024 silly ADD node_modules/fsevents
6025 silly ADD node_modules/fs.realpath
6026 silly ADD node_modules/fs-monkey
6027 silly ADD node_modules/fs-extra
6028 silly ADD node_modules/fresh
6029 silly ADD node_modules/fraction.js
6030 silly ADD node_modules/forwarded
6031 silly ADD node_modules/form-data
6032 silly ADD node_modules/fork-ts-checker-webpack-plugin
6033 silly ADD node_modules/fork-ts-checker-webpack-plugin/node_modules/tapable
6034 silly ADD node_modules/fork-ts-checker-webpack-plugin/node_modules/supports-color
6035 silly ADD node_modules/fork-ts-checker-webpack-plugin/node_modules/schema-utils
6036 silly ADD node_modules/fork-ts-checker-webpack-plugin/node_modules/has-flag
6037 silly ADD node_modules/fork-ts-checker-webpack-plugin/node_modules/fs-extra
6038 silly ADD node_modules/fork-ts-checker-webpack-plugin/node_modules/cosmiconfig
6039 silly ADD node_modules/fork-ts-checker-webpack-plugin/node_modules/color-name
6040 silly ADD node_modules/fork-ts-checker-webpack-plugin/node_modules/color-convert
6041 silly ADD node_modules/fork-ts-checker-webpack-plugin/node_modules/chalk
6042 silly ADD node_modules/fork-ts-checker-webpack-plugin/node_modules/ansi-styles
6043 silly ADD node_modules/follow-redirects
6044 silly ADD node_modules/flatted
6045 silly ADD node_modules/flat-cache
6046 silly ADD node_modules/firebase
6047 silly ADD node_modules/find-up
6048 silly ADD node_modules/find-cache-dir
6049 silly ADD node_modules/finalhandler
6050 silly ADD node_modules/finalhandler/node_modules/ms
6051 silly ADD node_modules/finalhandler/node_modules/debug
6052 silly ADD node_modules/fill-range
6053 silly ADD node_modules/filesize
6054 silly ADD node_modules/filelist
6055 silly ADD node_modules/file-loader
6056 silly ADD node_modules/file-entry-cache
6057 silly ADD node_modules/fb-watchman
6058 silly ADD node_modules/faye-websocket
6059 silly ADD node_modules/fastq
6060 silly ADD node_modules/fast-levenshtein
6061 silly ADD node_modules/fast-json-stable-stringify
6062 silly ADD node_modules/fast-glob
6063 silly ADD node_modules/fast-glob/node_modules/glob-parent
6064 silly ADD node_modules/fast-deep-equal
6065 silly ADD node_modules/express
6066 silly ADD node_modules/express/node_modules/safe-buffer
6067 silly ADD node_modules/express/node_modules/ms
6068 silly ADD node_modules/express/node_modules/debug
6069 silly ADD node_modules/express/node_modules/array-flatten
6070 silly ADD node_modules/expect
6071 silly ADD node_modules/exit
6072 silly ADD node_modules/execa
6073 silly ADD node_modules/events
6074 silly ADD node_modules/eventemitter3
6075 silly ADD node_modules/etag
6076 silly ADD node_modules/esutils
6077 silly ADD node_modules/estree-walker
6078 silly ADD node_modules/estraverse
6079 silly ADD node_modules/esrecurse
6080 silly ADD node_modules/esquery
6081 silly ADD node_modules/esprima
6082 silly ADD node_modules/espree
6083 silly ADD node_modules/eslint-webpack-plugin
6084 silly ADD node_modules/eslint-visitor-keys
6085 silly ADD node_modules/eslint-utils
6086 silly ADD node_modules/eslint-utils/node_modules/eslint-visitor-keys
6087 silly ADD node_modules/eslint-scope
6088 silly ADD node_modules/eslint-plugin-testing-library
6089 silly ADD node_modules/eslint-plugin-react-hooks
6090 silly ADD node_modules/eslint-plugin-react
6091 silly ADD node_modules/eslint-plugin-react/node_modules/semver
6092 silly ADD node_modules/eslint-plugin-react/node_modules/resolve
6093 silly ADD node_modules/eslint-plugin-react/node_modules/doctrine
6094 silly ADD node_modules/eslint-plugin-jsx-a11y
6095 silly ADD node_modules/eslint-plugin-jest
6096 silly ADD node_modules/eslint-plugin-import
6097 silly ADD node_modules/eslint-plugin-import/node_modules/ms
6098 silly ADD node_modules/eslint-plugin-import/node_modules/doctrine
6099 silly ADD node_modules/eslint-plugin-import/node_modules/debug
6100 silly ADD node_modules/eslint-plugin-flowtype
6101 silly ADD node_modules/eslint-module-utils
6102 silly ADD node_modules/eslint-module-utils/node_modules/path-exists
6103 silly ADD node_modules/eslint-module-utils/node_modules/p-try
6104 silly ADD node_modules/eslint-module-utils/node_modules/p-locate
6105 silly ADD node_modules/eslint-module-utils/node_modules/p-limit
6106 silly ADD node_modules/eslint-module-utils/node_modules/locate-path
6107 silly ADD node_modules/eslint-module-utils/node_modules/find-up
6108 silly ADD node_modules/eslint-module-utils/node_modules/debug
6109 silly ADD node_modules/eslint-import-resolver-node
6110 silly ADD node_modules/eslint-import-resolver-node/node_modules/debug
6111 silly ADD node_modules/eslint-config-react-app
6112 silly ADD node_modules/eslint
6113 silly ADD node_modules/eslint/node_modules/type-fest
6114 silly ADD node_modules/eslint/node_modules/supports-color
6115 silly ADD node_modules/eslint/node_modules/js-yaml
6116 silly ADD node_modules/eslint/node_modules/has-flag
6117 silly ADD node_modules/eslint/node_modules/globals
6118 silly ADD node_modules/eslint/node_modules/escape-string-regexp
6119 silly ADD node_modules/eslint/node_modules/color-name
6120 silly ADD node_modules/eslint/node_modules/color-convert
6121 silly ADD node_modules/eslint/node_modules/chalk
6122 silly ADD node_modules/eslint/node_modules/argparse
6123 silly ADD node_modules/eslint/node_modules/ansi-styles
6124 silly ADD node_modules/escodegen
6125 silly ADD node_modules/escodegen/node_modules/type-check
6126 silly ADD node_modules/escodegen/node_modules/source-map
6127 silly ADD node_modules/escodegen/node_modules/prelude-ls
6128 silly ADD node_modules/escodegen/node_modules/optionator
6129 silly ADD node_modules/escodegen/node_modules/levn
6130 silly ADD node_modules/escape-string-regexp
6131 silly ADD node_modules/escape-html
6132 silly ADD node_modules/escalade
6133 silly ADD node_modules/es-to-primitive
6134 silly ADD node_modules/es-module-lexer
6135 silly ADD node_modules/es-abstract
6136 silly ADD node_modules/error-stack-parser
6137 silly ADD node_modules/error-ex
6138 silly ADD node_modules/entities
6139 silly ADD node_modules/enhanced-resolve
6140 silly ADD node_modules/encodeurl
6141 silly ADD node_modules/emojis-list
6142 silly ADD node_modules/emoji-regex
6143 silly ADD node_modules/emittery
6144 silly ADD node_modules/electron-to-chromium
6145 silly ADD node_modules/ejs
6146 silly ADD node_modules/ee-first
6147 silly ADD node_modules/duplexer
6148 silly ADD node_modules/dotenv-expand
6149 silly ADD node_modules/dotenv
6150 silly ADD node_modules/dot-case
6151 silly ADD node_modules/domutils
6152 silly ADD node_modules/domhandler
6153 silly ADD node_modules/domexception
6154 silly ADD node_modules/domexception/node_modules/webidl-conversions
6155 silly ADD node_modules/domelementtype
6156 silly ADD node_modules/dom-serializer
6157 silly ADD node_modules/dom-converter
6158 silly ADD node_modules/dom-accessibility-api
6159 silly ADD node_modules/doctrine
6160 silly ADD node_modules/dns-txt
6161 silly ADD node_modules/dns-packet
6162 silly ADD node_modules/dns-equal
6163 silly ADD node_modules/dlv
6164 silly ADD node_modules/dir-glob
6165 silly ADD node_modules/diff-sequences
6166 silly ADD node_modules/didyoumean
6167 silly ADD node_modules/detective
6168 silly ADD node_modules/detect-port-alt
6169 silly ADD node_modules/detect-port-alt/node_modules/ms
6170 silly ADD node_modules/detect-port-alt/node_modules/debug
6171 silly ADD node_modules/detect-node
6172 silly ADD node_modules/detect-newline
6173 silly ADD node_modules/destroy
6174 silly ADD node_modules/depd
6175 silly ADD node_modules/delayed-stream
6176 silly ADD node_modules/del
6177 silly ADD node_modules/defined
6178 silly ADD node_modules/define-properties
6179 silly ADD node_modules/define-lazy-prop
6180 silly ADD node_modules/default-gateway
6181 silly ADD node_modules/deepmerge
6182 silly ADD node_modules/deep-is
6183 silly ADD node_modules/deep-equal
6184 silly ADD node_modules/dedent
6185 silly ADD node_modules/decode-uri-component
6186 silly ADD node_modules/decimal.js
6187 silly ADD node_modules/debug
6188 silly ADD node_modules/data-urls
6189 silly ADD node_modules/damerau-levenshtein
6190 silly ADD node_modules/csstype
6191 silly ADD node_modules/cssstyle
6192 silly ADD node_modules/cssstyle/node_modules/cssom
6193 silly ADD node_modules/cssom
6194 silly ADD node_modules/csso
6195 silly ADD node_modules/csso/node_modules/source-map
6196 silly ADD node_modules/csso/node_modules/mdn-data
6197 silly ADD node_modules/csso/node_modules/css-tree
6198 silly ADD node_modules/cssnano-utils
6199 silly ADD node_modules/cssnano-preset-default
6200 silly ADD node_modules/cssnano
6201 silly ADD node_modules/cssesc
6202 silly ADD node_modules/cssdb
6203 silly ADD node_modules/css.escape
6204 silly ADD node_modules/css-what
6205 silly ADD node_modules/css-tree
6206 silly ADD node_modules/css-tree/node_modules/source-map
6207 silly ADD node_modules/css-select-base-adapter
6208 silly ADD node_modules/css-select
6209 silly ADD node_modules/css-prefers-color-scheme
6210 silly ADD node_modules/css-minimizer-webpack-plugin
6211 silly ADD node_modules/css-minimizer-webpack-plugin/node_modules/source-map
6212 silly ADD node_modules/css-minimizer-webpack-plugin/node_modules/schema-utils
6213 silly ADD node_modules/css-minimizer-webpack-plugin/node_modules/json-schema-traverse
6214 silly ADD node_modules/css-minimizer-webpack-plugin/node_modules/ajv-keywords
6215 silly ADD node_modules/css-minimizer-webpack-plugin/node_modules/ajv
6216 silly ADD node_modules/css-loader
6217 silly ADD node_modules/css-has-pseudo
6218 silly ADD node_modules/css-declaration-sorter
6219 silly ADD node_modules/css-blank-pseudo
6220 silly ADD node_modules/css
6221 silly ADD node_modules/css/node_modules/source-map
6222 silly ADD node_modules/crypto-random-string
6223 silly ADD node_modules/cross-spawn
6224 silly ADD node_modules/cosmiconfig
6225 silly ADD node_modules/core-util-is
6226 silly ADD node_modules/core-js-pure
6227 silly ADD node_modules/core-js-compat
6228 silly ADD node_modules/core-js-compat/node_modules/semver
6229 silly ADD node_modules/core-js
6230 silly ADD node_modules/cookie-signature
6231 silly ADD node_modules/cookie
6232 silly ADD node_modules/convert-source-map
6233 silly ADD node_modules/content-type
6234 silly ADD node_modules/content-disposition
6235 silly ADD node_modules/content-disposition/node_modules/safe-buffer
6236 silly ADD node_modules/connect-history-api-fallback
6237 silly ADD node_modules/confusing-browser-globals
6238 silly ADD node_modules/concat-map
6239 silly ADD node_modules/compression
6240 silly ADD node_modules/compression/node_modules/ms
6241 silly ADD node_modules/compression/node_modules/debug
6242 silly ADD node_modules/compressible
6243 silly ADD node_modules/commondir
6244 silly ADD node_modules/common-tags
6245 silly ADD node_modules/common-path-prefix
6246 silly ADD node_modules/commander
6247 silly ADD node_modules/combined-stream
6248 silly ADD node_modules/colorette
6249 silly ADD node_modules/colord
6250 silly ADD node_modules/color-name
6251 silly ADD node_modules/color-convert
6252 silly ADD node_modules/collect-v8-coverage
6253 silly ADD node_modules/coa
6254 silly ADD node_modules/co
6255 silly ADD node_modules/cliui
6256 silly ADD node_modules/clean-stack
6257 silly ADD node_modules/clean-css
6258 silly ADD node_modules/clean-css/node_modules/source-map
6259 silly ADD node_modules/cjs-module-lexer
6260 silly ADD node_modules/ci-info
6261 silly ADD node_modules/chrome-trace-event
6262 silly ADD node_modules/chokidar
6263 silly ADD node_modules/chokidar/node_modules/glob-parent
6264 silly ADD node_modules/check-types
6265 silly ADD node_modules/charcodes
6266 silly ADD node_modules/char-regex
6267 silly ADD node_modules/chalk
6268 silly ADD node_modules/case-sensitive-paths-webpack-plugin
6269 silly ADD node_modules/caniuse-lite
6270 silly ADD node_modules/caniuse-api
6271 silly ADD node_modules/camelcase-css
6272 silly ADD node_modules/camelcase
6273 silly ADD node_modules/camel-case
6274 silly ADD node_modules/callsites
6275 silly ADD node_modules/call-bind
6276 silly ADD node_modules/bytes
6277 silly ADD node_modules/builtin-modules
6278 silly ADD node_modules/buffer-indexof
6279 silly ADD node_modules/buffer-from
6280 silly ADD node_modules/bser
6281 silly ADD node_modules/browserslist
6282 silly ADD node_modules/browser-process-hrtime
6283 silly ADD node_modules/braces
6284 silly ADD node_modules/brace-expansion
6285 silly ADD node_modules/boolbase
6286 silly ADD node_modules/bonjour
6287 silly ADD node_modules/body-parser
6288 silly ADD node_modules/body-parser/node_modules/ms
6289 silly ADD node_modules/body-parser/node_modules/iconv-lite
6290 silly ADD node_modules/body-parser/node_modules/debug
6291 silly ADD node_modules/body-parser/node_modules/bytes
6292 silly ADD node_modules/bluebird
6293 silly ADD node_modules/binary-extensions
6294 silly ADD node_modules/big.js
6295 silly ADD node_modules/bfj
6296 silly ADD node_modules/batch
6297 silly ADD node_modules/balanced-match
6298 silly ADD node_modules/babel-preset-react-app
6299 silly ADD node_modules/babel-preset-jest
6300 silly ADD node_modules/babel-preset-current-node-syntax
6301 silly ADD node_modules/babel-plugin-transform-react-remove-prop-types
6302 silly ADD node_modules/babel-plugin-polyfill-regenerator
6303 silly ADD node_modules/babel-plugin-polyfill-corejs3
6304 silly ADD node_modules/babel-plugin-polyfill-corejs2
6305 silly ADD node_modules/babel-plugin-polyfill-corejs2/node_modules/semver
6306 silly ADD node_modules/babel-plugin-named-asset-import
6307 silly ADD node_modules/babel-plugin-macros
6308 silly ADD node_modules/babel-plugin-jest-hoist
6309 silly ADD node_modules/babel-plugin-istanbul
6310 silly ADD node_modules/babel-plugin-dynamic-import-node
6311 silly ADD node_modules/babel-loader
6312 silly ADD node_modules/babel-loader/node_modules/schema-utils
6313 silly ADD node_modules/babel-loader/node_modules/loader-utils
6314 silly ADD node_modules/babel-loader/node_modules/json5
6315 silly ADD node_modules/babel-jest
6316 silly ADD node_modules/babel-jest/node_modules/supports-color
6317 silly ADD node_modules/babel-jest/node_modules/has-flag
6318 silly ADD node_modules/babel-jest/node_modules/color-name
6319 silly ADD node_modules/babel-jest/node_modules/color-convert
6320 silly ADD node_modules/babel-jest/node_modules/chalk
6321 silly ADD node_modules/babel-jest/node_modules/ansi-styles
6322 silly ADD node_modules/axobject-query
6323 silly ADD node_modules/axe-core
6324 silly ADD node_modules/autoprefixer
6325 silly ADD node_modules/atob
6326 silly ADD node_modules/at-least-node
6327 silly ADD node_modules/asynckit
6328 silly ADD node_modules/async
6329 silly ADD node_modules/ast-types-flow
6330 silly ADD node_modules/asap
6331 silly ADD node_modules/array.prototype.flatmap
6332 silly ADD node_modules/array.prototype.flat
6333 silly ADD node_modules/array-union
6334 silly ADD node_modules/array-includes
6335 silly ADD node_modules/array-flatten
6336 silly ADD node_modules/aria-query
6337 silly ADD node_modules/argparse
6338 silly ADD node_modules/arg
6339 silly ADD node_modules/anymatch
6340 silly ADD node_modules/ansi-styles
6341 silly ADD node_modules/ansi-regex
6342 silly ADD node_modules/ansi-html-community
6343 silly ADD node_modules/ansi-escapes
6344 silly ADD node_modules/ajv-keywords
6345 silly ADD node_modules/ajv-formats
6346 silly ADD node_modules/ajv-formats/node_modules/json-schema-traverse
6347 silly ADD node_modules/ajv-formats/node_modules/ajv
6348 silly ADD node_modules/ajv
6349 silly ADD node_modules/aggregate-error
6350 silly ADD node_modules/agent-base
6351 silly ADD node_modules/adjust-sourcemap-loader
6352 silly ADD node_modules/address
6353 silly ADD node_modules/acorn-walk
6354 silly ADD node_modules/acorn-node
6355 silly ADD node_modules/acorn-node/node_modules/acorn
6356 silly ADD node_modules/acorn-jsx
6357 silly ADD node_modules/acorn-import-assertions
6358 silly ADD node_modules/acorn-globals
6359 silly ADD node_modules/acorn-globals/node_modules/acorn
6360 silly ADD node_modules/acorn
6361 silly ADD node_modules/accepts
6362 silly ADD node_modules/abab
6363 silly ADD node_modules/@xtuc/long
6364 silly ADD node_modules/@xtuc/ieee754
6365 silly ADD node_modules/@webassemblyjs/wast-printer
6366 silly ADD node_modules/@webassemblyjs/wasm-parser
6367 silly ADD node_modules/@webassemblyjs/wasm-opt
6368 silly ADD node_modules/@webassemblyjs/wasm-gen
6369 silly ADD node_modules/@webassemblyjs/wasm-edit
6370 silly ADD node_modules/@webassemblyjs/utf8
6371 silly ADD node_modules/@webassemblyjs/leb128
6372 silly ADD node_modules/@webassemblyjs/ieee754
6373 silly ADD node_modules/@webassemblyjs/helper-wasm-section
6374 silly ADD node_modules/@webassemblyjs/helper-wasm-bytecode
6375 silly ADD node_modules/@webassemblyjs/helper-numbers
6376 silly ADD node_modules/@webassemblyjs/helper-buffer
6377 silly ADD node_modules/@webassemblyjs/helper-api-error
6378 silly ADD node_modules/@webassemblyjs/floating-point-hex-parser
6379 silly ADD node_modules/@webassemblyjs/ast
6380 silly ADD node_modules/@typescript-eslint/visitor-keys
6381 silly ADD node_modules/@typescript-eslint/utils
6382 silly ADD node_modules/@typescript-eslint/utils/node_modules/estraverse
6383 silly ADD node_modules/@typescript-eslint/utils/node_modules/eslint-scope
6384 silly ADD node_modules/@typescript-eslint/typescript-estree
6385 silly ADD node_modules/@typescript-eslint/types
6386 silly ADD node_modules/@typescript-eslint/type-utils
6387 silly ADD node_modules/@typescript-eslint/scope-manager
6388 silly ADD node_modules/@typescript-eslint/parser
6389 silly ADD node_modules/@typescript-eslint/experimental-utils
6390 silly ADD node_modules/@typescript-eslint/eslint-plugin
6391 silly ADD node_modules/@types/yargs-parser
6392 silly ADD node_modules/@types/yargs
6393 silly ADD node_modules/@types/ws
6394 silly ADD node_modules/@types/trusted-types
6395 silly ADD node_modules/@types/testing-library__jest-dom
6396 silly ADD node_modules/@types/stack-utils
6397 silly ADD node_modules/@types/sockjs
6398 silly ADD node_modules/@types/serve-static
6399 silly ADD node_modules/@types/serve-index
6400 silly ADD node_modules/@types/scheduler
6401 silly ADD node_modules/@types/retry
6402 silly ADD node_modules/@types/resolve
6403 silly ADD node_modules/@types/react-dom
6404 silly ADD node_modules/@types/react
6405 silly ADD node_modules/@types/range-parser
6406 silly ADD node_modules/@types/qs
6407 silly ADD node_modules/@types/q
6408 silly ADD node_modules/@types/prop-types
6409 silly ADD node_modules/@types/prettier
6410 silly ADD node_modules/@types/parse-json
6411 silly ADD node_modules/@types/node
6412 silly ADD node_modules/@types/mime
6413 silly ADD node_modules/@types/long
6414 silly ADD node_modules/@types/json5
6415 silly ADD node_modules/@types/json-schema
6416 silly ADD node_modules/@types/jest
6417 silly ADD node_modules/@types/istanbul-reports
6418 silly ADD node_modules/@types/istanbul-lib-report
6419 silly ADD node_modules/@types/istanbul-lib-coverage
6420 silly ADD node_modules/@types/http-proxy
6421 silly ADD node_modules/@types/html-minifier-terser
6422 silly ADD node_modules/@types/graceful-fs
6423 silly ADD node_modules/@types/express-serve-static-core
6424 silly ADD node_modules/@types/express
6425 silly ADD node_modules/@types/estree
6426 silly ADD node_modules/@types/eslint-scope
6427 silly ADD node_modules/@types/eslint
6428 silly ADD node_modules/@types/connect-history-api-fallback
6429 silly ADD node_modules/@types/connect
6430 silly ADD node_modules/@types/bonjour
6431 silly ADD node_modules/@types/body-parser
6432 silly ADD node_modules/@types/babel__traverse
6433 silly ADD node_modules/@types/babel__template
6434 silly ADD node_modules/@types/babel__generator
6435 silly ADD node_modules/@types/babel__core
6436 silly ADD node_modules/@types/aria-query
6437 silly ADD node_modules/@trysound/sax
6438 silly ADD node_modules/@tootallnate/once
6439 silly ADD node_modules/@testing-library/user-event
6440 silly ADD node_modules/@testing-library/react
6441 silly ADD node_modules/@testing-library/jest-dom
6442 silly ADD node_modules/@testing-library/jest-dom/node_modules/supports-color
6443 silly ADD node_modules/@testing-library/jest-dom/node_modules/has-flag
6444 silly ADD node_modules/@testing-library/jest-dom/node_modules/color-name
6445 silly ADD node_modules/@testing-library/jest-dom/node_modules/color-convert
6446 silly ADD node_modules/@testing-library/jest-dom/node_modules/chalk
6447 silly ADD node_modules/@testing-library/jest-dom/node_modules/aria-query
6448 silly ADD node_modules/@testing-library/jest-dom/node_modules/ansi-styles
6449 silly ADD node_modules/@testing-library/dom
6450 silly ADD node_modules/@testing-library/dom/node_modules/supports-color
6451 silly ADD node_modules/@testing-library/dom/node_modules/has-flag
6452 silly ADD node_modules/@testing-library/dom/node_modules/color-name
6453 silly ADD node_modules/@testing-library/dom/node_modules/color-convert
6454 silly ADD node_modules/@testing-library/dom/node_modules/chalk
6455 silly ADD node_modules/@testing-library/dom/node_modules/aria-query
6456 silly ADD node_modules/@testing-library/dom/node_modules/ansi-styles
6457 silly ADD node_modules/@svgr/webpack
6458 silly ADD node_modules/@svgr/plugin-svgo
6459 silly ADD node_modules/@svgr/plugin-jsx
6460 silly ADD node_modules/@svgr/hast-util-to-babel-ast
6461 silly ADD node_modules/@svgr/core
6462 silly ADD node_modules/@svgr/babel-preset
6463 silly ADD node_modules/@svgr/babel-plugin-transform-svg-component
6464 silly ADD node_modules/@svgr/babel-plugin-transform-react-native-svg
6465 silly ADD node_modules/@svgr/babel-plugin-svg-em-dimensions
6466 silly ADD node_modules/@svgr/babel-plugin-svg-dynamic-title
6467 silly ADD node_modules/@svgr/babel-plugin-replace-jsx-attribute-value
6468 silly ADD node_modules/@svgr/babel-plugin-remove-jsx-empty-expression
6469 silly ADD node_modules/@svgr/babel-plugin-remove-jsx-attribute
6470 silly ADD node_modules/@svgr/babel-plugin-add-jsx-attribute
6471 silly ADD node_modules/@surma/rollup-plugin-off-main-thread
6472 silly ADD node_modules/@sinonjs/fake-timers
6473 silly ADD node_modules/@sinonjs/commons
6474 silly ADD node_modules/@rushstack/eslint-patch
6475 silly ADD node_modules/@rollup/pluginutils
6476 silly ADD node_modules/@rollup/pluginutils/node_modules/@types/estree
6477 silly ADD node_modules/@rollup/plugin-replace
6478 silly ADD node_modules/@rollup/plugin-node-resolve
6479 silly ADD node_modules/@rollup/plugin-babel
6480 silly ADD node_modules/@protobufjs/utf8
6481 silly ADD node_modules/@protobufjs/pool
6482 silly ADD node_modules/@protobufjs/path
6483 silly ADD node_modules/@protobufjs/inquire
6484 silly ADD node_modules/@protobufjs/float
6485 silly ADD node_modules/@protobufjs/fetch
6486 silly ADD node_modules/@protobufjs/eventemitter
6487 silly ADD node_modules/@protobufjs/codegen
6488 silly ADD node_modules/@protobufjs/base64
6489 silly ADD node_modules/@protobufjs/aspromise
6490 silly ADD node_modules/@pmmmwh/react-refresh-webpack-plugin
6491 silly ADD node_modules/@pmmmwh/react-refresh-webpack-plugin/node_modules/source-map
6492 silly ADD node_modules/@nodelib/fs.walk
6493 silly ADD node_modules/@nodelib/fs.stat
6494 silly ADD node_modules/@nodelib/fs.scandir
6495 silly ADD node_modules/@jridgewell/trace-mapping
6496 silly ADD node_modules/@jridgewell/sourcemap-codec
6497 silly ADD node_modules/@jridgewell/resolve-uri
6498 silly ADD node_modules/@jest/types
6499 silly ADD node_modules/@jest/types/node_modules/supports-color
6500 silly ADD node_modules/@jest/types/node_modules/has-flag
6501 silly ADD node_modules/@jest/types/node_modules/color-name
6502 silly ADD node_modules/@jest/types/node_modules/color-convert
6503 silly ADD node_modules/@jest/types/node_modules/chalk
6504 silly ADD node_modules/@jest/types/node_modules/ansi-styles
6505 silly ADD node_modules/@jest/transform
6506 silly ADD node_modules/@jest/transform/node_modules/supports-color
6507 silly ADD node_modules/@jest/transform/node_modules/source-map
6508 silly ADD node_modules/@jest/transform/node_modules/has-flag
6509 silly ADD node_modules/@jest/transform/node_modules/color-name
6510 silly ADD node_modules/@jest/transform/node_modules/color-convert
6511 silly ADD node_modules/@jest/transform/node_modules/chalk
6512 silly ADD node_modules/@jest/transform/node_modules/ansi-styles
6513 silly ADD node_modules/@jest/test-sequencer
6514 silly ADD node_modules/@jest/test-result
6515 silly ADD node_modules/@jest/source-map
6516 silly ADD node_modules/@jest/source-map/node_modules/source-map
6517 silly ADD node_modules/@jest/reporters
6518 silly ADD node_modules/@jest/reporters/node_modules/supports-color
6519 silly ADD node_modules/@jest/reporters/node_modules/source-map
6520 silly ADD node_modules/@jest/reporters/node_modules/has-flag
6521 silly ADD node_modules/@jest/reporters/node_modules/color-name
6522 silly ADD node_modules/@jest/reporters/node_modules/color-convert
6523 silly ADD node_modules/@jest/reporters/node_modules/chalk
6524 silly ADD node_modules/@jest/reporters/node_modules/ansi-styles
6525 silly ADD node_modules/@jest/globals
6526 silly ADD node_modules/@jest/fake-timers
6527 silly ADD node_modules/@jest/environment
6528 silly ADD node_modules/@jest/core
6529 silly ADD node_modules/@jest/core/node_modules/supports-color
6530 silly ADD node_modules/@jest/core/node_modules/has-flag
6531 silly ADD node_modules/@jest/core/node_modules/color-name
6532 silly ADD node_modules/@jest/core/node_modules/color-convert
6533 silly ADD node_modules/@jest/core/node_modules/chalk
6534 silly ADD node_modules/@jest/core/node_modules/ansi-styles
6535 silly ADD node_modules/@jest/console
6536 silly ADD node_modules/@jest/console/node_modules/supports-color
6537 silly ADD node_modules/@jest/console/node_modules/has-flag
6538 silly ADD node_modules/@jest/console/node_modules/color-name
6539 silly ADD node_modules/@jest/console/node_modules/color-convert
6540 silly ADD node_modules/@jest/console/node_modules/chalk
6541 silly ADD node_modules/@jest/console/node_modules/ansi-styles
6542 silly ADD node_modules/@istanbuljs/schema
6543 silly ADD node_modules/@istanbuljs/load-nyc-config
6544 silly ADD node_modules/@istanbuljs/load-nyc-config/node_modules/p-locate
6545 silly ADD node_modules/@istanbuljs/load-nyc-config/node_modules/p-limit
6546 silly ADD node_modules/@istanbuljs/load-nyc-config/node_modules/locate-path
6547 silly ADD node_modules/@istanbuljs/load-nyc-config/node_modules/find-up
6548 silly ADD node_modules/@istanbuljs/load-nyc-config/node_modules/camelcase
6549 silly ADD node_modules/@humanwhocodes/object-schema
6550 silly ADD node_modules/@humanwhocodes/config-array
6551 silly ADD node_modules/@grpc/proto-loader
6552 silly ADD node_modules/@grpc/grpc-js
6553 silly ADD node_modules/@firebase/webchannel-wrapper
6554 silly ADD node_modules/@firebase/util
6555 silly ADD node_modules/@firebase/storage-types
6556 silly ADD node_modules/@firebase/storage-compat
6557 silly ADD node_modules/@firebase/storage
6558 silly ADD node_modules/@firebase/remote-config-types
6559 silly ADD node_modules/@firebase/remote-config-compat
6560 silly ADD node_modules/@firebase/remote-config
6561 silly ADD node_modules/@firebase/polyfill
6562 silly ADD node_modules/@firebase/polyfill/node_modules/whatwg-fetch
6563 silly ADD node_modules/@firebase/polyfill/node_modules/core-js
6564 silly ADD node_modules/@firebase/performance-types
6565 silly ADD node_modules/@firebase/performance-compat
6566 silly ADD node_modules/@firebase/performance
6567 silly ADD node_modules/@firebase/messaging-interop-types
6568 silly ADD node_modules/@firebase/messaging-compat
6569 silly ADD node_modules/@firebase/messaging
6570 silly ADD node_modules/@firebase/messaging/node_modules/idb
6571 silly ADD node_modules/@firebase/logger
6572 silly ADD node_modules/@firebase/installations
6573 silly ADD node_modules/@firebase/installations/node_modules/idb
6574 silly ADD node_modules/@firebase/functions-types
6575 silly ADD node_modules/@firebase/functions-compat
6576 silly ADD node_modules/@firebase/functions
6577 silly ADD node_modules/@firebase/firestore-types
6578 silly ADD node_modules/@firebase/firestore-compat
6579 silly ADD node_modules/@firebase/firestore
6580 silly ADD node_modules/@firebase/database-types
6581 silly ADD node_modules/@firebase/database-compat
6582 silly ADD node_modules/@firebase/database
6583 silly ADD node_modules/@firebase/component
6584 silly ADD node_modules/@firebase/auth-types
6585 silly ADD node_modules/@firebase/auth-interop-types
6586 silly ADD node_modules/@firebase/auth-compat
6587 silly ADD node_modules/@firebase/auth
6588 silly ADD node_modules/@firebase/app-types
6589 silly ADD node_modules/@firebase/app-compat
6590 silly ADD node_modules/@firebase/app-check-types
6591 silly ADD node_modules/@firebase/app-check-interop-types
6592 silly ADD node_modules/@firebase/app-check-compat
6593 silly ADD node_modules/@firebase/app-check
6594 silly ADD node_modules/@firebase/app
6595 silly ADD node_modules/@firebase/app/node_modules/idb
6596 silly ADD node_modules/@firebase/analytics-types
6597 silly ADD node_modules/@firebase/analytics-compat
6598 silly ADD node_modules/@firebase/analytics
6599 silly ADD node_modules/@eslint/eslintrc
6600 silly ADD node_modules/@eslint/eslintrc/node_modules/type-fest
6601 silly ADD node_modules/@eslint/eslintrc/node_modules/js-yaml
6602 silly ADD node_modules/@eslint/eslintrc/node_modules/ignore
6603 silly ADD node_modules/@eslint/eslintrc/node_modules/globals
6604 silly ADD node_modules/@eslint/eslintrc/node_modules/argparse
6605 silly ADD node_modules/@csstools/postcss-progressive-custom-properties
6606 silly ADD node_modules/@csstools/postcss-oklab-function
6607 silly ADD node_modules/@csstools/postcss-normalize-display-values
6608 silly ADD node_modules/@csstools/postcss-is-pseudo-class
6609 silly ADD node_modules/@csstools/postcss-ic-unit
6610 silly ADD node_modules/@csstools/postcss-hwb-function
6611 silly ADD node_modules/@csstools/postcss-font-format-keywords
6612 silly ADD node_modules/@csstools/postcss-color-function
6613 silly ADD node_modules/@csstools/normalize.css
6614 silly ADD node_modules/@bcoe/v8-coverage
6615 silly ADD node_modules/@babel/types
6616 silly ADD node_modules/@babel/traverse
6617 silly ADD node_modules/@babel/template
6618 silly ADD node_modules/@babel/runtime-corejs3
6619 silly ADD node_modules/@babel/runtime
6620 silly ADD node_modules/@babel/preset-typescript
6621 silly ADD node_modules/@babel/preset-react
6622 silly ADD node_modules/@babel/preset-modules
6623 silly ADD node_modules/@babel/preset-env
6624 silly ADD node_modules/@babel/preset-env/node_modules/semver
6625 silly ADD node_modules/@babel/plugin-transform-unicode-regex
6626 silly ADD node_modules/@babel/plugin-transform-unicode-escapes
6627 silly ADD node_modules/@babel/plugin-transform-typescript
6628 silly ADD node_modules/@babel/plugin-transform-typeof-symbol
6629 silly ADD node_modules/@babel/plugin-transform-template-literals
6630 silly ADD node_modules/@babel/plugin-transform-sticky-regex
6631 silly ADD node_modules/@babel/plugin-transform-spread
6632 silly ADD node_modules/@babel/plugin-transform-shorthand-properties
6633 silly ADD node_modules/@babel/plugin-transform-runtime
6634 silly ADD node_modules/@babel/plugin-transform-runtime/node_modules/semver
6635 silly ADD node_modules/@babel/plugin-transform-reserved-words
6636 silly ADD node_modules/@babel/plugin-transform-regenerator
6637 silly ADD node_modules/@babel/plugin-transform-react-pure-annotations
6638 silly ADD node_modules/@babel/plugin-transform-react-jsx-development
6639 silly ADD node_modules/@babel/plugin-transform-react-jsx
6640 silly ADD node_modules/@babel/plugin-transform-react-display-name
6641 silly ADD node_modules/@babel/plugin-transform-react-constant-elements
6642 silly ADD node_modules/@babel/plugin-transform-property-literals
6643 silly ADD node_modules/@babel/plugin-transform-parameters
6644 silly ADD node_modules/@babel/plugin-transform-object-super
6645 silly ADD node_modules/@babel/plugin-transform-new-target
6646 silly ADD node_modules/@babel/plugin-transform-named-capturing-groups-regex
6647 silly ADD node_modules/@babel/plugin-transform-modules-umd
6648 silly ADD node_modules/@babel/plugin-transform-modules-systemjs
6649 silly ADD node_modules/@babel/plugin-transform-modules-commonjs
6650 silly ADD node_modules/@babel/plugin-transform-modules-amd
6651 silly ADD node_modules/@babel/plugin-transform-member-expression-literals
6652 silly ADD node_modules/@babel/plugin-transform-literals
6653 silly ADD node_modules/@babel/plugin-transform-function-name
6654 silly ADD node_modules/@babel/plugin-transform-for-of
6655 silly ADD node_modules/@babel/plugin-transform-flow-strip-types
6656 silly ADD node_modules/@babel/plugin-transform-exponentiation-operator
6657 silly ADD node_modules/@babel/plugin-transform-duplicate-keys
6658 silly ADD node_modules/@babel/plugin-transform-dotall-regex
6659 silly ADD node_modules/@babel/plugin-transform-destructuring
6660 silly ADD node_modules/@babel/plugin-transform-computed-properties
6661 silly ADD node_modules/@babel/plugin-transform-classes
6662 silly ADD node_modules/@babel/plugin-transform-block-scoping
6663 silly ADD node_modules/@babel/plugin-transform-block-scoped-functions
6664 silly ADD node_modules/@babel/plugin-transform-async-to-generator
6665 silly ADD node_modules/@babel/plugin-transform-arrow-functions
6666 silly ADD node_modules/@babel/plugin-syntax-typescript
6667 silly ADD node_modules/@babel/plugin-syntax-top-level-await
6668 silly ADD node_modules/@babel/plugin-syntax-private-property-in-object
6669 silly ADD node_modules/@babel/plugin-syntax-optional-chaining
6670 silly ADD node_modules/@babel/plugin-syntax-optional-catch-binding
6671 silly ADD node_modules/@babel/plugin-syntax-object-rest-spread
6672 silly ADD node_modules/@babel/plugin-syntax-numeric-separator
6673 silly ADD node_modules/@babel/plugin-syntax-nullish-coalescing-operator
6674 silly ADD node_modules/@babel/plugin-syntax-logical-assignment-operators
6675 silly ADD node_modules/@babel/plugin-syntax-jsx
6676 silly ADD node_modules/@babel/plugin-syntax-json-strings
6677 silly ADD node_modules/@babel/plugin-syntax-import-meta
6678 silly ADD node_modules/@babel/plugin-syntax-flow
6679 silly ADD node_modules/@babel/plugin-syntax-export-namespace-from
6680 silly ADD node_modules/@babel/plugin-syntax-dynamic-import
6681 silly ADD node_modules/@babel/plugin-syntax-decorators
6682 silly ADD node_modules/@babel/plugin-syntax-class-static-block
6683 silly ADD node_modules/@babel/plugin-syntax-class-properties
6684 silly ADD node_modules/@babel/plugin-syntax-bigint
6685 silly ADD node_modules/@babel/plugin-syntax-async-generators
6686 silly ADD node_modules/@babel/plugin-proposal-unicode-property-regex
6687 silly ADD node_modules/@babel/plugin-proposal-private-property-in-object
6688 silly ADD node_modules/@babel/plugin-proposal-private-methods
6689 silly ADD node_modules/@babel/plugin-proposal-optional-chaining
6690 silly ADD node_modules/@babel/plugin-proposal-optional-catch-binding
6691 silly ADD node_modules/@babel/plugin-proposal-object-rest-spread
6692 silly ADD node_modules/@babel/plugin-proposal-numeric-separator
6693 silly ADD node_modules/@babel/plugin-proposal-nullish-coalescing-operator
6694 silly ADD node_modules/@babel/plugin-proposal-logical-assignment-operators
6695 silly ADD node_modules/@babel/plugin-proposal-json-strings
6696 silly ADD node_modules/@babel/plugin-proposal-export-namespace-from
6697 silly ADD node_modules/@babel/plugin-proposal-dynamic-import
6698 silly ADD node_modules/@babel/plugin-proposal-decorators
6699 silly ADD node_modules/@babel/plugin-proposal-class-static-block
6700 silly ADD node_modules/@babel/plugin-proposal-class-properties
6701 silly ADD node_modules/@babel/plugin-proposal-async-generator-functions
6702 silly ADD node_modules/@babel/plugin-bugfix-v8-spread-parameters-in-optional-chaining
6703 silly ADD node_modules/@babel/plugin-bugfix-safari-id-destructuring-collision-in-function-expression
6704 silly ADD node_modules/@babel/parser
6705 silly ADD node_modules/@babel/highlight
6706 silly ADD node_modules/@babel/helpers
6707 silly ADD node_modules/@babel/helper-wrap-function
6708 silly ADD node_modules/@babel/helper-validator-option
6709 silly ADD node_modules/@babel/helper-validator-identifier
6710 silly ADD node_modules/@babel/helper-split-export-declaration
6711 silly ADD node_modules/@babel/helper-skip-transparent-expression-wrappers
6712 silly ADD node_modules/@babel/helper-simple-access
6713 silly ADD node_modules/@babel/helper-replace-supers
6714 silly ADD node_modules/@babel/helper-remap-async-to-generator
6715 silly ADD node_modules/@babel/helper-plugin-utils
6716 silly ADD node_modules/@babel/helper-optimise-call-expression
6717 silly ADD node_modules/@babel/helper-module-transforms
6718 silly ADD node_modules/@babel/helper-module-imports
6719 silly ADD node_modules/@babel/helper-member-expression-to-functions
6720 silly ADD node_modules/@babel/helper-hoist-variables
6721 silly ADD node_modules/@babel/helper-get-function-arity
6722 silly ADD node_modules/@babel/helper-function-name
6723 silly ADD node_modules/@babel/helper-explode-assignable-expression
6724 silly ADD node_modules/@babel/helper-environment-visitor
6725 silly ADD node_modules/@babel/helper-define-polyfill-provider
6726 silly ADD node_modules/@babel/helper-define-polyfill-provider/node_modules/semver
6727 silly ADD node_modules/@babel/helper-create-regexp-features-plugin
6728 silly ADD node_modules/@babel/helper-create-class-features-plugin
6729 silly ADD node_modules/@babel/helper-compilation-targets
6730 silly ADD node_modules/@babel/helper-compilation-targets/node_modules/semver
6731 silly ADD node_modules/@babel/helper-builder-binary-assignment-operator-visitor
6732 silly ADD node_modules/@babel/helper-annotate-as-pure
6733 silly ADD node_modules/@babel/generator
6734 silly ADD node_modules/@babel/eslint-parser
6735 silly ADD node_modules/@babel/eslint-parser/node_modules/semver
6736 silly ADD node_modules/@babel/eslint-parser/node_modules/estraverse
6737 silly ADD node_modules/@babel/eslint-parser/node_modules/eslint-visitor-keys
6738 silly ADD node_modules/@babel/eslint-parser/node_modules/eslint-scope
6739 silly ADD node_modules/@babel/core
6740 silly ADD node_modules/@babel/core/node_modules/semver
6741 silly ADD node_modules/@babel/compat-data
6742 silly ADD node_modules/@babel/code-frame
6743 silly ADD node_modules/@ampproject/remapping
6744 verbose cwd /Users/gabrielmoore/NFT MarketPlace Internship/gabriel-moore-internship
6745 verbose os Darwin 24.6.0
6746 verbose node v24.13.1
6747 verbose npm  v11.8.0
6748 notice
6748 notice New minor version of npm available! 11.8.0 -> 11.15.0
6748 notice Changelog: https://github.com/npm/cli/releases/tag/v11.15.0
6748 notice To update run: npm install -g npm@11.15.0
6748 notice  { force: true, Symbol(proc-log.meta): true }
6749 verbose exit 0
6750 info ok
